id,transaction_id,amlsim_step,amlsim_type,amount,old_balance_orig,new_balance_orig,old_balance_dest,new_balance_dest,is_fraud_label,is_flagged_fraud,sender_id,receiver_id,transaction_type,device,location_city,location_state,lat,lng,purpose,loan_ref,risk_score,risk_level,anomaly_score,anomaly_factors,status,timestamp,created_at
1,TXN-100001,1,TRANSFER,16090.0,106554.12,90464.12,39448.09,55538.09,0,0,82,96,NEFT,Branch Terminal POS,Pune,Maharashtra,18.5259,73.8215,Emergency Healthcare Advance,,11.8,low,0.3890428388877182,"[""Normal transaction parameters consistent with account baseline""]",completed,2026-09-14 00:15:00.000000,2026-09-16 18:32:55
2,TXN-100002,1,TRANSFER,4854.61,83776.84,78922.23,48773.67,53628.28,0,0,36,18,RTGS,Branch Terminal POS,Chennai,Tamil Nadu,13.1044,80.2817,Member Share Capital Dividend,,0.3,low,0.3489611471630202,"[""Normal transaction parameters consistent with account baseline""]",completed,2026-09-14 00:28:00.000000,2026-09-16 18:32:55
3,TXN-100003,1,TRANSFER,2881.14,44887.52,42006.38,36940.54,39821.68,0,0,29,37,IMPS,Mobile - Android (CoopPay App),Surat,Gujarat,21.1842,72.80990000000001,Micro-Savings Recurring Deposit,,4.9,low,0.36485019542439273,"[""Normal transaction parameters consistent with account baseline""]",completed,2026-09-14 00:28:00.000000,2026-09-16 18:32:55
4,TXN-100004,1,TRANSFER,4272.95,50496.3,46223.35,36589.25,40862.2,0,0,49,110,NEFT,Branch Terminal POS,Mumbai,Maharashtra,19.073900000000002,72.9098,Member Share Capital Dividend,,4.9,low,0.3650264590325491,"[""Normal transaction parameters consistent with account baseline""]",completed,2026-09-14 00:29:00.000000,2026-09-16 18:32:55
5,TXN-100005,1,PAYMENT,1508.13,55076.41,53568.28,414212.52,415720.65,0,0,45,199,UPI,Mobile - Android (CoopPay App),Surat,Gujarat,21.130300000000002,72.86510000000001,Solar Pump Subsidy Disbursal,,15.7,low,0.4024317136541617,"[""Normal transaction parameters consistent with account baseline""]",completed,2026-09-14 00:27:00.000000,2026-09-16 18:32:55
6,TXN-100006,1,TRANSFER,437.93,72464.2,72026.27,71570.78,72008.71,0,0,98,12,RTGS,Branch Terminal POS,Pune,Maharashtra,18.5246,73.8602,Solar Pump Subsidy Disbursal,,26.1,low,0.4387004870232567,"[""Normal transaction parameters consistent with account baseline""]",completed,2026-09-14 00:23:00.000000,2026-09-16 18:32:55
7,TXN-100007,1,TRANSFER,841.52,35384.21,34542.69,51531.25,52372.77,0,0,104,55,NEFT,Branch Terminal POS,Mysuru,Karnataka,12.3281,76.6031,Solar Pump Subsidy Disbursal,,42.1,medium,0.4944490959375338,[],completed,2026-09-14 00:29:00.000000,2026-09-16 18:32:55
8,TXN-100008,1,DEBIT,3261.09,38645.3,35384.21,69203.11,72464.2,0,0,104,98,Branch Cashier,Branch Terminal POS,Mysuru,Karnataka,12.3281,76.6031,Dairy Cooperative Milk Payout,,32.3,low,0.46031717117449933,[],completed,2026-09-14 00:15:00.000000,2026-09-16 18:32:55
9,TXN-100009,1,PAYMENT,2959.52,50147.12,47187.6,182116.33,185075.85,0,0,4,198,Micro-ATM,Branch Terminal POS,Chennai,Tamil Nadu,13.1034,80.24350000000001,Member Share Capital Dividend,,13.9,low,0.39630377257171123,"[""Normal transaction parameters consistent with account baseline""]",completed,2026-09-14 00:21:00.000000,2026-09-16 18:32:55
10,TXN-100010,1,CASH_OUT,14547.6,48059.23,33511.63,64961.82,79509.42,0,0,84,54,Branch Cashier,Branch Terminal POS,Chennai,Tamil Nadu,13.045300000000001,80.25370000000001,Micro-Savings Recurring Deposit,,22.2,low,0.42518048561121774,"[""Normal transaction parameters consistent with account baseline""]",completed,2026-09-14 00:18:00.000000,2026-09-16 18:32:55
11,TXN-100011,1,PAYMENT,2981.71,69185.34,66203.63,366117.84,369099.55,0,0,115,196,UPI,Mobile - Android (CoopPay App),Nagpur,Maharashtra,21.142200000000003,79.102,Tractor Equipment Finance,,19.8,low,0.4168432959399067,"[""Normal transaction parameters consistent with account baseline""]",completed,2026-09-14 00:15:00.000000,2026-09-16 18:32:55
12,TXN-100012,1,TRANSFER,5812.19,40886.06,35073.87,40482.96,46295.15,0,0,44,28,RTGS,Branch Terminal POS,Ahmedabad,Gujarat,23.0102,72.5943,Tractor Equipment Finance,,1.2,low,0.3519573984180804,"[""Normal transaction parameters consistent with account baseline""]",completed,2026-09-14 00:22:00.000000,2026-09-16 18:32:55
13,TXN-100013,1,TRANSFER,8068.58,48551.54,40482.96,24653.31,32721.89,0,0,28,79,UPI,Mobile - Android (CoopPay App),Ahmedabad,Gujarat,22.9871,72.57809999999999,Dairy Cooperative Milk Payout,,4.2,low,0.36260848140283763,"[""Normal transaction parameters consistent with account baseline""]",completed,2026-09-14 00:23:00.000000,2026-09-16 18:32:55
14,TXN-100014,1,TRANSFER,7023.17,58554.42,51531.25,64547.61,71570.78,0,0,55,12,IMPS,Mobile - Android (CoopPay App),Bengaluru,Karnataka,12.991100000000001,77.5926,Tractor Equipment Finance,,6.6,low,0.3706736580363829,"[""Normal transaction parameters consistent with account baseline""]",completed,2026-09-14 00:21:00.000000,2026-09-16 18:32:55
15,TXN-100015,1,TRANSFER,4725.2,63946.05,59220.85,55538.09,60263.29,0,0,95,96,NEFT,Branch Terminal POS,Lucknow,Uttar Pradesh,26.885099999999998,80.9257,Emergency Healthcare Advance,,2.4,low,0.3562381950091564,"[""Normal transaction parameters consistent with account baseline""]",completed,2026-09-14 00:26:00.000000,2026-09-16 18:32:55
16,TXN-100016,2,TRANSFER,5001.25,40862.2,35860.95,103234.21,108235.46,0,0,110,13,UPI,Mobile - Android (CoopPay App),Jaipur,Rajasthan,26.934700000000003,75.8252,Emergency Healthcare Advance,,1.2,low,0.35188972781292366,"[""Normal transaction parameters consistent with account baseline""]",completed,2026-09-14 00:35:00.000000,2026-09-16 18:32:55
17,TXN-100017,2,TRANSFER,1780.27,56337.72,54557.45,48600.97,50381.24,0,0,107,48,IMPS,Mobile - Android (CoopPay App),Delhi,Delhi,28.736,77.09970000000001,Micro-Savings Recurring Deposit,,10.4,low,0.3839889317720894,"[""Normal transaction parameters consistent with account baseline""]",completed,2026-09-14 00:30:00.000000,2026-09-16 18:32:55
18,TXN-100018,2,TRANSFER,6538.93,107140.7,100601.77,87203.87,93742.8,0,0,46,35,NEFT,Branch Terminal POS,Jaipur,Rajasthan,26.8975,75.8151,Dairy Cooperative Milk Payout,,2.7,low,0.35734536323281946,"[""Normal transaction parameters consistent with account baseline""]",completed,2026-09-14 00:38:00.000000,2026-09-16 18:32:55
19,TXN-100019,2,PAYMENT,3212.83,58286.96,55074.13,185075.85,188288.68,0,0,47,198,Micro-ATM,Branch Terminal POS,Lucknow,Uttar Pradesh,26.8599,80.93650000000001,Self-Help Group (SHG) Pool Contribution,,14.7,low,0.399193985814606,"[""Normal transaction parameters consistent with account baseline""]",completed,2026-09-14 00:36:00.000000,2026-09-16 18:32:55
20,TXN-100020,2,TRANSFER,5256.42,63043.59,57787.17,29516.48,34772.9,0,0,60,120,UPI,Mobile - Android (CoopPay App),Ahmedabad,Gujarat,23.0094,72.5857,Fertilizer & Seed Procurement,,6.4,low,0.3701463726483563,"[""Normal transaction parameters consistent with account baseline""]",completed,2026-09-14 00:34:00.000000,2026-09-16 18:32:55
21,TXN-100021,2,PAYMENT,195.52,19603.72,19408.2,326753.25,326948.77,0,0,10,189,Micro-ATM,Branch Terminal POS,Warangal,Telangana,17.961000000000002,79.5594,Micro-Savings Recurring Deposit,,48.7,medium,0.5174764552617194,[],completed,2026-09-14 00:31:00.000000,2026-09-16 18:32:55
22,TXN-100022,2,CASH_OUT,5126.41,57575.9,52449.49,80143.62,85270.03,0,0,69,21,Branch Cashier,Branch Terminal POS,Coimbatore,Tamil Nadu,11.0334,76.9506,Micro-Savings Recurring Deposit,,19.1,low,0.4144152987391264,"[""Normal transaction parameters consistent with account baseline""]",completed,2026-09-14 00:42:00.000000,2026-09-16 18:32:55
23,TXN-100023,2,TRANSFER,9752.71,46223.35,36470.64,38050.84,47803.55,0,0,49,83,NEFT,Branch Terminal POS,Mumbai,Maharashtra,19.073900000000002,72.9098,Fertilizer & Seed Procurement,,7.8,low,0.37490559935263496,"[""Normal transaction parameters consistent with account baseline""]",completed,2026-09-14 00:38:00.000000,2026-09-16 18:32:55
24,TXN-100024,2,CASH_OUT,2394.6,78343.0,75948.4,147199.71,149594.31,0,0,6,70,Branch Cashier,Branch Terminal POS,Madurai,Tamil Nadu,9.9087,78.1301,Self-Help Group (SHG) Pool Contribution,,31.0,low,0.4557443098560707,[],completed,2026-09-14 00:33:00.000000,2026-09-16 18:32:55
25,TXN-100025,2,TRANSFER,3102.8,62509.48,59406.68,64828.34,67931.14,0,0,9,31,UPI,Mobile - Android (CoopPay App),Hyderabad,Telangana,17.375400000000003,78.5259,Agricultural Crop Loan EMI,LON-15100,1.1,low,0.35152354569312033,"[""Normal transaction parameters consistent with account baseline""]",completed,2026-09-14 00:36:00.000000,2026-09-16 18:32:55
26,TXN-100026,2,TRANSFER,1083.28,34342.88,33259.6,33478.2,34561.48,0,0,99,11,NEFT,Branch Terminal POS,Nagpur,Maharashtra,21.1654,79.1046,Solar Pump Subsidy Disbursal,,12.0,low,0.389646447095132,"[""Normal transaction parameters consistent with account baseline""]",completed,2026-09-14 00:32:00.000000,2026-09-16 18:32:55
27,TXN-100027,2,CASH_IN,15180.0,15000.0,30180.0,58924.94,74104.94,0,0,155,16,Branch Cashier,Branch Terminal POS,Delhi,Delhi,28.6762,77.0674,Solar Pump Subsidy Disbursal,,53.5,medium,0.5340421005089302,"[""Multi-dimensional behavioral anomaly flagged by Isolation Forest scoring engine""]",completed,2026-09-14 00:38:00.000000,2026-09-16 18:32:55
28,TXN-100028,2,DEBIT,779.87,78810.47,78030.6,47803.55,48583.42,0,0,90,83,Branch Cashier,Branch Terminal POS,Warangal,Telangana,17.997500000000002,79.5805,Self-Help Group (SHG) Pool Contribution,,13.0,low,0.3931909213960153,"[""Normal transaction parameters consistent with account baseline""]",completed,2026-09-14 00:32:00.000000,2026-09-16 18:32:55
29,TXN-100029,2,PAYMENT,168.51,35387.26,35218.75,414706.79,414875.3,0,0,81,200,Micro-ATM,Branch Terminal POS,Mumbai,Maharashtra,19.0993,72.8558,Micro-Savings Recurring Deposit,,47.4,medium,0.5128884147184273,[],completed,2026-09-14 00:32:00.000000,2026-09-16 18:32:55
30,TXN-100030,2,PAYMENT,155.76,33633.96,33478.2,414551.03,414706.79,0,0,11,200,Micro-ATM,Branch Terminal POS,Delhi,Delhi,28.6853,77.0822,Tractor Equipment Finance,,50.1,medium,0.5224341829627078,"[""Multi-dimensional behavioral anomaly flagged by Isolation Forest scoring engine""]",completed,2026-09-14 00:32:00.000000,2026-09-16 18:32:55
31,TXN-100031,3,TRANSFER,2735.13,93742.8,91007.67,25194.53,27929.66,0,0,35,118,NEFT,Branch Terminal POS,Nagpur,Maharashtra,21.174,79.0886,Self-Help Group (SHG) Pool Contribution,,2.1,low,0.35520871499860496,"[""Normal transaction parameters consistent with account baseline""]",completed,2026-09-14 00:54:00.000000,2026-09-16 18:32:55
32,TXN-100032,3,PAYMENT,442.55,32812.56,32370.01,415720.65,416163.2,0,0,20,199,Micro-ATM,Branch Terminal POS,Chennai,Tamil Nadu,13.099300000000001,80.2354,Tractor Equipment Finance,,27.6,low,0.44404800215069135,"[""Normal transaction parameters consistent with account baseline""]",completed,2026-09-14 00:58:00.000000,2026-09-16 18:32:55
33,TXN-100033,3,TRANSFER,3618.09,119627.12,116009.03,43040.21,46658.3,0,0,97,15,UPI,Mobile - Android (CoopPay App),Mumbai,Maharashtra,19.103,72.8841,Micro-Savings Recurring Deposit,,6.4,low,0.3702114609729751,"[""Normal transaction parameters consistent with account baseline""]",completed,2026-09-14 00:52:00.000000,2026-09-16 18:32:55
34,TXN-100034,3,PAYMENT,2243.16,53628.28,51385.12,93729.42,95972.58,0,0,18,188,UPI,Mobile - Android (CoopPay App),Pune,Maharashtra,18.5184,73.86070000000001,Emergency Healthcare Advance,,15.0,low,0.40007323391936733,"[""Normal transaction parameters consistent with account baseline""]",completed,2026-09-14 00:50:00.000000,2026-09-16 18:32:55
35,TXN-100035,3,PAYMENT,6017.28,60117.07,54099.79,440182.54,446199.82,0,0,96,201,Micro-ATM,Branch Terminal POS,Kochi,Kerala,9.9603,76.24940000000001,Agricultural Crop Loan EMI,LON-88238,39.5,medium,0.48524202095065094,[],completed,2026-09-14 00:54:00.000000,2026-09-16 18:32:55
36,TXN-100036,3,CASH_OUT,4920.89,107723.81,102802.92,83239.59,88160.48,0,0,5,53,Branch Cashier,Branch Terminal POS,Coimbatore,Tamil Nadu,11.0072,76.94449999999999,Tractor Equipment Finance,,13.6,low,0.3951122513340599,"[""Normal transaction parameters consistent with account baseline""]",completed,2026-09-14 00:52:00.000000,2026-09-16 18:32:55
37,TXN-100037,3,TRANSFER,8617.24,60923.91,52306.67,78981.89,87599.13,0,0,88,100,IMPS,Mobile - Android (CoopPay App),Mysuru,Karnataka,12.3215,76.6455,Agricultural Crop Loan EMI,LON-86483,5.8,low,0.3681757597406653,"[""Normal transaction parameters consistent with account baseline""]",completed,2026-09-14 00:55:00.000000,2026-09-16 18:32:55
38,TXN-100038,3,PAYMENT,1926.17,90464.12,88537.95,495524.23,497450.4,0,0,82,190,UPI,Mobile - Android (CoopPay App),Pune,Maharashtra,18.5259,73.8215,Self-Help Group (SHG) Pool Contribution,,13.0,low,0.3931072312203881,"[""Normal transaction parameters consistent with account baseline""]",completed,2026-09-14 00:52:00.000000,2026-09-16 18:32:55
39,TXN-100039,3,TRANSFER,11950.49,100803.84,88853.35,42006.38,53956.87,0,0,75,29,RTGS,Branch Terminal POS,Delhi,Delhi,28.6858,77.0826,Fertilizer & Seed Procurement,,3.8,low,0.3610529602215334,"[""Normal transaction parameters consistent with account baseline""]",completed,2026-09-14 00:55:00.000000,2026-09-16 18:32:55
40,TXN-100040,3,TRANSFER,731.08,55650.84,54919.76,40221.25,40952.33,0,0,19,33,IMPS,Mobile - Android (CoopPay App),Nagpur,Maharashtra,21.125600000000002,79.05330000000001,Agricultural Crop Loan EMI,LON-85047,16.0,low,0.4035888552313474,"[""Normal transaction parameters consistent with account baseline""]",completed,2026-09-14 00:58:00.000000,2026-09-16 18:32:55
41,TXN-100041,3,PAYMENT,668.53,46295.15,45626.62,444817.88,445486.41,0,0,28,193,UPI,Mobile - Android (CoopPay App),Ahmedabad,Gujarat,22.9871,72.57809999999999,Member Share Capital Dividend,,21.0,low,0.4211250770116502,"[""Normal transaction parameters consistent with account baseline""]",completed,2026-09-14 00:56:00.000000,2026-09-16 18:32:55
42,TXN-100042,3,DEBIT,3956.89,76623.08,72666.19,64032.41,67989.3,0,0,114,59,Branch Cashier,Branch Terminal POS,Pune,Maharashtra,18.517899999999997,73.8227,Solar Pump Subsidy Disbursal,,5.9,low,0.3682262528109803,"[""Normal transaction parameters consistent with account baseline""]",completed,2026-09-14 00:45:00.000000,2026-09-16 18:32:55
43,TXN-100043,3,DEBIT,10506.75,91156.61,80649.86,79814.23,90320.98,0,0,73,41,Branch Cashier,Branch Terminal POS,Hyderabad,Telangana,17.405700000000003,78.50189999999999,Emergency Healthcare Advance,,13.6,low,0.3952636860084262,"[""Normal transaction parameters consistent with account baseline""]",completed,2026-09-14 00:50:00.000000,2026-09-16 18:32:55
44,TXN-100044,3,PAYMENT,146.22,60263.29,60117.07,113037.81,113184.03,0,0,96,191,Micro-ATM,Branch Terminal POS,Kochi,Kerala,9.9603,76.24940000000001,Member Share Capital Dividend,,68.7,high,0.5869577478771039,"[""Multi-dimensional behavioral anomaly flagged by Isolation Forest scoring engine""]",flagged,2026-09-14 00:47:00.000000,2026-09-16 18:32:55
45,TXN-100045,3,TRANSFER,24403.12,87599.13,63196.01,54557.45,78960.57,0,0,100,107,RTGS,Branch Terminal POS,Chennai,Tamil Nadu,13.119900000000001,80.2573,Agricultural Crop Loan EMI,LON-28098,14.3,low,0.3975292002191235,"[""Normal transaction parameters consistent with account baseline""]",completed,2026-09-14 00:51:00.000000,2026-09-16 18:32:55
46,TXN-100046,4,TRANSFER,2072.04,65776.9,63704.86,26739.15,28811.19,0,0,50,61,IMPS,Mobile - Android (CoopPay App),Pune,Maharashtra,18.5342,73.8347,Self-Help Group (SHG) Pool Contribution,,3.7,low,0.3606531979683398,"[""Normal transaction parameters consistent with account baseline""]",completed,2026-09-14 01:08:00.000000,2026-09-16 18:32:55
47,TXN-100047,4,CASH_OUT,2334.68,52449.49,50114.81,63196.01,65530.69,0,0,69,100,Branch Cashier,Branch Terminal POS,Coimbatore,Tamil Nadu,11.0334,76.9506,Solar Pump Subsidy Disbursal,,17.8,low,0.4098564570126616,"[""Normal transaction parameters consistent with account baseline""]",completed,2026-09-14 01:05:00.000000,2026-09-16 18:32:55
48,TXN-100048,4,CASH_OUT,6349.2,62945.31,56596.11,54092.23,60441.43,0,0,65,66,Branch Cashier,Branch Terminal POS,Mumbai,Maharashtra,19.098200000000002,72.8508,Emergency Healthcare Advance,,18.1,low,0.4109169189679877,"[""Normal transaction parameters consistent with account baseline""]",completed,2026-09-14 01:08:00.000000,2026-09-16 18:32:55
49,TXN-100049,4,TRANSFER,7216.04,40156.78,32940.74,66203.63,73419.67,0,0,93,115,IMPS,Mobile - Android (CoopPay App),Surat,Gujarat,21.1399,72.869,Solar Pump Subsidy Disbursal,,26.4,low,0.43974149183087097,"[""Normal transaction parameters consistent with account baseline""]",completed,2026-09-14 01:05:00.000000,2026-09-16 18:32:55
50,TXN-100050,4,DEBIT,5453.5,32940.74,27487.24,73400.14,78853.64,0,0,93,34,Branch Cashier,Branch Terminal POS,Surat,Gujarat,21.1399,72.869,Self-Help Group (SHG) Pool Contribution,,34.7,low,0.4687985215099089,[],completed,2026-09-14 01:14:00.000000,2026-09-16 18:32:55
51,TXN-100051,4,DEBIT,8350.02,32573.87,24223.85,51000.89,59350.91,0,0,111,88,Branch Cashier,Branch Terminal POS,Lucknow,Uttar Pradesh,26.8219,80.9263,Self-Help Group (SHG) Pool Contribution,,11.6,low,0.38831906284096473,"[""Normal transaction parameters consistent with account baseline""]",completed,2026-09-14 01:05:00.000000,2026-09-16 18:32:55
52,TXN-100052,4,TRANSFER,9418.18,72026.27,62608.09,84869.89,94288.07,0,0,98,101,NEFT,Branch Terminal POS,Pune,Maharashtra,18.5246,73.8602,Solar Pump Subsidy Disbursal,,9.1,low,0.37934489062850985,"[""Normal transaction parameters consistent with account baseline""]",completed,2026-09-14 01:05:00.000000,2026-09-16 18:32:55
53,TXN-100053,4,TRANSFER,1305.78,52306.67,51000.89,59406.68,60712.46,0,0,88,9,IMPS,Mobile - Android (CoopPay App),Mysuru,Karnataka,12.3215,76.6455,Tractor Equipment Finance,,12.3,low,0.3907598447218714,"[""Normal transaction parameters consistent with account baseline""]",completed,2026-09-14 01:03:00.000000,2026-09-16 18:32:55
54,TXN-100054,4,TRANSFER,3736.25,36791.91,33055.66,35218.75,38955.0,0,0,117,81,NEFT,Branch Terminal POS,Coimbatore,Tamil Nadu,11.0496,76.94,Member Share Capital Dividend,,4.2,low,0.3625021306189219,"[""Normal transaction parameters consistent with account baseline""]",completed,2026-09-14 01:08:00.000000,2026-09-16 18:32:55
55,TXN-100055,4,TRANSFER,5379.14,55315.49,49936.35,64186.37,69565.51,0,0,68,72,NEFT,Branch Terminal POS,Chennai,Tamil Nadu,13.083200000000001,80.25800000000001,Member Share Capital Dividend,,2.0,low,0.3548960342685801,"[""Normal transaction parameters consistent with account baseline""]",completed,2026-09-14 01:04:00.000000,2026-09-16 18:32:55
56,TXN-100056,4,PAYMENT,126.1,61735.31,61609.21,306527.53,306653.63,0,0,119,187,Micro-ATM,Branch Terminal POS,Bengaluru,Karnataka,12.9786,77.6127,Micro-Savings Recurring Deposit,,62.7,high,0.5661485098970139,"[""Multi-dimensional behavioral anomaly flagged by Isolation Forest scoring engine""]",flagged,2026-09-14 01:11:00.000000,2026-09-16 18:32:55
57,TXN-100057,4,TRANSFER,8903.61,85050.23,76146.62,69888.42,78792.03,0,0,56,1,NEFT,Branch Terminal POS,Mysuru,Karnataka,12.262,76.6223,Self-Help Group (SHG) Pool Contribution,,7.4,low,0.37343409294931945,"[""Normal transaction parameters consistent with account baseline""]",completed,2026-09-14 01:07:00.000000,2026-09-16 18:32:55
58,TXN-100058,4,TRANSFER,20337.67,48583.42,28245.75,48360.67,68698.34,0,0,83,38,NEFT,Branch Terminal POS,Nagpur,Maharashtra,21.125,79.0924,Tractor Equipment Finance,,12.3,low,0.3908076405790381,"[""Normal transaction parameters consistent with account baseline""]",completed,2026-09-14 01:14:00.000000,2026-09-16 18:32:55
59,TXN-100059,4,TRANSFER,3060.09,42565.29,39505.2,50381.24,53441.33,0,0,78,48,RTGS,Branch Terminal POS,Jaipur,Rajasthan,26.9234,75.8075,Emergency Healthcare Advance,,2.4,low,0.3560055734773655,"[""Normal transaction parameters consistent with account baseline""]",completed,2026-09-14 01:01:00.000000,2026-09-16 18:32:55
60,TXN-100060,4,CASH_OUT,2050.3,44474.18,42423.88,60441.43,62491.73,0,0,39,66,Branch Cashier,Branch Terminal POS,Bengaluru,Karnataka,13.0097,77.6195,Micro-Savings Recurring Deposit,,19.0,low,0.41414462669117025,"[""Normal transaction parameters consistent with account baseline""]",completed,2026-09-14 01:13:00.000000,2026-09-16 18:32:55
61,TXN-100061,5,CASH_OUT,869.22,50114.81,49245.59,41828.15,42697.37,0,0,69,17,Branch Cashier,Branch Terminal POS,Coimbatore,Tamil Nadu,11.0334,76.9506,Fertilizer & Seed Procurement,,25.5,low,0.4366587930919704,"[""Normal transaction parameters consistent with account baseline""]",completed,2026-09-14 01:27:00.000000,2026-09-16 18:32:55
62,TXN-100062,5,TRANSFER,8105.56,34561.48,26455.92,67140.8,75246.36,0,0,11,64,UPI,Mobile - Android (CoopPay App),Delhi,Delhi,28.6853,77.0822,Tractor Equipment Finance,,18.8,low,0.41329983954483723,"[""Normal transaction parameters consistent with account baseline""]",completed,2026-09-14 01:19:00.000000,2026-09-16 18:32:55
63,TXN-100063,5,TRANSFER,4378.1,54024.98,49646.88,62608.09,66986.19,0,0,105,98,UPI,Mobile - Android (CoopPay App),Hyderabad,Telangana,17.387500000000003,78.492,Micro-Savings Recurring Deposit,,1.7,low,0.3536112092544583,"[""Normal transaction parameters consistent with account baseline""]",completed,2026-09-14 01:26:00.000000,2026-09-16 18:32:55
64,TXN-100064,5,CASH_OUT,470.28,78960.57,78490.29,67931.14,68401.42,0,0,107,31,Branch Cashier,Branch Terminal POS,Delhi,Delhi,28.736,77.09970000000001,Solar Pump Subsidy Disbursal,,37.8,medium,0.4796227546157042,[],completed,2026-09-14 01:29:00.000000,2026-09-16 18:32:55
65,TXN-100065,5,TRANSFER,4369.43,29939.59,25570.16,50404.63,54774.06,0,0,22,113,NEFT,Branch Terminal POS,Madurai,Tamil Nadu,9.9379,78.1081,Solar Pump Subsidy Disbursal,,7.1,low,0.37255300719035517,"[""Normal transaction parameters consistent with account baseline""]",completed,2026-09-14 01:25:00.000000,2026-09-16 18:32:55
66,TXN-100066,5,PAYMENT,1317.73,79846.79,78529.06,363657.08,364974.81,0,0,85,195,UPI,Mobile - Android (CoopPay App),Coimbatore,Tamil Nadu,11.0411,76.9316,Self-Help Group (SHG) Pool Contribution,,18.5,low,0.41235573127296715,"[""Normal transaction parameters consistent with account baseline""]",completed,2026-09-14 01:18:00.000000,2026-09-16 18:32:55
67,TXN-100067,5,TRANSFER,12772.32,71275.11,58502.79,77841.41,90613.73,0,0,8,74,NEFT,Branch Terminal POS,Mysuru,Karnataka,12.3119,76.6541,Fertilizer & Seed Procurement,,3.9,low,0.3613111512687322,"[""Normal transaction parameters consistent with account baseline""]",completed,2026-09-14 01:19:00.000000,2026-09-16 18:32:55
68,TXN-100068,5,TRANSFER,3504.19,63010.7,59506.51,51323.73,54827.92,0,0,89,40,IMPS,Mobile - Android (CoopPay App),Hyderabad,Telangana,17.3958,78.486,Member Share Capital Dividend,,3.5,low,0.3600482532554032,"[""Normal transaction parameters consistent with account baseline""]",completed,2026-09-14 01:16:00.000000,2026-09-16 18:32:55
69,TXN-100069,5,TRANSFER,1436.27,39505.2,38068.93,45626.62,47062.89,0,0,78,28,IMPS,Mobile - Android (CoopPay App),Jaipur,Rajasthan,26.9234,75.8075,Member Share Capital Dividend,,4.9,low,0.3649443749759411,"[""Normal transaction parameters consistent with account baseline""]",completed,2026-09-14 01:15:00.000000,2026-09-16 18:32:55
70,TXN-100070,5,DEBIT,6752.74,39701.03,32948.29,67989.3,74742.04,0,0,57,59,Branch Cashier,Branch Terminal POS,Hyderabad,Telangana,17.375600000000002,78.4589,Dairy Cooperative Milk Payout,,6.1,low,0.36902773152589213,"[""Normal transaction parameters consistent with account baseline""]",completed,2026-09-14 01:15:00.000000,2026-09-16 18:32:55
71,TXN-100071,5,DEBIT,506.11,46658.3,46152.19,72666.19,73172.3,0,0,15,114,Branch Cashier,Branch Terminal POS,Lucknow,Uttar Pradesh,26.847299999999997,80.91470000000001,Micro-Savings Recurring Deposit,,24.6,low,0.43353744041383496,"[""Normal transaction parameters consistent with account baseline""]",completed,2026-09-14 01:21:00.000000,2026-09-16 18:32:55
72,TXN-100072,5,TRANSFER,1001.97,34047.06,33045.09,50146.72,51148.69,0,0,77,3,RTGS,Branch Terminal POS,Surat,Gujarat,21.154400000000003,72.8477,Dairy Cooperative Milk Payout,,11.3,low,0.38722019224665455,"[""Normal transaction parameters consistent with account baseline""]",completed,2026-09-14 01:26:00.000000,2026-09-16 18:32:55
73,TXN-100073,5,TRANSFER,501.36,74104.94,73603.58,60712.46,61213.82,0,0,16,9,IMPS,Mobile - Android (CoopPay App),Kochi,Kerala,9.952200000000001,76.27050000000001,Agricultural Crop Loan EMI,LON-82135,23.2,low,0.4286890991713344,"[""Normal transaction parameters consistent with account baseline""]",completed,2026-09-14 01:25:00.000000,2026-09-16 18:32:55
74,TXN-100074,5,CASH_IN,15780.4,15000.0,30780.4,43974.02,59754.42,0,0,153,52,Branch Cashier,Branch Terminal POS,Hyderabad,Telangana,17.349600000000002,78.5132,Fertilizer & Seed Procurement,,51.4,medium,0.5268304995616201,"[""Multi-dimensional behavioral anomaly flagged by Isolation Forest scoring engine""]",completed,2026-09-14 01:29:00.000000,2026-09-16 18:32:55
75,TXN-100075,5,PAYMENT,1124.02,61609.21,60485.19,188288.68,189412.7,0,0,119,198,Micro-ATM,Branch Terminal POS,Bengaluru,Karnataka,12.9786,77.6127,Solar Pump Subsidy Disbursal,,16.2,low,0.4043051554232651,"[""Normal transaction parameters consistent with account baseline""]",completed,2026-09-14 01:21:00.000000,2026-09-16 18:32:55
76,TXN-100076,6,TRANSFER,374.65,28811.19,28436.54,45788.08,46162.73,0,0,61,62,IMPS,Mobile - Android (CoopPay App),Surat,Gujarat,21.151,72.8173,Tractor Equipment Finance,,29.3,low,0.4497442428052307,"[""Normal transaction parameters consistent with account baseline""]",completed,2026-09-14 01:40:00.000000,2026-09-16 18:32:55
77,TXN-100077,6,TRANSFER,5928.76,34542.69,28613.93,108235.46,114164.22,0,0,104,13,NEFT,Branch Terminal POS,Mysuru,Karnataka,12.3281,76.6031,Agricultural Crop Loan EMI,LON-21725,8.5,low,0.3774103393418,"[""Normal transaction parameters consistent with account baseline""]",completed,2026-09-14 01:35:00.000000,2026-09-16 18:32:55
78,TXN-100078,6,PAYMENT,5171.06,114164.22,108993.16,283248.34,288419.4,0,0,13,192,UPI,Mobile - Android (CoopPay App),Surat,Gujarat,21.161,72.8388,Self-Help Group (SHG) Pool Contribution,,14.0,low,0.3966306956181235,"[""Normal transaction parameters consistent with account baseline""]",completed,2026-09-14 01:40:00.000000,2026-09-16 18:32:55
79,TXN-100079,6,TRANSFER,5769.09,52372.77,46603.68,69461.34,75230.43,0,0,55,112,UPI,Mobile - Android (CoopPay App),Bengaluru,Karnataka,12.991100000000001,77.5926,Fertilizer & Seed Procurement,,1.2,low,0.352034184390484,"[""Normal transaction parameters consistent with account baseline""]",completed,2026-09-14 01:41:00.000000,2026-09-16 18:32:55
80,TXN-100080,6,TRANSFER,3393.45,62239.05,58845.6,33511.63,36905.08,0,0,94,84,IMPS,Mobile - Android (CoopPay App),Jaipur,Rajasthan,26.951800000000002,75.8203,Agricultural Crop Loan EMI,LON-62034,29.5,low,0.450431042217782,"[""Normal transaction parameters consistent with account baseline""]",completed,2026-09-14 01:36:00.000000,2026-09-16 18:32:55
81,TXN-100081,6,PAYMENT,1869.62,88116.82,86247.2,306653.63,308523.25,0,0,30,187,Micro-ATM,Branch Terminal POS,Jaipur,Rajasthan,26.9142,75.8221,Fertilizer & Seed Procurement,,39.7,medium,0.4861199609601077,[],completed,2026-09-14 01:42:00.000000,2026-09-16 18:32:55
82,TXN-100082,6,PAYMENT,231.73,47062.89,46831.16,189412.7,189644.43,0,0,28,198,Micro-ATM,Branch Terminal POS,Ahmedabad,Gujarat,22.9871,72.57809999999999,Agricultural Crop Loan EMI,LON-11214,38.8,medium,0.48305261249112835,[],completed,2026-09-14 01:44:00.000000,2026-09-16 18:32:55
83,TXN-100083,6,TRANSFER,1356.04,68401.42,67045.38,75246.36,76602.4,0,0,31,64,UPI,Mobile - Android (CoopPay App),Lucknow,Uttar Pradesh,26.8307,80.9315,Micro-Savings Recurring Deposit,,10.7,low,0.38512367609598064,"[""Normal transaction parameters consistent with account baseline""]",completed,2026-09-14 01:34:00.000000,2026-09-16 18:32:55
84,TXN-100084,6,DEBIT,6884.56,34772.9,27888.34,90613.73,97498.29,0,0,120,74,Branch Cashier,Branch Terminal POS,Mysuru,Karnataka,12.2584,76.62899999999999,Solar Pump Subsidy Disbursal,,6.7,low,0.3710675120780844,"[""Normal transaction parameters consistent with account baseline""]",completed,2026-09-14 01:34:00.000000,2026-09-16 18:32:55
85,TXN-100085,6,TRANSFER,12818.77,86247.2,73428.43,102802.92,115621.69,0,0,30,5,RTGS,Branch Terminal POS,Jaipur,Rajasthan,26.9142,75.8221,Fertilizer & Seed Procurement,,27.0,low,0.44170353282124,"[""Normal transaction parameters consistent with account baseline""]",completed,2026-09-14 01:40:00.000000,2026-09-16 18:32:55
86,TXN-100086,6,TRANSFER,7187.34,24223.85,17036.51,62491.73,69679.07,0,0,111,66,RTGS,Branch Terminal POS,Lucknow,Uttar Pradesh,26.8219,80.9263,Tractor Equipment Finance,,6.6,low,0.37076888808193414,"[""Normal transaction parameters consistent with account baseline""]",completed,2026-09-14 01:43:00.000000,2026-09-16 18:32:55
87,TXN-100087,6,TRANSFER,3251.0,35073.87,31822.87,69565.51,72816.51,0,0,44,72,UPI,Mobile - Android (CoopPay App),Ahmedabad,Gujarat,23.0102,72.5943,Micro-Savings Recurring Deposit,,1.7,low,0.35365533611896977,"[""Normal transaction parameters consistent with account baseline""]",completed,2026-09-14 01:33:00.000000,2026-09-16 18:32:55
88,TXN-100088,6,CASH_OUT,4746.36,19408.2,14661.84,58502.79,63249.15,0,0,10,8,Branch Cashier,Branch Terminal POS,Warangal,Telangana,17.961000000000002,79.5594,Solar Pump Subsidy Disbursal,,27.2,low,0.44245559953870506,"[""Normal transaction parameters consistent with account baseline""]",completed,2026-09-14 01:32:00.000000,2026-09-16 18:32:55
89,TXN-100089,6,TRANSFER,6900.38,28245.75,21345.37,59754.42,66654.8,0,0,83,52,NEFT,Branch Terminal POS,Nagpur,Maharashtra,21.125,79.0924,Fertilizer & Seed Procurement,,2.9,low,0.3578504141666389,"[""Normal transaction parameters consistent with account baseline""]",completed,2026-09-14 01:40:00.000000,2026-09-16 18:32:55
90,TXN-100090,6,TRANSFER,4184.21,58845.6,54661.39,75230.43,79414.64,0,0,94,112,NEFT,Branch Terminal POS,Jaipur,Rajasthan,26.951800000000002,75.8203,Tractor Equipment Finance,,29.4,low,0.4503698387479224,"[""Normal transaction parameters consistent with account baseline""]",completed,2026-09-14 01:30:00.000000,2026-09-16 18:32:55
91,TXN-100091,7,TRANSFER,5327.29,50348.74,45021.45,60560.88,65888.17,0,0,14,26,IMPS,Mobile - Android (CoopPay App),Jaipur,Rajasthan,26.9339,75.7745,Fertilizer & Seed Procurement,,1.3,low,0.3525106164005291,"[""Normal transaction parameters consistent with account baseline""]",completed,2026-09-14 01:54:00.000000,2026-09-16 18:32:55
92,TXN-100092,7,TRANSFER,18647.83,49245.59,30597.76,46603.68,65251.51,0,0,69,55,RTGS,Branch Terminal POS,Coimbatore,Tamil Nadu,11.0334,76.9506,Emergency Healthcare Advance,,14.8,low,0.3993677239654918,"[""Normal transaction parameters consistent with account baseline""]",completed,2026-09-14 01:54:00.000000,2026-09-16 18:32:55
93,TXN-100093,7,TRANSFER,3371.53,61259.81,57888.28,40952.33,44323.86,0,0,24,33,NEFT,Branch Terminal POS,Mysuru,Karnataka,12.2928,76.6694,Dairy Cooperative Milk Payout,,5.9,low,0.36844859312764905,"[""Normal transaction parameters consistent with account baseline""]",completed,2026-09-14 01:53:00.000000,2026-09-16 18:32:55
94,TXN-100094,7,DEBIT,21319.1,79414.64,58095.54,32948.29,54267.39,0,0,112,57,Branch Cashier,Branch Terminal POS,Kochi,Kerala,9.8984,76.2509,Dairy Cooperative Milk Payout,,26.9,low,0.4414741694627417,"[""Normal transaction parameters consistent with account baseline""]",completed,2026-09-14 01:51:00.000000,2026-09-16 18:32:55
95,TXN-100095,7,DEBIT,15524.25,28613.93,13089.68,51159.98,66684.23,0,0,104,71,Branch Cashier,Branch Terminal POS,Mysuru,Karnataka,12.3281,76.6031,Fertilizer & Seed Procurement,,19.5,low,0.4157296392351287,"[""Normal transaction parameters consistent with account baseline""]",completed,2026-09-14 01:47:00.000000,2026-09-16 18:32:55
96,TXN-100096,7,TRANSFER,1616.33,108993.16,107376.83,66684.23,68300.56,0,0,13,71,NEFT,Branch Terminal POS,Surat,Gujarat,21.161,72.8388,Member Share Capital Dividend,,7.7,low,0.3744657891281526,"[""Normal transaction parameters consistent with account baseline""]",completed,2026-09-14 01:52:00.000000,2026-09-16 18:32:55
97,TXN-100097,7,TRANSFER,667.25,102762.77,102095.52,72008.71,72675.96,0,0,108,12,NEFT,Branch Terminal POS,Ahmedabad,Gujarat,23.0595,72.58659999999999,Emergency Healthcare Advance,,24.0,low,0.43155395202691854,"[""Normal transaction parameters consistent with account baseline""]",completed,2026-09-14 01:45:00.000000,2026-09-16 18:32:55
98,TXN-100098,7,CASH_OUT,890.46,60485.19,59594.73,67045.38,67935.84,0,0,119,31,Branch Cashier,Branch Terminal POS,Bengaluru,Karnataka,12.9786,77.6127,Solar Pump Subsidy Disbursal,,25.7,low,0.4372090878926072,"[""Normal transaction parameters consistent with account baseline""]",completed,2026-09-14 01:48:00.000000,2026-09-16 18:32:55
99,TXN-100099,7,TRANSFER,319.53,25570.16,25250.63,51922.19,52241.72,0,0,22,63,NEFT,Branch Terminal POS,Madurai,Tamil Nadu,9.9379,78.1081,Micro-Savings Recurring Deposit,,35.2,medium,0.4705478555072948,[],completed,2026-09-14 01:57:00.000000,2026-09-16 18:32:55
100,TXN-100100,7,DEBIT,844.83,46831.16,45986.33,33055.66,33900.49,0,0,28,117,Branch Cashier,Branch Terminal POS,Ahmedabad,Gujarat,22.9871,72.57809999999999,Agricultural Crop Loan EMI,LON-44282,17.1,low,0.40737323921181257,"[""Normal transaction parameters consistent with account baseline""]",completed,2026-09-14 01:49:00.000000,2026-09-16 18:32:55
101,TXN-100101,7,TRANSFER,7667.69,63249.15,55581.46,78792.03,86459.72,0,0,8,1,NEFT,Branch Terminal POS,Mysuru,Karnataka,12.3119,76.6541,Member Share Capital Dividend,,2.3,low,0.3556609941582282,"[""Normal transaction parameters consistent with account baseline""]",completed,2026-09-14 01:55:00.000000,2026-09-16 18:32:55
102,TXN-100102,7,TRANSFER,680.02,63704.86,63024.84,67396.53,68076.55,0,0,50,102,UPI,Mobile - Android (CoopPay App),Pune,Maharashtra,18.5342,73.8347,Solar Pump Subsidy Disbursal,,17.2,low,0.4077448993096184,"[""Normal transaction parameters consistent with account baseline""]",completed,2026-09-14 01:45:00.000000,2026-09-16 18:32:55
103,TXN-100103,7,PAYMENT,791.48,94288.07,93496.59,445486.41,446277.89,0,0,101,193,UPI,Mobile - Android (CoopPay App),Coimbatore,Tamil Nadu,11.0096,76.9682,Emergency Healthcare Advance,,19.2,low,0.41465345200904824,"[""Normal transaction parameters consistent with account baseline""]",completed,2026-09-14 01:49:00.000000,2026-09-16 18:32:55
104,TXN-100104,7,CASH_IN,21277.01,15000.0,36277.01,78030.6,99307.61,0,0,182,90,Branch Cashier,Branch Terminal POS,Madurai,Tamil Nadu,9.9146,78.14359999999999,Self-Help Group (SHG) Pool Contribution,,53.6,medium,0.5345326462360707,"[""Multi-dimensional behavioral anomaly flagged by Isolation Forest scoring engine""]",completed,2026-09-14 01:55:00.000000,2026-09-16 18:32:55
105,TXN-100105,7,CASH_OUT,353.06,78529.06,78176.0,32370.01,32723.07,0,0,85,20,Branch Cashier,Branch Terminal POS,Coimbatore,Tamil Nadu,11.0411,76.9316,Tractor Equipment Finance,,42.6,medium,0.4961271635553793,[],completed,2026-09-14 01:59:00.000000,2026-09-16 18:32:55
106,TXN-100106,8,TRANSFER,11149.45,77407.43,66257.98,55581.46,66730.91,0,0,25,8,UPI,Mobile - Android (CoopPay App),Hyderabad,Telangana,17.422500000000003,78.5208,Tractor Equipment Finance,,19.2,low,0.414598809868899,"[""Normal transaction parameters consistent with account baseline""]",completed,2026-09-14 02:11:00.000000,2026-09-16 18:32:55
107,TXN-100107,8,CASH_OUT,2352.04,88853.35,86501.31,66730.91,69082.95,0,0,75,8,Branch Cashier,Branch Terminal POS,Delhi,Delhi,28.6858,77.0826,Member Share Capital Dividend,,35.9,medium,0.47304430259330993,[],completed,2026-09-14 02:05:00.000000,2026-09-16 18:32:55
108,TXN-100108,8,TRANSFER,1017.38,54099.79,53082.41,44690.17,45707.55,0,0,96,7,IMPS,Mobile - Android (CoopPay App),Kochi,Kerala,9.9603,76.24940000000001,Solar Pump Subsidy Disbursal,,12.0,low,0.38944239015194665,"[""Normal transaction parameters consistent with account baseline""]",completed,2026-09-14 02:03:00.000000,2026-09-16 18:32:55
109,TXN-100109,8,PAYMENT,2247.68,86501.31,84253.63,446199.82,448447.5,0,0,75,201,Micro-ATM,Branch Terminal POS,Delhi,Delhi,28.6858,77.0826,Micro-Savings Recurring Deposit,,33.7,low,0.46528709676243957,[],completed,2026-09-14 02:02:00.000000,2026-09-16 18:32:55
110,TXN-100110,8,PAYMENT,1884.52,35860.95,33976.43,308523.25,310407.77,0,0,110,187,Micro-ATM,Branch Terminal POS,Jaipur,Rajasthan,26.934700000000003,75.8252,Self-Help Group (SHG) Pool Contribution,,17.8,low,0.409844927701491,"[""Normal transaction parameters consistent with account baseline""]",completed,2026-09-14 02:06:00.000000,2026-09-16 18:32:55
111,TXN-100111,8,TRANSFER,13846.2,69679.07,55832.87,57888.28,71734.48,0,0,66,24,IMPS,Mobile - Android (CoopPay App),Pune,Maharashtra,18.5121,73.8739,Member Share Capital Dividend,,11.7,low,0.3885597994494414,"[""Normal transaction parameters consistent with account baseline""]",completed,2026-09-14 02:12:00.000000,2026-09-16 18:32:55
112,TXN-100112,8,PAYMENT,2490.93,61213.82,58722.89,211771.02,214261.95,0,0,9,197,UPI,Mobile - Android (CoopPay App),Hyderabad,Telangana,17.375400000000003,78.5259,Self-Help Group (SHG) Pool Contribution,,12.6,low,0.3915896247005699,"[""Normal transaction parameters consistent with account baseline""]",completed,2026-09-14 02:10:00.000000,2026-09-16 18:32:55
113,TXN-100113,8,TRANSFER,10775.47,17036.51,6261.04,73603.58,84379.05,0,0,111,16,NEFT,Branch Terminal POS,Lucknow,Uttar Pradesh,26.8219,80.9263,Dairy Cooperative Milk Payout,,8.6,low,0.377798866635452,"[""Normal transaction parameters consistent with account baseline""]",completed,2026-09-14 02:07:00.000000,2026-09-16 18:32:55
114,TXN-100114,8,PAYMENT,696.4,73172.3,72475.9,369099.55,369795.95,0,0,114,196,UPI,Mobile - Android (CoopPay App),Pune,Maharashtra,18.517899999999997,73.8227,Agricultural Crop Loan EMI,LON-81781,23.1,low,0.4281412864970982,"[""Normal transaction parameters consistent with account baseline""]",completed,2026-09-14 02:14:00.000000,2026-09-16 18:32:55
115,TXN-100115,8,TRANSFER,1469.67,33045.09,31575.42,26455.92,27925.59,0,0,77,11,IMPS,Mobile - Android (CoopPay App),Surat,Gujarat,21.154400000000003,72.8477,Self-Help Group (SHG) Pool Contribution,,6.7,low,0.37098323868907485,"[""Normal transaction parameters consistent with account baseline""]",completed,2026-09-14 02:14:00.000000,2026-09-16 18:32:55
116,TXN-100116,8,PAYMENT,2599.76,79509.42,76909.66,369795.95,372395.71,0,0,54,196,UPI,Mobile - Android (CoopPay App),Madurai,Tamil Nadu,9.9328,78.1558,Micro-Savings Recurring Deposit,,17.1,low,0.4072547800835362,"[""Normal transaction parameters consistent with account baseline""]",completed,2026-09-14 02:02:00.000000,2026-09-16 18:32:55
117,TXN-100117,8,TRANSFER,10887.36,19533.1,8645.74,78853.64,89741.0,0,0,67,34,RTGS,Branch Terminal POS,Nagpur,Maharashtra,21.1738,79.0962,Dairy Cooperative Milk Payout,,31.4,low,0.45724274152959854,[],completed,2026-09-14 02:13:00.000000,2026-09-16 18:32:55
118,TXN-100118,8,PAYMENT,8482.61,53055.23,44572.62,288419.4,296902.01,0,0,27,192,UPI,Mobile - Android (CoopPay App),Delhi,Delhi,28.717,77.10140000000001,Solar Pump Subsidy Disbursal,,25.8,low,0.43781412713951434,"[""Normal transaction parameters consistent with account baseline""]",completed,2026-09-14 02:10:00.000000,2026-09-16 18:32:55
119,TXN-100119,8,TRANSFER,3658.52,67935.84,64277.32,42697.37,46355.89,0,0,31,17,RTGS,Branch Terminal POS,Lucknow,Uttar Pradesh,26.8307,80.9315,Agricultural Crop Loan EMI,LON-69432,1.9,low,0.3543765594728452,"[""Normal transaction parameters consistent with account baseline""]",completed,2026-09-14 02:01:00.000000,2026-09-16 18:32:55
120,TXN-100120,8,PAYMENT,937.44,29768.8,28831.36,383345.88,384283.32,0,0,86,194,Micro-ATM,Branch Terminal POS,Madurai,Tamil Nadu,9.9589,78.11489999999999,Solar Pump Subsidy Disbursal,,17.3,low,0.4080707158943334,"[""Normal transaction parameters consistent with account baseline""]",completed,2026-09-14 02:02:00.000000,2026-09-16 18:32:55
121,TXN-100121,9,DEBIT,9936.7,90320.98,80384.28,14661.84,24598.54,0,0,41,10,Branch Cashier,Branch Terminal POS,Hyderabad,Telangana,17.413700000000002,78.4645,Agricultural Crop Loan EMI,LON-83242,15.5,low,0.40166423299939547,"[""Normal transaction parameters consistent with account baseline""]",completed,2026-09-14 02:24:00.000000,2026-09-16 18:32:55
122,TXN-100122,9,PAYMENT,850.12,52491.7,51641.58,372395.71,373245.83,0,0,2,196,Micro-ATM,Branch Terminal POS,Pune,Maharashtra,18.487399999999997,73.8505,Agricultural Crop Loan EMI,LON-61897,43.7,medium,0.5000052924762801,[],completed,2026-09-14 02:22:00.000000,2026-09-16 18:32:55
123,TXN-100123,9,TRANSFER,17555.9,107376.83,89820.93,53956.87,71512.77,0,0,13,29,UPI,Mobile - Android (CoopPay App),Surat,Gujarat,21.161,72.8388,Member Share Capital Dividend,,6.0,low,0.368560808728617,"[""Normal transaction parameters consistent with account baseline""]",completed,2026-09-14 02:19:00.000000,2026-09-16 18:32:55
124,TXN-100124,9,TRANSFER,12906.45,56596.11,43689.66,53568.28,66474.73,0,0,65,45,UPI,Mobile - Android (CoopPay App),Mumbai,Maharashtra,19.098200000000002,72.8508,Agricultural Crop Loan EMI,LON-65534,7.5,low,0.37405545437545584,"[""Normal transaction parameters consistent with account baseline""]",completed,2026-09-14 02:24:00.000000,2026-09-16 18:32:55
125,TXN-100125,9,TRANSFER,3842.31,54774.06,50931.75,46598.93,50441.24,0,0,113,32,UPI,Mobile - Android (CoopPay App),Mumbai,Maharashtra,19.078500000000002,72.91080000000001,Self-Help Group (SHG) Pool Contribution,,22.4,low,0.4256938588630023,"[""Normal transaction parameters consistent with account baseline""]",completed,2026-09-14 02:20:00.000000,2026-09-16 18:32:55
126,TXN-100126,9,TRANSFER,9233.6,53441.33,44207.73,47928.24,57161.84,0,0,48,58,UPI,Mobile - Android (CoopPay App),Kochi,Kerala,9.925600000000001,76.2737,Solar Pump Subsidy Disbursal,,8.1,low,0.37596428287378225,"[""Normal transaction parameters consistent with account baseline""]",completed,2026-09-14 02:15:00.000000,2026-09-16 18:32:55
127,TXN-100127,9,PAYMENT,2628.34,78490.29,75861.95,113184.03,115812.37,0,0,107,191,Micro-ATM,Branch Terminal POS,Delhi,Delhi,28.736,77.09970000000001,Emergency Healthcare Advance,,18.3,low,0.41145499774854044,"[""Normal transaction parameters consistent with account baseline""]",completed,2026-09-14 02:15:00.000000,2026-09-16 18:32:55
128,TXN-100128,9,CASH_IN,3474.97,15000.0,18474.97,32721.89,36196.86,0,0,175,79,Branch Cashier,Branch Terminal POS,Lucknow,Uttar Pradesh,26.8598,80.91300000000001,Fertilizer & Seed Procurement,,63.5,high,0.5689121326064598,"[""Multi-dimensional behavioral anomaly flagged by Isolation Forest scoring engine""]",flagged,2026-09-14 02:17:00.000000,2026-09-16 18:32:55
129,TXN-100129,9,TRANSFER,2707.28,72475.9,69768.62,68300.56,71007.84,0,0,114,71,RTGS,Branch Terminal POS,Pune,Maharashtra,18.517899999999997,73.8227,Micro-Savings Recurring Deposit,,3.3,low,0.3591688878802056,"[""Normal transaction parameters consistent with account baseline""]",completed,2026-09-14 02:27:00.000000,2026-09-16 18:32:55
130,TXN-100130,9,PAYMENT,119.61,59350.91,59231.3,115812.37,115931.98,0,0,88,191,Micro-ATM,Branch Terminal POS,Mysuru,Karnataka,12.3215,76.6455,Solar Pump Subsidy Disbursal,,60.9,high,0.5599192065477446,"[""Multi-dimensional behavioral anomaly flagged by Isolation Forest scoring engine""]",flagged,2026-09-14 02:29:00.000000,2026-09-16 18:32:55
131,TXN-100131,9,CASH_OUT,3404.42,44572.62,41168.2,45986.33,49390.75,0,0,27,28,Branch Cashier,Branch Terminal POS,Delhi,Delhi,28.717,77.10140000000001,Emergency Healthcare Advance,,17.2,low,0.4076329910435593,"[""Normal transaction parameters consistent with account baseline""]",completed,2026-09-14 02:28:00.000000,2026-09-16 18:32:55
132,TXN-100132,9,TRANSFER,14882.14,32723.07,17840.93,36196.86,51079.0,0,0,20,79,UPI,Mobile - Android (CoopPay App),Chennai,Tamil Nadu,13.099300000000001,80.2354,Self-Help Group (SHG) Pool Contribution,,8.3,low,0.37668151651798765,"[""Normal transaction parameters consistent with account baseline""]",completed,2026-09-14 02:21:00.000000,2026-09-16 18:32:55
133,TXN-100133,9,DEBIT,4774.1,42423.88,37649.78,45021.45,49795.55,0,0,39,14,Branch Cashier,Branch Terminal POS,Bengaluru,Karnataka,13.0097,77.6195,Micro-Savings Recurring Deposit,,7.2,low,0.37292125271978466,"[""Normal transaction parameters consistent with account baseline""]",completed,2026-09-14 02:17:00.000000,2026-09-16 18:32:55
134,TXN-100134,9,TRANSFER,11583.66,50931.75,39348.09,46152.19,57735.85,0,0,113,15,IMPS,Mobile - Android (CoopPay App),Mumbai,Maharashtra,19.078500000000002,72.91080000000001,Self-Help Group (SHG) Pool Contribution,,33.8,low,0.4654954440715667,[],completed,2026-09-14 02:16:00.000000,2026-09-16 18:32:55
135,TXN-100135,9,PAYMENT,4291.2,51641.58,47350.38,364974.81,369266.01,0,0,2,195,UPI,Mobile - Android (CoopPay App),Pune,Maharashtra,18.487399999999997,73.8505,Member Share Capital Dividend,,46.0,medium,0.508018711831708,[],completed,2026-09-14 02:21:00.000000,2026-09-16 18:32:55
136,TXN-100136,10,DEBIT,2455.65,59506.51,57050.86,149594.31,152049.96,0,0,89,70,Branch Cashier,Branch Terminal POS,Hyderabad,Telangana,17.3958,78.486,Agricultural Crop Loan EMI,LON-12979,14.1,low,0.3970870903178767,"[""Normal transaction parameters consistent with account baseline""]",completed,2026-09-14 02:43:00.000000,2026-09-16 18:32:55
137,TXN-100137,10,PAYMENT,4344.23,43689.66,39345.43,448447.5,452791.73,0,0,65,201,Micro-ATM,Branch Terminal POS,Mumbai,Maharashtra,19.098200000000002,72.8508,Self-Help Group (SHG) Pool Contribution,,12.9,low,0.3927319189351706,"[""Normal transaction parameters consistent with account baseline""]",completed,2026-09-14 02:34:00.000000,2026-09-16 18:32:55
138,TXN-100138,10,TRANSFER,4067.6,57735.85,53668.25,73419.67,77487.27,0,0,15,115,RTGS,Branch Terminal POS,Lucknow,Uttar Pradesh,26.847299999999997,80.91470000000001,Member Share Capital Dividend,,0.1,low,0.348279417960188,"[""Normal transaction parameters consistent with account baseline""]",completed,2026-09-14 02:36:00.000000,2026-09-16 18:32:55
139,TXN-100139,10,TRANSFER,6695.0,70649.22,63954.22,47350.38,54045.38,0,0,91,2,RTGS,Branch Terminal POS,Delhi,Delhi,28.6893,77.08840000000001,Micro-Savings Recurring Deposit,,9.4,low,0.38068152986031123,"[""Normal transaction parameters consistent with account baseline""]",completed,2026-09-14 02:33:00.000000,2026-09-16 18:32:55
140,TXN-100140,10,CASH_OUT,5737.98,85270.03,79532.05,72816.51,78554.49,0,0,21,72,Branch Cashier,Branch Terminal POS,Coimbatore,Tamil Nadu,11.0199,76.9737,Tractor Equipment Finance,,16.7,low,0.4058478969022067,"[""Normal transaction parameters consistent with account baseline""]",completed,2026-09-14 02:32:00.000000,2026-09-16 18:32:55
141,TXN-100141,10,PAYMENT,5514.31,46355.89,40841.58,115931.98,121446.29,0,0,17,191,UPI,Mobile - Android (CoopPay App),Mumbai,Maharashtra,19.0552,72.857,Agricultural Crop Loan EMI,LON-96533,26.1,low,0.43875736766475987,"[""Normal transaction parameters consistent with account baseline""]",completed,2026-09-14 02:33:00.000000,2026-09-16 18:32:55
142,TXN-100142,10,TRANSFER,19680.32,75948.4,56268.08,65530.69,85211.01,0,0,6,100,UPI,Mobile - Android (CoopPay App),Madurai,Tamil Nadu,9.9087,78.1301,Member Share Capital Dividend,,47.0,medium,0.5115743925145785,[],completed,2026-09-14 02:36:00.000000,2026-09-16 18:32:55
143,TXN-100143,10,TRANSFER,2700.25,88537.95,85837.7,78922.23,81622.48,0,0,82,36,UPI,Mobile - Android (CoopPay App),Pune,Maharashtra,18.5259,73.8215,Dairy Cooperative Milk Payout,,2.7,low,0.35712515671585876,"[""Normal transaction parameters consistent with account baseline""]",completed,2026-09-14 02:33:00.000000,2026-09-16 18:32:55
144,TXN-100144,10,CASH_OUT,822.22,33900.49,33078.27,72675.96,73498.18,0,0,117,12,Branch Cashier,Branch Terminal POS,Coimbatore,Tamil Nadu,11.0496,76.94,Agricultural Crop Loan EMI,LON-68515,28.1,low,0.44554726964195374,"[""Normal transaction parameters consistent with account baseline""]",completed,2026-09-14 02:39:00.000000,2026-09-16 18:32:55
145,TXN-100145,10,CASH_OUT,10393.27,27888.34,17495.07,6261.04,16654.31,0,0,120,111,Branch Cashier,Branch Terminal POS,Mysuru,Karnataka,12.2584,76.62899999999999,Agricultural Crop Loan EMI,LON-42077,21.4,low,0.42236294436470123,"[""Normal transaction parameters consistent with account baseline""]",completed,2026-09-14 02:39:00.000000,2026-09-16 18:32:55
146,TXN-100146,10,TRANSFER,9272.95,56268.08,46995.13,33078.27,42351.22,0,0,6,117,UPI,Mobile - Android (CoopPay App),Madurai,Tamil Nadu,9.9087,78.1301,Emergency Healthcare Advance,,35.6,medium,0.471849152064588,[],completed,2026-09-14 02:41:00.000000,2026-09-16 18:32:55
147,TXN-100147,10,TRANSFER,821.64,59231.3,58409.66,49795.55,50617.19,0,0,88,14,IMPS,Mobile - Android (CoopPay App),Mysuru,Karnataka,12.3215,76.6455,Self-Help Group (SHG) Pool Contribution,,18.9,low,0.4136412233412268,"[""Normal transaction parameters consistent with account baseline""]",completed,2026-09-14 02:37:00.000000,2026-09-16 18:32:55
148,TXN-100148,10,DEBIT,10332.4,46995.13,36662.73,49390.75,59723.15,0,0,6,28,Branch Cashier,Branch Terminal POS,Madurai,Tamil Nadu,9.9087,78.1301,Agricultural Crop Loan EMI,LON-28367,40.2,medium,0.4876846792980632,[],completed,2026-09-14 02:33:00.000000,2026-09-16 18:32:55
149,TXN-100149,10,TRANSFER,7456.1,71007.84,63551.74,40841.58,48297.68,0,0,71,17,NEFT,Branch Terminal POS,Bengaluru,Karnataka,12.9585,77.5941,Member Share Capital Dividend,,2.3,low,0.35567564908534427,"[""Normal transaction parameters consistent with account baseline""]",completed,2026-09-14 02:38:00.000000,2026-09-16 18:32:55
150,TXN-100150,10,CASH_OUT,2790.16,115621.69,112831.53,26953.83,29743.99,0,0,5,76,Branch Cashier,Branch Terminal POS,Coimbatore,Tamil Nadu,11.0072,76.94449999999999,Micro-Savings Recurring Deposit,,14.8,low,0.3992106242988997,"[""Normal transaction parameters consistent with account baseline""]",completed,2026-09-14 02:43:00.000000,2026-09-16 18:32:55
151,TXN-100151,11,CASH_OUT,6458.89,93496.59,87037.7,36470.64,42929.53,0,0,101,49,Branch Cashier,Branch Terminal POS,Coimbatore,Tamil Nadu,11.0096,76.9682,Micro-Savings Recurring Deposit,,16.4,low,0.4050546326248675,"[""Normal transaction parameters consistent with account baseline""]",completed,2026-09-14 02:54:00.000000,2026-09-16 18:32:55
152,TXN-100152,11,TRANSFER,9517.3,0.0,0.0,79532.05,89049.35,0,0,104,21,NEFT,Branch Terminal POS,Mysuru,Karnataka,12.3281,76.6031,Fertilizer & Seed Procurement,,51.5,medium,0.5272694929928906,"[""Multi-dimensional behavioral anomaly flagged by Isolation Forest scoring engine""]",completed,2026-09-14 02:48:00.000000,2026-09-16 18:32:55
153,TXN-100153,11,TRANSFER,585.33,58095.54,57510.21,57796.23,58381.56,0,0,112,80,IMPS,Mobile - Android (CoopPay App),Kochi,Kerala,9.8984,76.2509,Emergency Healthcare Advance,,39.0,medium,0.4836677689171994,[],completed,2026-09-14 02:55:00.000000,2026-09-16 18:32:55
154,TXN-100154,11,CASH_OUT,4633.32,100601.77,95968.45,77487.27,82120.59,0,0,46,115,Branch Cashier,Branch Terminal POS,Jaipur,Rajasthan,26.8975,75.8151,Tractor Equipment Finance,,16.0,low,0.40339197981637304,"[""Normal transaction parameters consistent with account baseline""]",completed,2026-09-14 02:49:00.000000,2026-09-16 18:32:55
155,TXN-100155,11,PAYMENT,377.75,53863.24,53485.49,189644.43,190022.18,0,0,103,198,UPI,Mobile - Android (CoopPay App),Bengaluru,Karnataka,12.9864,77.5776,Emergency Healthcare Advance,,29.6,low,0.45091710005921243,"[""Normal transaction parameters consistent with account baseline""]",completed,2026-09-14 02:45:00.000000,2026-09-16 18:32:55
156,TXN-100156,11,CASH_OUT,1009.29,65907.53,64898.24,76909.66,77918.95,0,0,43,54,Branch Cashier,Branch Terminal POS,Delhi,Delhi,28.6906,77.0647,Solar Pump Subsidy Disbursal,,23.2,low,0.42876640791504794,"[""Normal transaction parameters consistent with account baseline""]",completed,2026-09-14 02:53:00.000000,2026-09-16 18:32:55
157,TXN-100157,11,TRANSFER,3009.25,47187.6,44178.35,17495.07,20504.32,0,0,4,120,NEFT,Branch Terminal POS,Chennai,Tamil Nadu,13.1034,80.24350000000001,Emergency Healthcare Advance,,24.4,low,0.43265558130318926,"[""Normal transaction parameters consistent with account baseline""]",completed,2026-09-14 02:45:00.000000,2026-09-16 18:32:55
158,TXN-100158,11,TRANSFER,14413.02,13089.68,0.0,88160.48,102573.5,0,0,104,53,NEFT,Branch Terminal POS,Mysuru,Karnataka,12.3281,76.6031,Emergency Healthcare Advance,,65.9,high,0.5773804982006375,"[""Rapid near-complete balance drainage detected (\u20b913,090 \u2192 \u20b90)""]",flagged,2026-09-14 02:57:00.000000,2026-09-16 18:32:55
159,TXN-100159,11,TRANSFER,3986.61,16654.31,12667.7,49876.63,53863.24,0,0,111,103,IMPS,Mobile - Android (CoopPay App),Lucknow,Uttar Pradesh,26.8219,80.9263,Tractor Equipment Finance,,1.7,low,0.3537671175641844,"[""Normal transaction parameters consistent with account baseline""]",completed,2026-09-14 02:51:00.000000,2026-09-16 18:32:55
160,TXN-100160,11,TRANSFER,5383.5,53082.41,47698.91,64277.32,69660.82,0,0,96,31,IMPS,Mobile - Android (CoopPay App),Kochi,Kerala,9.9603,76.24940000000001,Self-Help Group (SHG) Pool Contribution,,2.1,low,0.3550807809022445,"[""Normal transaction parameters consistent with account baseline""]",completed,2026-09-14 02:51:00.000000,2026-09-16 18:32:55
161,TXN-100161,11,DEBIT,691.05,68076.55,67385.5,70741.71,71432.76,0,0,102,29,Branch Cashier,Branch Terminal POS,Madurai,Tamil Nadu,9.9372,78.14789999999999,Member Share Capital Dividend,,15.3,low,0.4009541985170395,"[""Normal transaction parameters consistent with account baseline""]",completed,2026-09-14 02:52:00.000000,2026-09-16 18:32:55
162,TXN-100162,11,TRANSFER,8046.86,74742.04,66695.18,75861.95,83908.81,0,0,59,107,IMPS,Mobile - Android (CoopPay App),Delhi,Delhi,28.732400000000002,77.1388,Tractor Equipment Finance,,18.6,low,0.4126914939728643,"[""Normal transaction parameters consistent with account baseline""]",completed,2026-09-14 02:58:00.000000,2026-09-16 18:32:55
163,TXN-100163,11,TRANSFER,771.06,71512.77,70741.71,59594.73,60365.79,0,0,29,119,IMPS,Mobile - Android (CoopPay App),Surat,Gujarat,21.1842,72.80990000000001,Solar Pump Subsidy Disbursal,,12.4,low,0.39104822258748256,"[""Normal transaction parameters consistent with account baseline""]",completed,2026-09-14 02:58:00.000000,2026-09-16 18:32:55
164,TXN-100164,11,PAYMENT,3205.33,44178.35,40973.02,446277.89,449483.22,0,0,4,193,UPI,Mobile - Android (CoopPay App),Chennai,Tamil Nadu,13.1034,80.24350000000001,Self-Help Group (SHG) Pool Contribution,,38.4,medium,0.48147521724768594,[],completed,2026-09-14 02:59:00.000000,2026-09-16 18:32:55
165,TXN-100165,11,TRANSFER,892.96,57510.21,56617.25,28436.54,29329.5,0,0,112,61,RTGS,Branch Terminal POS,Kochi,Kerala,9.8984,76.2509,Self-Help Group (SHG) Pool Contribution,,33.4,low,0.46417613539276337,[],completed,2026-09-14 02:51:00.000000,2026-09-16 18:32:55
166,TXN-100166,12,TRANSFER,3268.14,66257.98,62989.84,64056.91,67325.05,0,0,25,92,IMPS,Mobile - Android (CoopPay App),Hyderabad,Telangana,17.422500000000003,78.5208,Emergency Healthcare Advance,,10.4,low,0.38393803431439794,"[""Normal transaction parameters consistent with account baseline""]",completed,2026-09-14 03:08:00.000000,2026-09-16 18:32:55
167,TXN-100167,12,PAYMENT,7783.79,76146.62,68362.83,369266.01,377049.8,0,0,56,195,Micro-ATM,Branch Terminal POS,Mysuru,Karnataka,12.262,76.6223,Member Share Capital Dividend,,58.8,medium,0.5526573211386229,"[""Multi-dimensional behavioral anomaly flagged by Isolation Forest scoring engine""]",completed,2026-09-14 03:03:00.000000,2026-09-16 18:32:55
168,TXN-100168,12,TRANSFER,9299.34,50420.81,41121.47,84253.63,93552.97,0,0,15,75,UPI,Mobile - Android (CoopPay App),Lucknow,Uttar Pradesh,26.847299999999997,80.91470000000001,Solar Pump Subsidy Disbursal,,28.2,low,0.4460841057363922,"[""Normal transaction parameters consistent with account baseline""]",completed,2026-09-14 03:05:00.000000,2026-09-16 18:32:55
169,TXN-100169,12,TRANSFER,776.25,55832.87,55056.62,73835.38,74611.63,0,0,66,109,NEFT,Branch Terminal POS,Pune,Maharashtra,18.5121,73.8739,Dairy Cooperative Milk Payout,,30.5,low,0.45409728291665974,[],completed,2026-09-14 03:13:00.000000,2026-09-16 18:32:55
170,TXN-100170,12,TRANSFER,751.52,33259.6,32508.08,21345.37,22096.89,0,0,99,83,IMPS,Mobile - Android (CoopPay App),Nagpur,Maharashtra,21.1654,79.1046,Agricultural Crop Loan EMI,LON-45187,14.5,low,0.3983832333999794,"[""Normal transaction parameters consistent with account baseline""]",completed,2026-09-14 03:08:00.000000,2026-09-16 18:32:55
171,TXN-100171,12,TRANSFER,8162.5,64898.24,56735.74,58722.89,66885.39,0,0,43,9,UPI,Mobile - Android (CoopPay App),Delhi,Delhi,28.6906,77.0647,Dairy Cooperative Milk Payout,,4.9,low,0.3648738726980886,"[""Normal transaction parameters consistent with account baseline""]",completed,2026-09-14 03:06:00.000000,2026-09-16 18:32:55
172,TXN-100172,12,CASH_OUT,19324.07,66474.73,47150.66,80384.28,99708.35,0,0,45,41,Branch Cashier,Branch Terminal POS,Surat,Gujarat,21.130300000000002,72.86510000000001,Self-Help Group (SHG) Pool Contribution,,25.4,low,0.43612487595736305,"[""Normal transaction parameters consistent with account baseline""]",completed,2026-09-14 03:03:00.000000,2026-09-16 18:32:55
173,TXN-100173,12,TRANSFER,11091.24,112831.53,101740.29,54267.39,65358.63,0,0,5,57,RTGS,Branch Terminal POS,Coimbatore,Tamil Nadu,11.0072,76.94449999999999,Member Share Capital Dividend,,1.4,low,0.3525308194030502,"[""Normal transaction parameters consistent with account baseline""]",completed,2026-09-14 03:03:00.000000,2026-09-16 18:32:55
174,TXN-100174,12,PAYMENT,933.5,28143.75,27210.25,121446.29,122379.79,0,0,23,191,Micro-ATM,Branch Terminal POS,Bengaluru,Karnataka,12.9956,77.5633,Tractor Equipment Finance,,21.7,low,0.42332284670812653,"[""Normal transaction parameters consistent with account baseline""]",completed,2026-09-14 03:13:00.000000,2026-09-16 18:32:55
175,TXN-100175,12,DEBIT,3247.44,53668.25,50420.81,91007.67,94255.11,0,0,15,35,Branch Cashier,Branch Terminal POS,Lucknow,Uttar Pradesh,26.847299999999997,80.91470000000001,Agricultural Crop Loan EMI,LON-37762,25.1,low,0.43541621335886493,"[""Normal transaction parameters consistent with account baseline""]",completed,2026-09-14 03:14:00.000000,2026-09-16 18:32:55
176,TXN-100176,12,TRANSFER,28250.48,30597.76,2347.28,40973.02,69223.5,0,0,69,4,IMPS,Mobile - Android (CoopPay App),Coimbatore,Tamil Nadu,11.0334,76.9506,Dairy Cooperative Milk Payout,,22.4,low,0.42594397369888953,"[""Normal transaction parameters consistent with account baseline""]",completed,2026-09-14 03:14:00.000000,2026-09-16 18:32:55
177,TXN-100177,12,TRANSFER,52620.8,19370.21,0.0,179555.47,232176.27,1,0,106,76,RTGS,Branch Terminal POS,Warangal,Telangana,17.9785,79.57339999999999,Member Share Capital Dividend,,65.9,high,0.5774395208235349,"[""Rapid near-complete balance drainage detected (\u20b919,370 \u2192 \u20b90)""]",flagged,2026-09-14 03:11:00.000000,2026-09-16 18:32:55
178,TXN-100178,12,TRANSFER,56732.1,18678.13,0.0,57857.57,114589.67,1,0,34,76,IMPS,Mobile - Android (CoopPay App),Pune,Maharashtra,18.5016,73.8879,Emergency Healthcare Advance,,73.7,high,0.6043739068288004,"[""Rapid near-complete balance drainage detected (\u20b918,678 \u2192 \u20b90)""]",flagged,2026-09-14 03:11:00.000000,2026-09-16 18:32:55
179,TXN-100179,12,PAYMENT,2802.24,0.0,0.0,190022.18,192824.42,0,0,104,198,UPI,Mobile - Android (CoopPay App),Mysuru,Karnataka,12.3281,76.6031,Self-Help Group (SHG) Pool Contribution,,41.6,medium,0.49281289270563816,[],completed,2026-09-14 03:14:00.000000,2026-09-16 18:32:55
180,TXN-100180,12,TRANSFER,766.76,68362.83,67596.07,20504.32,21271.08,0,0,56,120,NEFT,Branch Terminal POS,Mysuru,Karnataka,12.262,76.6223,Emergency Healthcare Advance,,38.5,medium,0.48188196821393353,[],completed,2026-09-14 03:05:00.000000,2026-09-16 18:32:55
181,TXN-100181,12,TRANSFER,3788.22,55074.13,51285.91,23810.7,27598.92,0,0,47,87,NEFT,Branch Terminal POS,Lucknow,Uttar Pradesh,26.8599,80.93650000000001,Tractor Equipment Finance,,1.8,low,0.3542303824881774,"[""Normal transaction parameters consistent with account baseline""]",completed,2026-09-14 03:07:00.000000,2026-09-16 18:32:55
182,TXN-100182,12,CASH_OUT,5512.84,59220.85,53708.01,65888.17,71401.01,0,0,95,26,Branch Cashier,Branch Terminal POS,Lucknow,Uttar Pradesh,26.885099999999998,80.9257,Micro-Savings Recurring Deposit,,15.9,low,0.4033570385085635,"[""Normal transaction parameters consistent with account baseline""]",completed,2026-09-14 03:04:00.000000,2026-09-16 18:32:55
183,TXN-100183,13,TRANSFER,9108.89,39821.68,30712.79,67385.5,76494.39,0,0,37,102,RTGS,Branch Terminal POS,Coimbatore,Tamil Nadu,10.9857,76.9914,Solar Pump Subsidy Disbursal,,5.1,low,0.3656327069582134,"[""Normal transaction parameters consistent with account baseline""]",completed,2026-09-14 03:23:00.000000,2026-09-16 18:32:55
184,TXN-100184,13,CASH_OUT,7009.19,63551.74,56542.55,37649.78,44658.97,0,0,71,39,Branch Cashier,Branch Terminal POS,Bengaluru,Karnataka,12.9585,77.5941,Solar Pump Subsidy Disbursal,,21.4,low,0.4223725095767368,"[""Normal transaction parameters consistent with account baseline""]",completed,2026-09-14 03:16:00.000000,2026-09-16 18:32:55
185,TXN-100185,13,TRANSFER,274.22,28831.36,28557.14,66654.8,66929.02,0,0,86,52,NEFT,Branch Terminal POS,Madurai,Tamil Nadu,9.9589,78.11489999999999,Member Share Capital Dividend,,36.2,medium,0.4740376854132508,[],completed,2026-09-14 03:27:00.000000,2026-09-16 18:32:55
186,TXN-100186,13,TRANSFER,4610.28,54133.2,49522.92,54827.92,59438.2,0,0,116,40,NEFT,Branch Terminal POS,Chennai,Tamil Nadu,13.0614,80.23270000000001,Emergency Healthcare Advance,,6.3,low,0.3695884504351262,"[""Normal transaction parameters consistent with account baseline""]",completed,2026-09-14 03:20:00.000000,2026-09-16 18:32:55
187,TXN-100187,13,CASH_OUT,966.22,78176.0,77209.78,54661.39,55627.61,0,0,85,94,Branch Cashier,Branch Terminal POS,Coimbatore,Tamil Nadu,11.0411,76.9316,Member Share Capital Dividend,,44.3,medium,0.5022878156636251,[],completed,2026-09-14 03:15:00.000000,2026-09-16 18:32:55
188,TXN-100188,13,TRANSFER,15593.54,27929.66,12336.12,99708.35,115301.89,0,0,118,41,IMPS,Mobile - Android (CoopPay App),Madurai,Tamil Nadu,9.893,78.1508,Agricultural Crop Loan EMI,LON-44180,17.1,low,0.4075169109542746,"[""Normal transaction parameters consistent with account baseline""]",completed,2026-09-14 03:26:00.000000,2026-09-16 18:32:55
189,TXN-100189,13,PAYMENT,325.05,51079.0,50753.95,449483.22,449808.27,0,0,79,193,Micro-ATM,Branch Terminal POS,Lucknow,Uttar Pradesh,26.883899999999997,80.9264,Tractor Equipment Finance,,36.2,medium,0.4739393530524544,[],completed,2026-09-14 03:23:00.000000,2026-09-16 18:32:55
190,TXN-100190,13,CASH_OUT,1022.19,27598.92,26576.73,27210.25,28232.44,0,0,87,23,Branch Cashier,Branch Terminal POS,Bengaluru,Karnataka,12.990400000000001,77.6029,Member Share Capital Dividend,,25.6,low,0.4368337702152252,"[""Normal transaction parameters consistent with account baseline""]",completed,2026-09-14 03:17:00.000000,2026-09-16 18:32:55
191,TXN-100191,13,TRANSFER,576.68,62989.84,62413.16,63024.84,63601.52,0,0,25,50,IMPS,Mobile - Android (CoopPay App),Hyderabad,Telangana,17.422500000000003,78.5208,Emergency Healthcare Advance,,30.5,low,0.45393666380708914,[],completed,2026-09-14 03:20:00.000000,2026-09-16 18:32:55
192,TXN-100192,13,TRANSFER,4310.3,99307.61,94997.31,48297.68,52607.98,0,0,90,17,IMPS,Mobile - Android (CoopPay App),Warangal,Telangana,17.997500000000002,79.5805,Solar Pump Subsidy Disbursal,,1.5,low,0.3529064171937214,"[""Normal transaction parameters consistent with account baseline""]",completed,2026-09-14 03:24:00.000000,2026-09-16 18:32:55
193,TXN-100193,13,TRANSFER,21485.68,57787.17,36301.49,58409.66,79895.34,0,0,60,88,NEFT,Branch Terminal POS,Ahmedabad,Gujarat,23.0094,72.5857,Tractor Equipment Finance,,13.6,low,0.3953409403830902,"[""Normal transaction parameters consistent with account baseline""]",completed,2026-09-14 03:23:00.000000,2026-09-16 18:32:55
194,TXN-100194,13,PAYMENT,1676.0,93552.97,91876.97,296902.01,298578.01,0,0,75,192,Micro-ATM,Branch Terminal POS,Delhi,Delhi,28.6858,77.0826,Solar Pump Subsidy Disbursal,,9.4,low,0.38054180641515023,"[""Normal transaction parameters consistent with account baseline""]",completed,2026-09-14 03:27:00.000000,2026-09-16 18:32:55
195,TXN-100195,13,TRANSFER,64965.8,141465.69,76499.89,114589.67,179555.47,1,0,119,76,IMPS,Mobile - Android (CoopPay App),Bengaluru,Karnataka,12.9786,77.6127,Micro-Savings Recurring Deposit,,32.9,low,0.46245197549046824,[],completed,2026-09-14 03:22:00.000000,2026-09-16 18:32:55
196,TXN-100196,13,TRANSFER,94624.18,0.0,0.0,232176.27,326800.45,1,1,10,76,IMPS,Mobile - Android (CoopPay App),Warangal,Telangana,17.961000000000002,79.5594,Self-Help Group (SHG) Pool Contribution,,91.1,critical,0.6650116747383761,"[""Transaction amount represents 871% of total recorded cooperative savings balance""]",blocked,2026-09-14 03:17:00.000000,2026-09-16 18:32:55
197,TXN-100197,13,CASH_IN,7857.09,15000.0,22857.09,49522.92,57380.01,0,0,132,116,Branch Cashier,Branch Terminal POS,Chennai,Tamil Nadu,13.0677,80.2557,Fertilizer & Seed Procurement,,54.8,medium,0.5386657258693152,"[""Multi-dimensional behavioral anomaly flagged by Isolation Forest scoring engine""]",completed,2026-09-14 03:22:00.000000,2026-09-16 18:32:55
198,TXN-100198,13,TRANSFER,13391.77,77209.78,63818.01,55056.62,68448.39,0,0,85,66,UPI,Mobile - Android (CoopPay App),Coimbatore,Tamil Nadu,11.0411,76.9316,Self-Help Group (SHG) Pool Contribution,,37.3,medium,0.4776299488323025,[],completed,2026-09-14 03:29:00.000000,2026-09-16 18:32:55
199,TXN-100199,13,PAYMENT,945.63,59723.15,58777.52,416163.2,417108.83,0,0,28,199,UPI,Mobile - Android (CoopPay App),Ahmedabad,Gujarat,22.9871,72.57809999999999,Agricultural Crop Loan EMI,LON-10836,22.1,low,0.4248505141567911,"[""Normal transaction parameters consistent with account baseline""]",completed,2026-09-14 03:15:00.000000,2026-09-16 18:32:55
200,TXN-100200,14,PAYMENT,237.99,63601.52,63363.53,497572.41,497810.4,0,0,50,190,UPI,Mobile - Android (CoopPay App),Pune,Maharashtra,18.5342,73.8347,Member Share Capital Dividend,,42.1,medium,0.4945307394271635,[],completed,2026-09-14 03:36:00.000000,2026-09-16 18:32:55
201,TXN-100201,14,TRANSFER,486.77,36662.73,36175.96,46162.73,46649.5,0,0,6,62,IMPS,Mobile - Android (CoopPay App),Madurai,Tamil Nadu,9.9087,78.1301,Agricultural Crop Loan EMI,LON-38668,27.8,low,0.44461536115115835,"[""Normal transaction parameters consistent with account baseline""]",completed,2026-09-14 03:31:00.000000,2026-09-16 18:32:55
202,TXN-100202,14,TRANSFER,22966.42,0.0,0.0,69223.5,92189.92,0,0,104,4,RTGS,Branch Terminal POS,Mysuru,Karnataka,12.3281,76.6031,Micro-Savings Recurring Deposit,,46.5,medium,0.5097494749447614,[],completed,2026-09-14 03:38:00.000000,2026-09-16 18:32:55
203,TXN-100203,14,PAYMENT,122.01,69660.82,69538.81,497450.4,497572.41,0,0,31,190,Micro-ATM,Branch Terminal POS,Lucknow,Uttar Pradesh,26.8307,80.9315,Solar Pump Subsidy Disbursal,,57.2,medium,0.5471273900488338,"[""Multi-dimensional behavioral anomaly flagged by Isolation Forest scoring engine""]",completed,2026-09-14 03:30:00.000000,2026-09-16 18:32:55
204,TXN-100204,14,CASH_OUT,21668.66,73498.18,51829.52,66986.19,88654.85,0,0,12,98,Branch Cashier,Branch Terminal POS,Ahmedabad,Gujarat,23.022000000000002,72.5919,Agricultural Crop Loan EMI,LON-79758,24.7,low,0.433989353559182,"[""Normal transaction parameters consistent with account baseline""]",completed,2026-09-14 03:30:00.000000,2026-09-16 18:32:55
205,TXN-100205,14,PAYMENT,555.55,63818.01,63262.46,298578.01,299133.56,0,0,85,192,Micro-ATM,Branch Terminal POS,Coimbatore,Tamil Nadu,11.0411,76.9316,Agricultural Crop Loan EMI,LON-12192,20.7,low,0.4199099680812599,"[""Normal transaction parameters consistent with account baseline""]",completed,2026-09-14 03:38:00.000000,2026-09-16 18:32:55
206,TXN-100206,14,TRANSFER,32419.39,97498.29,65078.9,63954.22,96373.61,0,0,74,91,NEFT,Branch Terminal POS,Warangal,Telangana,17.953400000000002,79.6006,Self-Help Group (SHG) Pool Contribution,,19.6,low,0.4162233777158957,"[""Normal transaction parameters consistent with account baseline""]",completed,2026-09-14 03:38:00.000000,2026-09-16 18:32:55
207,TXN-100207,14,TRANSFER,5075.93,66695.18,61619.25,85837.7,90913.63,0,0,59,82,UPI,Mobile - Android (CoopPay App),Delhi,Delhi,28.732400000000002,77.1388,Self-Help Group (SHG) Pool Contribution,,14.3,low,0.3976906723350192,"[""Normal transaction parameters consistent with account baseline""]",completed,2026-09-14 03:34:00.000000,2026-09-16 18:32:55
208,TXN-100208,14,CASH_OUT,14615.19,50753.95,36138.76,24598.54,39213.73,0,0,79,10,Branch Cashier,Branch Terminal POS,Lucknow,Uttar Pradesh,26.883899999999997,80.9264,Emergency Healthcare Advance,,32.1,low,0.4595085785343047,[],completed,2026-09-14 03:43:00.000000,2026-09-16 18:32:55
209,TXN-100209,14,TRANSFER,6652.08,71432.76,64780.68,96373.61,103025.69,0,0,29,91,IMPS,Mobile - Android (CoopPay App),Surat,Gujarat,21.1842,72.80990000000001,Dairy Cooperative Milk Payout,,5.0,low,0.3653048683210777,"[""Normal transaction parameters consistent with account baseline""]",completed,2026-09-14 03:42:00.000000,2026-09-16 18:32:55
210,TXN-100210,14,TRANSFER,5012.89,69768.62,64755.73,65251.51,70264.4,0,0,114,55,UPI,Mobile - Android (CoopPay App),Pune,Maharashtra,18.517899999999997,73.8227,Self-Help Group (SHG) Pool Contribution,,2.8,low,0.35742501595233467,"[""Normal transaction parameters consistent with account baseline""]",completed,2026-09-14 03:44:00.000000,2026-09-16 18:32:55
211,TXN-100211,14,CASH_OUT,22843.24,82120.59,59277.35,32508.08,55351.32,0,0,115,99,Branch Cashier,Branch Terminal POS,Nagpur,Maharashtra,21.142200000000003,79.102,Member Share Capital Dividend,,39.6,medium,0.48588471757688073,[],completed,2026-09-14 03:32:00.000000,2026-09-16 18:32:55
212,TXN-100212,14,PAYMENT,1552.8,54919.76,53366.96,310407.77,311960.57,0,0,19,187,Micro-ATM,Branch Terminal POS,Nagpur,Maharashtra,21.125600000000002,79.05330000000001,Micro-Savings Recurring Deposit,,17.0,low,0.40718497901977657,"[""Normal transaction parameters consistent with account baseline""]",completed,2026-09-14 03:33:00.000000,2026-09-16 18:32:55
213,TXN-100213,14,PAYMENT,2241.82,8645.74,6403.92,377049.8,379291.62,0,0,67,195,Micro-ATM,Branch Terminal POS,Nagpur,Maharashtra,21.1738,79.0962,Dairy Cooperative Milk Payout,,33.9,low,0.4657563190035448,[],completed,2026-09-14 03:34:00.000000,2026-09-16 18:32:55
214,TXN-100214,14,DEBIT,4139.83,50441.24,46301.41,84379.05,88518.88,0,0,32,16,Branch Cashier,Branch Terminal POS,Kochi,Kerala,9.9083,76.2485,Emergency Healthcare Advance,,5.6,low,0.36731014074604523,"[""Normal transaction parameters consistent with account baseline""]",completed,2026-09-14 03:35:00.000000,2026-09-16 18:32:55
215,TXN-100215,14,TRANSFER,310460.43,326800.45,16340.02,0.0,310460.43,1,1,76,9,IMPS,Mobile - Android (CoopPay App),Ahmedabad,Gujarat,23.041600000000003,72.5535,Member Share Capital Dividend,,78.2,high,0.6200755491775249,"[""High single-transaction volume (\u20b9310,460.43) exceeding standard cooperative threshold"", ""Transaction amount represents 1778% of total recorded cooperative savings balance"", ""Rapid near-complete balance drainage detected (\u20b9326,800 \u2192 \u20b916,340)"", ""Instant high-value outbound settlement via IMPS""]",flagged,2026-09-14 03:37:00.000000,2026-09-16 18:32:55
216,TXN-100216,15,TRANSFER,502.32,59277.35,58775.03,49646.88,50149.2,0,0,115,105,UPI,Mobile - Android (CoopPay App),Nagpur,Maharashtra,21.142200000000003,79.102,Agricultural Crop Loan EMI,LON-22255,54.3,medium,0.5370164032231162,"[""Multi-dimensional behavioral anomaly flagged by Isolation Forest scoring engine""]",completed,2026-09-14 03:49:00.000000,2026-09-16 18:32:55
217,TXN-100217,15,TRANSFER,1554.63,38955.0,37400.37,65358.63,66913.26,0,0,81,57,RTGS,Branch Terminal POS,Mumbai,Maharashtra,19.0993,72.8558,Emergency Healthcare Advance,,5.4,low,0.3666999828431918,"[""Normal transaction parameters consistent with account baseline""]",completed,2026-09-14 03:51:00.000000,2026-09-16 18:32:55
218,TXN-100218,15,CASH_OUT,2311.68,55351.32,53039.64,52241.72,54553.4,0,0,99,63,Branch Cashier,Branch Terminal POS,Nagpur,Maharashtra,21.1654,79.1046,Solar Pump Subsidy Disbursal,,17.5,low,0.40873697502406725,"[""Normal transaction parameters consistent with account baseline""]",completed,2026-09-14 03:53:00.000000,2026-09-16 18:32:55
219,TXN-100219,15,CASH_OUT,6491.56,46301.41,39809.85,30712.79,37204.35,0,0,32,37,Branch Cashier,Branch Terminal POS,Kochi,Kerala,9.9083,76.2485,Agricultural Crop Loan EMI,LON-32463,18.3,low,0.4115064835147654,"[""Normal transaction parameters consistent with account baseline""]",completed,2026-09-14 03:45:00.000000,2026-09-16 18:32:55
220,TXN-100220,15,CASH_OUT,4249.88,39213.73,34963.85,39809.85,44059.73,0,0,10,32,Branch Cashier,Branch Terminal POS,Warangal,Telangana,17.961000000000002,79.5594,Solar Pump Subsidy Disbursal,,27.8,low,0.44456145332098396,"[""Normal transaction parameters consistent with account baseline""]",completed,2026-09-14 03:46:00.000000,2026-09-16 18:32:55
221,TXN-100221,15,TRANSFER,14562.89,58775.03,44212.14,12667.7,27230.59,0,0,115,111,RTGS,Branch Terminal POS,Nagpur,Maharashtra,21.142200000000003,79.102,Micro-Savings Recurring Deposit,,30.5,low,0.4541952791425984,[],completed,2026-09-14 03:58:00.000000,2026-09-16 18:32:55
222,TXN-100222,15,DEBIT,19725.97,83908.81,64182.84,57161.84,76887.81,0,0,107,58,Branch Cashier,Branch Terminal POS,Delhi,Delhi,28.736,77.09970000000001,Dairy Cooperative Milk Payout,,25.4,low,0.4362958526417528,"[""Normal transaction parameters consistent with account baseline""]",completed,2026-09-14 03:54:00.000000,2026-09-16 18:32:55
223,TXN-100223,15,DEBIT,2343.98,27487.24,25143.26,70264.4,72608.38,0,0,93,55,Branch Cashier,Branch Terminal POS,Surat,Gujarat,21.1399,72.869,Self-Help Group (SHG) Pool Contribution,,11.0,low,0.3860562906496496,"[""Normal transaction parameters consistent with account baseline""]",completed,2026-09-14 03:59:00.000000,2026-09-16 18:32:55
224,TXN-100224,15,PAYMENT,1194.72,35949.38,34754.66,417108.83,418303.55,0,0,61,199,UPI,Mobile - Android (CoopPay App),Surat,Gujarat,21.151,72.8173,Member Share Capital Dividend,,23.4,low,0.42920229592268044,"[""Normal transaction parameters consistent with account baseline""]",completed,2026-09-14 03:59:00.000000,2026-09-16 18:32:55
225,TXN-100225,15,TRANSFER,15242.51,31575.42,16332.91,88654.85,103897.36,0,0,77,98,RTGS,Branch Terminal POS,Surat,Gujarat,21.154400000000003,72.8477,Tractor Equipment Finance,,7.7,low,0.37458991131795755,"[""Normal transaction parameters consistent with account baseline""]",completed,2026-09-14 03:48:00.000000,2026-09-16 18:32:55
226,TXN-100226,15,PAYMENT,1680.09,28557.14,26877.05,379291.62,380971.71,0,0,86,195,UPI,Mobile - Android (CoopPay App),Madurai,Tamil Nadu,9.9589,78.11489999999999,Tractor Equipment Finance,,21.0,low,0.42079703352244535,"[""Normal transaction parameters consistent with account baseline""]",completed,2026-09-14 03:45:00.000000,2026-09-16 18:32:55
227,TXN-100227,15,TRANSFER,6619.88,61619.25,54999.37,29329.5,35949.38,0,0,59,61,UPI,Mobile - Android (CoopPay App),Delhi,Delhi,28.732400000000002,77.1388,Fertilizer & Seed Procurement,,16.3,low,0.4046931882586736,"[""Normal transaction parameters consistent with account baseline""]",completed,2026-09-14 03:59:00.000000,2026-09-16 18:32:55
228,TXN-100228,15,TRANSFER,725.99,73428.43,72702.44,23736.51,24462.5,0,0,30,20,NEFT,Branch Terminal POS,Jaipur,Rajasthan,26.9142,75.8221,Agricultural Crop Loan EMI,LON-37152,13.7,low,0.3956410198211218,"[""Normal transaction parameters consistent with account baseline""]",completed,2026-09-14 03:59:00.000000,2026-09-16 18:32:55
229,TXN-100229,15,TRANSFER,5895.58,152049.96,146154.38,17840.93,23736.51,0,0,70,20,IMPS,Mobile - Android (CoopPay App),Madurai,Tamil Nadu,9.9517,78.0867,Emergency Healthcare Advance,,1.9,low,0.35426725588082053,"[""Normal transaction parameters consistent with account baseline""]",completed,2026-09-14 03:54:00.000000,2026-09-16 18:32:55
230,TXN-100230,15,TRANSFER,3033.7,94255.11,91221.41,57380.01,60413.71,0,0,35,116,UPI,Mobile - Android (CoopPay App),Nagpur,Maharashtra,21.174,79.0886,Tractor Equipment Finance,,2.0,low,0.3546575339656927,"[""Normal transaction parameters consistent with account baseline""]",completed,2026-09-14 03:59:00.000000,2026-09-16 18:32:55
231,TXN-100231,16,PAYMENT,1075.06,26877.05,25801.99,449808.27,450883.33,0,0,86,193,UPI,Mobile - Android (CoopPay App),Madurai,Tamil Nadu,9.9589,78.11489999999999,Emergency Healthcare Advance,,17.8,low,0.40997504637576476,"[""Normal transaction parameters consistent with account baseline""]",completed,2026-09-14 04:02:00.000000,2026-09-16 18:32:55
232,TXN-100232,16,TRANSFER,6377.63,45944.97,39567.34,31822.87,38200.5,0,0,63,44,NEFT,Branch Terminal POS,Lucknow,Uttar Pradesh,26.8827,80.9221,Emergency Healthcare Advance,,28.3,low,0.44648143916453714,"[""Normal transaction parameters consistent with account baseline""]",completed,2026-09-14 04:10:00.000000,2026-09-16 18:32:55
233,TXN-100233,16,TRANSFER,17743.62,25143.26,7399.64,36301.49,54045.11,0,0,93,60,IMPS,Mobile - Android (CoopPay App),Surat,Gujarat,21.1399,72.869,Dairy Cooperative Milk Payout,,15.6,low,0.40219573340726306,"[""Normal transaction parameters consistent with account baseline""]",completed,2026-09-14 04:12:00.000000,2026-09-16 18:32:55
234,TXN-100234,16,CASH_OUT,1353.58,44658.97,43305.39,27230.59,28584.17,0,0,39,111,Branch Cashier,Branch Terminal POS,Bengaluru,Karnataka,13.0097,77.6195,Micro-Savings Recurring Deposit,,19.7,low,0.41658733461349634,"[""Normal transaction parameters consistent with account baseline""]",completed,2026-09-14 04:08:00.000000,2026-09-16 18:32:55
235,TXN-100235,16,DEBIT,2607.47,91876.97,89269.5,51148.69,53756.16,0,0,75,3,Branch Cashier,Branch Terminal POS,Delhi,Delhi,28.6858,77.0826,Dairy Cooperative Milk Payout,,4.7,low,0.36417393464342923,"[""Normal transaction parameters consistent with account baseline""]",completed,2026-09-14 04:00:00.000000,2026-09-16 18:32:55
236,TXN-100236,16,CASH_IN,22862.25,15000.0,37862.25,44212.14,67074.39,0,0,164,115,Branch Cashier,Branch Terminal POS,Chennai,Tamil Nadu,13.0655,80.29060000000001,Member Share Capital Dividend,,60.6,high,0.5589761498847994,"[""Multi-dimensional behavioral anomaly flagged by Isolation Forest scoring engine""]",flagged,2026-09-14 04:06:00.000000,2026-09-16 18:32:55
237,TXN-100237,16,TRANSFER,8608.43,54553.4,45944.97,67596.07,76204.5,0,0,63,56,UPI,Mobile - Android (CoopPay App),Lucknow,Uttar Pradesh,26.8827,80.9221,Micro-Savings Recurring Deposit,,37.0,medium,0.4767817576025713,[],completed,2026-09-14 04:13:00.000000,2026-09-16 18:32:55
238,TXN-100238,16,PAYMENT,5485.13,53485.49,48000.36,497810.4,503295.53,0,0,103,190,Micro-ATM,Branch Terminal POS,Bengaluru,Karnataka,12.9864,77.5776,Micro-Savings Recurring Deposit,,19.8,low,0.416938793027686,"[""Normal transaction parameters consistent with account baseline""]",completed,2026-09-14 04:09:00.000000,2026-09-16 18:32:55
239,TXN-100239,16,CASH_OUT,11438.46,2347.28,0.0,56542.55,67981.01,0,0,69,71,Branch Cashier,Branch Terminal POS,Coimbatore,Tamil Nadu,11.0334,76.9506,Tractor Equipment Finance,,42.6,medium,0.49608325181118734,[],completed,2026-09-14 04:00:00.000000,2026-09-16 18:32:55
240,TXN-100240,16,DEBIT,11125.9,33976.43,22850.53,65078.9,76204.8,0,0,110,74,Branch Cashier,Branch Terminal POS,Jaipur,Rajasthan,26.934700000000003,75.8252,Solar Pump Subsidy Disbursal,,14.0,low,0.3966467863670899,"[""Normal transaction parameters consistent with account baseline""]",completed,2026-09-14 04:12:00.000000,2026-09-16 18:32:55
241,TXN-100241,16,PAYMENT,2177.79,42929.53,40751.74,299133.56,301311.35,0,0,49,192,UPI,Mobile - Android (CoopPay App),Mumbai,Maharashtra,19.073900000000002,72.9098,Micro-Savings Recurring Deposit,,12.1,low,0.3899805741323452,"[""Normal transaction parameters consistent with account baseline""]",completed,2026-09-14 04:07:00.000000,2026-09-16 18:32:55
242,TXN-100242,16,TRANSFER,5192.51,93955.07,88762.56,85211.01,90403.52,0,0,54,100,RTGS,Branch Terminal POS,Madurai,Tamil Nadu,9.9328,78.1558,Emergency Healthcare Advance,,21.3,low,0.42214756541945,"[""Normal transaction parameters consistent with account baseline""]",completed,2026-09-14 04:08:00.000000,2026-09-16 18:32:55
243,TXN-100243,16,TRANSFER,24022.24,103025.69,79003.45,77918.95,101941.19,0,0,91,54,RTGS,Branch Terminal POS,Delhi,Delhi,28.6893,77.08840000000001,Dairy Cooperative Milk Payout,,20.2,low,0.4180075157672658,"[""Normal transaction parameters consistent with account baseline""]",completed,2026-09-14 04:02:00.000000,2026-09-16 18:32:55
244,TXN-100244,16,TRANSFER,28045.13,102573.5,74528.37,34754.66,62799.79,0,0,53,61,NEFT,Branch Terminal POS,Coimbatore,Tamil Nadu,10.9808,76.9357,Member Share Capital Dividend,,10.7,low,0.38522997772421,"[""Normal transaction parameters consistent with account baseline""]",completed,2026-09-14 04:12:00.000000,2026-09-16 18:32:55
245,TXN-100245,16,TRANSFER,7986.12,101941.19,93955.07,102095.52,110081.64,0,0,54,108,UPI,Mobile - Android (CoopPay App),Madurai,Tamil Nadu,9.9328,78.1558,Dairy Cooperative Milk Payout,,27.3,low,0.4428229485302492,"[""Normal transaction parameters consistent with account baseline""]",completed,2026-09-14 04:11:00.000000,2026-09-16 18:32:55
246,TXN-100246,17,PAYMENT,3094.57,28584.17,25489.6,312108.67,315203.24,0,0,111,187,UPI,Mobile - Android (CoopPay App),Lucknow,Uttar Pradesh,26.8219,80.9263,Emergency Healthcare Advance,,19.9,low,0.4169778422882785,"[""Normal transaction parameters consistent with account baseline""]",completed,2026-09-14 04:19:00.000000,2026-09-16 18:32:55
247,TXN-100247,17,TRANSFER,28567.79,89741.0,61173.21,58777.52,87345.31,0,0,34,28,IMPS,Mobile - Android (CoopPay App),Pune,Maharashtra,18.5016,73.8879,Emergency Healthcare Advance,,14.1,low,0.39710252546546987,"[""Normal transaction parameters consistent with account baseline""]",completed,2026-09-14 04:26:00.000000,2026-09-16 18:32:55
248,TXN-100248,17,TRANSFER,500.77,0.0,0.0,37547.37,38048.14,0,0,69,51,NEFT,Branch Terminal POS,Coimbatore,Tamil Nadu,11.0334,76.9506,Dairy Cooperative Milk Payout,,44.4,medium,0.5025043661775714,[],completed,2026-09-14 04:20:00.000000,2026-09-16 18:32:55
249,TXN-100249,17,TRANSFER,3682.93,44059.73,40376.8,53756.16,57439.09,0,0,32,3,UPI,Mobile - Android (CoopPay App),Kochi,Kerala,9.9083,76.2485,Tractor Equipment Finance,,2.6,low,0.35703579145677244,"[""Normal transaction parameters consistent with account baseline""]",completed,2026-09-14 04:16:00.000000,2026-09-16 18:32:55
250,TXN-100250,17,PAYMENT,950.23,27925.59,26975.36,326948.77,327899.0,0,0,11,189,Micro-ATM,Branch Terminal POS,Delhi,Delhi,28.6853,77.0822,Tractor Equipment Finance,,42.1,medium,0.49439543228221855,[],completed,2026-09-14 04:22:00.000000,2026-09-16 18:32:55
251,TXN-100251,17,PAYMENT,148.1,29743.99,29595.89,311960.57,312108.67,0,0,76,187,UPI,Mobile - Android (CoopPay App),Ahmedabad,Gujarat,23.041600000000003,72.5535,Dairy Cooperative Milk Payout,,65.1,high,0.5745707050291732,"[""Multi-dimensional behavioral anomaly flagged by Isolation Forest scoring engine""]",flagged,2026-09-14 04:16:00.000000,2026-09-16 18:32:55
252,TXN-100252,17,TRANSFER,6061.21,39348.09,33286.88,116009.03,122070.24,0,0,113,97,RTGS,Branch Terminal POS,Mumbai,Maharashtra,19.078500000000002,72.91080000000001,Solar Pump Subsidy Disbursal,,6.0,low,0.368832809466049,"[""Normal transaction parameters consistent with account baseline""]",completed,2026-09-14 04:17:00.000000,2026-09-16 18:32:55
253,TXN-100253,17,TRANSFER,1259.56,54999.37,53739.81,53039.64,54299.2,0,0,59,99,RTGS,Branch Terminal POS,Delhi,Delhi,28.732400000000002,77.1388,Dairy Cooperative Milk Payout,,18.9,low,0.41375382802877686,"[""Normal transaction parameters consistent with account baseline""]",completed,2026-09-14 04:23:00.000000,2026-09-16 18:32:55
254,TXN-100254,17,PAYMENT,3379.94,64780.68,61400.74,418303.55,421683.49,0,0,29,199,UPI,Mobile - Android (CoopPay App),Surat,Gujarat,21.1842,72.80990000000001,Micro-Savings Recurring Deposit,,21.4,low,0.42236073571686694,"[""Normal transaction parameters consistent with account baseline""]",completed,2026-09-14 04:15:00.000000,2026-09-16 18:32:55
255,TXN-100255,17,TRANSFER,12198.44,146154.38,133955.94,47150.66,59349.1,0,0,70,45,UPI,Mobile - Android (CoopPay App),Madurai,Tamil Nadu,9.9517,78.0867,Micro-Savings Recurring Deposit,,3.3,low,0.35946242211432083,"[""Normal transaction parameters consistent with account baseline""]",completed,2026-09-14 04:23:00.000000,2026-09-16 18:32:55
256,TXN-100256,17,TRANSFER,13267.55,12336.12,0.0,58381.56,71649.11,0,0,118,80,RTGS,Branch Terminal POS,Madurai,Tamil Nadu,9.893,78.1508,Agricultural Crop Loan EMI,LON-48253,54.0,medium,0.5359836261548182,"[""Rapid near-complete balance drainage detected (\u20b912,336 \u2192 \u20b90)""]",completed,2026-09-14 04:28:00.000000,2026-09-16 18:32:55
257,TXN-100257,17,TRANSFER,4310.7,36905.08,32594.38,92189.92,96500.62,0,0,84,4,RTGS,Branch Terminal POS,Chennai,Tamil Nadu,13.045300000000001,80.25370000000001,Dairy Cooperative Milk Payout,,0.6,low,0.3499425923213075,"[""Normal transaction parameters consistent with account baseline""]",completed,2026-09-14 04:21:00.000000,2026-09-16 18:32:55
258,TXN-100258,17,PAYMENT,6406.68,26975.36,20568.68,192824.42,199231.1,0,0,11,198,UPI,Mobile - Android (CoopPay App),Delhi,Delhi,28.6853,77.0822,Self-Help Group (SHG) Pool Contribution,,50.2,medium,0.5226815904539773,"[""Multi-dimensional behavioral anomaly flagged by Isolation Forest scoring engine""]",completed,2026-09-14 04:26:00.000000,2026-09-16 18:32:55
259,TXN-100259,17,TRANSFER,3316.58,64182.84,60866.26,110081.64,113398.22,0,0,107,108,RTGS,Branch Terminal POS,Delhi,Delhi,28.736,77.09970000000001,Fertilizer & Seed Procurement,,11.0,low,0.38596021899693334,"[""Normal transaction parameters consistent with account baseline""]",completed,2026-09-14 04:17:00.000000,2026-09-16 18:32:55
260,TXN-100260,17,TRANSFER,2276.03,71649.11,69373.08,52607.98,54884.01,0,0,80,17,NEFT,Branch Terminal POS,Kochi,Kerala,9.941600000000001,76.2316,Tractor Equipment Finance,,2.5,low,0.3564292825626076,"[""Normal transaction parameters consistent with account baseline""]",completed,2026-09-14 04:17:00.000000,2026-09-16 18:32:55
261,TXN-100261,18,PAYMENT,348.93,79895.34,79546.41,96584.05,96932.98,0,0,88,188,Micro-ATM,Branch Terminal POS,Mysuru,Karnataka,12.3215,76.6455,Fertilizer & Seed Procurement,,28.3,low,0.44629538658788354,"[""Normal transaction parameters consistent with account baseline""]",completed,2026-09-14 04:34:00.000000,2026-09-16 18:32:55
262,TXN-100262,18,PAYMENT,611.47,60866.26,60254.79,95972.58,96584.05,0,0,107,188,UPI,Mobile - Android (CoopPay App),Delhi,Delhi,28.736,77.09970000000001,Emergency Healthcare Advance,,21.1,low,0.42115381949083414,"[""Normal transaction parameters consistent with account baseline""]",completed,2026-09-14 04:31:00.000000,2026-09-16 18:32:55
263,TXN-100263,18,CASH_OUT,4092.37,107513.33,103420.96,22850.53,26942.9,0,0,90,110,Branch Cashier,Branch Terminal POS,Warangal,Telangana,17.997500000000002,79.5805,Emergency Healthcare Advance,,13.3,low,0.3939975709369268,"[""Normal transaction parameters consistent with account baseline""]",completed,2026-09-14 04:34:00.000000,2026-09-16 18:32:55
264,TXN-100264,18,CASH_IN,23897.22,15000.0,38897.22,76494.39,100391.61,0,0,122,102,Branch Cashier,Branch Terminal POS,Warangal,Telangana,17.9459,79.6053,Solar Pump Subsidy Disbursal,,56.5,medium,0.5445674904512735,"[""Multi-dimensional behavioral anomaly flagged by Isolation Forest scoring engine""]",completed,2026-09-14 04:34:00.000000,2026-09-16 18:32:55
265,TXN-100265,18,TRANSFER,1887.42,44207.73,42320.31,32594.38,34481.8,0,0,48,84,UPI,Mobile - Android (CoopPay App),Kochi,Kerala,9.925600000000001,76.2737,Micro-Savings Recurring Deposit,,9.8,low,0.38189375085337784,"[""Normal transaction parameters consistent with account baseline""]",completed,2026-09-14 04:42:00.000000,2026-09-16 18:32:55
266,TXN-100266,18,PAYMENT,1777.33,59349.1,57571.77,214261.95,216039.28,0,0,45,197,UPI,Mobile - Android (CoopPay App),Surat,Gujarat,21.130300000000002,72.86510000000001,Solar Pump Subsidy Disbursal,,11.7,low,0.388517294993258,"[""Normal transaction parameters consistent with account baseline""]",completed,2026-09-14 04:34:00.000000,2026-09-16 18:32:55
267,TXN-100267,18,TRANSFER,11094.76,54299.2,43204.44,38068.93,49163.69,0,0,99,78,IMPS,Mobile - Android (CoopPay App),Nagpur,Maharashtra,21.1654,79.1046,Solar Pump Subsidy Disbursal,,17.1,low,0.4073027847153622,"[""Normal transaction parameters consistent with account baseline""]",completed,2026-09-14 04:39:00.000000,2026-09-16 18:32:55
268,TXN-100268,18,TRANSFER,19025.12,40751.74,21726.62,7399.64,26424.76,0,0,49,93,IMPS,Mobile - Android (CoopPay App),Mumbai,Maharashtra,19.073900000000002,72.9098,Tractor Equipment Finance,,16.7,low,0.40585634177673624,"[""Normal transaction parameters consistent with account baseline""]",completed,2026-09-14 04:31:00.000000,2026-09-16 18:32:55
269,TXN-100269,18,CASH_OUT,37216.68,90403.52,53186.84,59438.2,96654.88,0,0,100,40,Branch Cashier,Branch Terminal POS,Chennai,Tamil Nadu,13.119900000000001,80.2573,Emergency Healthcare Advance,,46.1,medium,0.5084506676936288,[],completed,2026-09-14 04:30:00.000000,2026-09-16 18:32:55
270,TXN-100270,18,PAYMENT,2737.51,96654.88,93917.37,454350.9,457088.41,0,0,40,201,Micro-ATM,Branch Terminal POS,Mysuru,Karnataka,12.32,76.6685,Micro-Savings Recurring Deposit,,29.3,low,0.4498018415041486,"[""Normal transaction parameters consistent with account baseline""]",completed,2026-09-14 04:35:00.000000,2026-09-16 18:32:55
271,TXN-100271,18,TRANSFER,12516.02,71401.01,58884.99,94997.31,107513.33,0,0,26,90,NEFT,Branch Terminal POS,Warangal,Telangana,18.0011,79.5673,Emergency Healthcare Advance,,13.5,low,0.3949988084871387,"[""Normal transaction parameters consistent with account baseline""]",completed,2026-09-14 04:37:00.000000,2026-09-16 18:32:55
272,TXN-100272,18,PAYMENT,3700.77,87345.31,83644.54,122379.79,126080.56,0,0,28,191,UPI,Mobile - Android (CoopPay App),Ahmedabad,Gujarat,22.9871,72.57809999999999,Tractor Equipment Finance,,16.6,low,0.40580625005240145,"[""Normal transaction parameters consistent with account baseline""]",completed,2026-09-14 04:43:00.000000,2026-09-16 18:32:55
273,TXN-100273,18,PAYMENT,204.45,62799.79,62595.34,373245.83,373450.28,0,0,61,196,UPI,Mobile - Android (CoopPay App),Surat,Gujarat,21.151,72.8173,Solar Pump Subsidy Disbursal,,47.3,medium,0.5127428441158265,[],completed,2026-09-14 04:35:00.000000,2026-09-16 18:32:55
274,TXN-100274,18,CASH_IN,24993.22,15000.0,39993.22,49163.69,74156.91,0,0,126,78,Branch Cashier,Branch Terminal POS,Jaipur,Rajasthan,26.8825,75.781,Fertilizer & Seed Procurement,,63.9,high,0.5703857659896426,"[""Multi-dimensional behavioral anomaly flagged by Isolation Forest scoring engine""]",flagged,2026-09-14 04:35:00.000000,2026-09-16 18:32:55
275,TXN-100275,18,PAYMENT,1559.17,50617.19,49058.02,452791.73,454350.9,0,0,14,201,Micro-ATM,Branch Terminal POS,Jaipur,Rajasthan,26.9339,75.7745,Tractor Equipment Finance,,13.1,low,0.3935672260134124,"[""Normal transaction parameters consistent with account baseline""]",completed,2026-09-14 04:36:00.000000,2026-09-16 18:32:55
276,TXN-100276,19,TRANSFER,12626.51,89799.11,77172.6,40376.8,53003.31,0,0,35,32,RTGS,Branch Terminal POS,Nagpur,Maharashtra,21.174,79.0886,Member Share Capital Dividend,,22.1,low,0.42484572326738157,"[""Normal transaction parameters consistent with account baseline""]",completed,2026-09-14 04:56:00.000000,2026-09-16 18:32:55
277,TXN-100277,19,CASH_OUT,4973.01,77188.0,72214.99,16332.91,21305.92,0,0,56,77,Branch Cashier,Branch Terminal POS,Mysuru,Karnataka,12.262,76.6223,Emergency Healthcare Advance,,18.4,low,0.41191513396280954,"[""Normal transaction parameters consistent with account baseline""]",completed,2026-09-14 04:50:00.000000,2026-09-16 18:32:55
278,TXN-100278,19,TRANSFER,1135.27,74611.63,73476.36,39567.34,40702.61,0,0,109,63,RTGS,Branch Terminal POS,Surat,Gujarat,21.158900000000003,72.8148,Micro-Savings Recurring Deposit,,8.6,low,0.37765374729342077,"[""Normal transaction parameters consistent with account baseline""]",completed,2026-09-14 04:49:00.000000,2026-09-16 18:32:55
279,TXN-100279,19,DEBIT,5417.9,60254.79,54836.89,81622.48,87040.38,0,0,107,36,Branch Cashier,Branch Terminal POS,Delhi,Delhi,28.736,77.09970000000001,Member Share Capital Dividend,,10.8,low,0.38536745695097063,"[""Normal transaction parameters consistent with account baseline""]",completed,2026-09-14 04:46:00.000000,2026-09-16 18:32:55
280,TXN-100280,19,PAYMENT,898.16,51285.91,50387.75,414875.3,415773.46,0,0,47,200,UPI,Mobile - Android (CoopPay App),Lucknow,Uttar Pradesh,26.8599,80.93650000000001,Self-Help Group (SHG) Pool Contribution,,16.3,low,0.40460194138615446,"[""Normal transaction parameters consistent with account baseline""]",completed,2026-09-14 04:54:00.000000,2026-09-16 18:32:55
281,TXN-100281,19,PAYMENT,3866.97,63863.86,59996.89,216039.28,219906.25,0,0,60,197,Micro-ATM,Branch Terminal POS,Ahmedabad,Gujarat,23.0094,72.5857,Member Share Capital Dividend,,18.0,low,0.4103504194233506,"[""Normal transaction parameters consistent with account baseline""]",completed,2026-09-14 04:45:00.000000,2026-09-16 18:32:55
282,TXN-100282,19,TRANSFER,3558.21,21726.62,18168.41,39345.43,42903.64,0,0,49,65,NEFT,Branch Terminal POS,Mumbai,Maharashtra,19.073900000000002,72.9098,Dairy Cooperative Milk Payout,,14.9,low,0.39964947073345614,"[""Normal transaction parameters consistent with account baseline""]",completed,2026-09-14 04:52:00.000000,2026-09-16 18:32:55
283,TXN-100283,19,TRANSFER,7439.89,38200.5,30760.61,72608.38,80048.27,0,0,44,55,RTGS,Branch Terminal POS,Ahmedabad,Gujarat,23.0102,72.5943,Solar Pump Subsidy Disbursal,,3.3,low,0.35942464243792205,"[""Normal transaction parameters consistent with account baseline""]",completed,2026-09-14 04:58:00.000000,2026-09-16 18:32:55
284,TXN-100284,19,CASH_OUT,7437.37,28232.44,20795.07,63262.46,70699.83,0,0,23,85,Branch Cashier,Branch Terminal POS,Bengaluru,Karnataka,12.9956,77.5633,Tractor Equipment Finance,,33.5,low,0.4646108980408201,[],completed,2026-09-14 04:47:00.000000,2026-09-16 18:32:55
285,TXN-100285,19,CASH_OUT,983.5,53739.81,52756.31,76204.5,77188.0,0,0,59,56,Branch Cashier,Branch Terminal POS,Delhi,Delhi,28.732400000000002,77.1388,Tractor Equipment Finance,,42.6,medium,0.49614567003032944,[],completed,2026-09-14 04:48:00.000000,2026-09-16 18:32:55
286,TXN-100286,19,PAYMENT,1422.3,91221.41,89799.11,457088.41,458510.71,0,0,35,201,UPI,Mobile - Android (CoopPay App),Nagpur,Maharashtra,21.174,79.0886,Emergency Healthcare Advance,,34.2,low,0.4670869442181042,[],completed,2026-09-14 04:55:00.000000,2026-09-16 18:32:55
287,TXN-100287,19,CASH_OUT,9818.75,0.0,0.0,54045.11,63863.86,0,0,69,60,Branch Cashier,Branch Terminal POS,Coimbatore,Tamil Nadu,11.0334,76.9506,Emergency Healthcare Advance,,45.1,medium,0.5049524922809544,[],completed,2026-09-14 04:57:00.000000,2026-09-16 18:32:55
288,TXN-100288,19,PAYMENT,1581.61,33286.88,31705.27,421683.49,423265.1,0,0,113,199,Micro-ATM,Branch Terminal POS,Mumbai,Maharashtra,19.078500000000002,72.91080000000001,Solar Pump Subsidy Disbursal,,18.4,low,0.4119565257289989,"[""Normal transaction parameters consistent with account baseline""]",completed,2026-09-14 04:46:00.000000,2026-09-16 18:32:55
289,TXN-100289,19,PAYMENT,1832.81,65317.38,63484.57,450883.33,452716.14,0,0,106,193,Micro-ATM,Branch Terminal POS,Warangal,Telangana,17.9785,79.57339999999999,Self-Help Group (SHG) Pool Contribution,,12.0,low,0.38946280731760163,"[""Normal transaction parameters consistent with account baseline""]",completed,2026-09-14 04:54:00.000000,2026-09-16 18:32:55
290,TXN-100290,19,TRANSFER,389.83,83644.54,83254.71,77172.6,77562.43,0,0,28,35,RTGS,Branch Terminal POS,Ahmedabad,Gujarat,22.9871,72.57809999999999,Self-Help Group (SHG) Pool Contribution,,24.7,low,0.43370418106581665,"[""Normal transaction parameters consistent with account baseline""]",completed,2026-09-14 04:53:00.000000,2026-09-16 18:32:55
291,TXN-100291,20,TRANSFER,84772.5,75807.52,0.0,211272.88,296045.38,1,1,88,106,NEFT,Branch Terminal POS,Mysuru,Karnataka,12.3215,76.6455,Self-Help Group (SHG) Pool Contribution,,71.5,high,0.5968017389644438,"[""Transaction amount represents 158% of total recorded cooperative savings balance"", ""Rapid near-complete balance drainage detected (\u20b975,808 \u2192 \u20b90)""]",flagged,2026-09-14 05:00:00.000000,2026-09-16 18:32:55
292,TXN-100292,20,TRANSFER,9345.87,30760.61,21414.74,74156.91,83502.78,0,0,44,78,UPI,Mobile - Android (CoopPay App),Ahmedabad,Gujarat,23.0102,72.5943,Dairy Cooperative Milk Payout,,8.7,low,0.37824851416252087,"[""Normal transaction parameters consistent with account baseline""]",completed,2026-09-14 05:09:00.000000,2026-09-16 18:32:55
293,TXN-100293,20,DEBIT,6494.59,103420.96,96926.37,78554.49,85049.08,0,0,90,72,Branch Cashier,Branch Terminal POS,Warangal,Telangana,17.997500000000002,79.5805,Member Share Capital Dividend,,5.5,low,0.3670097855002674,"[""Normal transaction parameters consistent with account baseline""]",completed,2026-09-14 05:12:00.000000,2026-09-16 18:32:55
294,TXN-100294,20,PAYMENT,126.37,57050.86,56924.49,199231.1,199357.47,0,0,89,198,Micro-ATM,Branch Terminal POS,Hyderabad,Telangana,17.3958,78.486,Fertilizer & Seed Procurement,,71.1,high,0.5955245132364306,"[""Multi-dimensional behavioral anomaly flagged by Isolation Forest scoring engine""]",flagged,2026-09-14 05:10:00.000000,2026-09-16 18:32:55
295,TXN-100295,20,PAYMENT,363.9,40702.61,40338.71,505587.33,505951.23,0,0,63,190,UPI,Mobile - Android (CoopPay App),Lucknow,Uttar Pradesh,26.8827,80.9221,Emergency Healthcare Advance,,51.6,medium,0.5274499599328645,"[""Multi-dimensional behavioral anomaly flagged by Isolation Forest scoring engine""]",completed,2026-09-14 05:10:00.000000,2026-09-16 18:32:55
296,TXN-100296,20,PAYMENT,2291.8,54045.38,51753.58,503295.53,505587.33,0,0,2,190,Micro-ATM,Branch Terminal POS,Pune,Maharashtra,18.487399999999997,73.8505,Emergency Healthcare Advance,,12.6,low,0.3915816559786023,"[""Normal transaction parameters consistent with account baseline""]",completed,2026-09-14 05:12:00.000000,2026-09-16 18:32:55
297,TXN-100297,20,TRANSFER,62378.58,65866.24,3487.66,70648.71,133027.29,1,0,52,106,UPI,Mobile - Android (CoopPay App),Chennai,Tamil Nadu,13.097700000000001,80.30210000000001,Dairy Cooperative Milk Payout,,34.8,low,0.4688978130172869,"[""Transaction amount represents 180% of total recorded cooperative savings balance""]",completed,2026-09-14 05:01:00.000000,2026-09-16 18:32:55
298,TXN-100298,20,TRANSFER,3939.58,89269.5,85329.92,67981.01,71920.59,0,0,75,71,IMPS,Mobile - Android (CoopPay App),Delhi,Delhi,28.6858,77.0826,Self-Help Group (SHG) Pool Contribution,,0.8,low,0.3507040304016438,"[""Normal transaction parameters consistent with account baseline""]",completed,2026-09-14 05:04:00.000000,2026-09-16 18:32:55
299,TXN-100299,20,TRANSFER,15442.9,49936.35,34493.45,122070.24,137513.14,0,0,68,97,IMPS,Mobile - Android (CoopPay App),Chennai,Tamil Nadu,13.083200000000001,80.25800000000001,Solar Pump Subsidy Disbursal,,17.0,low,0.4069128307015526,"[""Normal transaction parameters consistent with account baseline""]",completed,2026-09-14 05:11:00.000000,2026-09-16 18:32:55
300,TXN-100300,20,TRANSFER,2982.67,71920.59,68937.92,79003.45,81986.12,0,0,71,91,RTGS,Branch Terminal POS,Bengaluru,Karnataka,12.9585,77.5941,Solar Pump Subsidy Disbursal,,1.6,low,0.35330967057277674,"[""Normal transaction parameters consistent with account baseline""]",completed,2026-09-14 05:05:00.000000,2026-09-16 18:32:55
301,TXN-100301,20,TRANSFER,4889.91,52756.31,47866.4,44323.86,49213.77,0,0,59,33,IMPS,Mobile - Android (CoopPay App),Delhi,Delhi,28.732400000000002,77.1388,Micro-Savings Recurring Deposit,,13.5,low,0.3947295362856866,"[""Normal transaction parameters consistent with account baseline""]",completed,2026-09-14 05:12:00.000000,2026-09-16 18:32:55
302,TXN-100302,20,TRANSFER,10150.67,72702.44,62551.77,62413.16,72563.83,0,0,30,25,RTGS,Branch Terminal POS,Jaipur,Rajasthan,26.9142,75.8221,Dairy Cooperative Milk Payout,,2.9,low,0.35782834607952063,"[""Normal transaction parameters consistent with account baseline""]",completed,2026-09-14 05:00:00.000000,2026-09-16 18:32:55
303,TXN-100303,20,TRANSFER,3483.02,115301.89,111818.87,133955.94,137438.96,0,0,41,70,RTGS,Branch Terminal POS,Hyderabad,Telangana,17.413700000000002,78.4645,Dairy Cooperative Milk Payout,,13.0,low,0.39325031206710587,"[""Normal transaction parameters consistent with account baseline""]",completed,2026-09-14 05:04:00.000000,2026-09-16 18:32:55
304,TXN-100304,20,TRANSFER,5994.08,51829.52,45835.44,74528.37,80522.45,0,0,12,53,IMPS,Mobile - Android (CoopPay App),Ahmedabad,Gujarat,23.022000000000002,72.5919,Micro-Savings Recurring Deposit,,0.7,low,0.35019525013296376,"[""Normal transaction parameters consistent with account baseline""]",completed,2026-09-14 05:01:00.000000,2026-09-16 18:32:55
305,TXN-100305,20,TRANSFER,3436.88,56924.49,53487.61,70699.83,74136.71,0,0,89,85,NEFT,Branch Terminal POS,Hyderabad,Telangana,17.3958,78.486,Solar Pump Subsidy Disbursal,,25.6,low,0.43686470359105944,"[""Normal transaction parameters consistent with account baseline""]",completed,2026-09-14 05:04:00.000000,2026-09-16 18:32:55
306,TXN-100306,20,TRANSFER,3005.97,40338.71,37332.74,57439.09,60445.06,0,0,63,3,IMPS,Mobile - Android (CoopPay App),Lucknow,Uttar Pradesh,26.8827,80.9221,Self-Help Group (SHG) Pool Contribution,,25.1,low,0.43527277549161797,"[""Normal transaction parameters consistent with account baseline""]",completed,2026-09-14 05:12:00.000000,2026-09-16 18:32:55
307,TXN-100307,20,TRANSFER,1756.63,20568.68,18812.05,88762.56,90519.19,0,0,11,54,NEFT,Branch Terminal POS,Delhi,Delhi,28.6853,77.0822,Solar Pump Subsidy Disbursal,,9.1,low,0.37966461145616087,"[""Normal transaction parameters consistent with account baseline""]",completed,2026-09-14 05:07:00.000000,2026-09-16 18:32:55
308,TXN-100308,21,DEBIT,2791.0,49058.02,46267.02,85329.92,88120.92,0,0,14,75,Branch Cashier,Branch Terminal POS,Jaipur,Rajasthan,26.9339,75.7745,Solar Pump Subsidy Disbursal,,9.7,low,0.38175232628368416,"[""Normal transaction parameters consistent with account baseline""]",completed,2026-09-14 05:16:00.000000,2026-09-16 18:32:55
309,TXN-100309,21,DEBIT,4610.19,90913.63,86303.44,37332.74,41942.93,0,0,82,63,Branch Cashier,Branch Terminal POS,Pune,Maharashtra,18.5259,73.8215,Solar Pump Subsidy Disbursal,,4.4,low,0.36330835441184955,"[""Normal transaction parameters consistent with account baseline""]",completed,2026-09-14 05:26:00.000000,2026-09-16 18:32:55
310,TXN-100310,21,PAYMENT,7144.58,68698.34,61553.76,327899.0,335043.58,0,0,38,189,UPI,Mobile - Android (CoopPay App),Madurai,Tamil Nadu,9.9571,78.0966,Tractor Equipment Finance,,22.5,low,0.42626511659921223,"[""Normal transaction parameters consistent with account baseline""]",completed,2026-09-14 05:20:00.000000,2026-09-16 18:32:55
311,TXN-100311,21,CASH_IN,12019.26,15000.0,27019.26,36175.96,48195.22,0,0,180,6,Branch Cashier,Branch Terminal POS,Chennai,Tamil Nadu,13.0806,80.23360000000001,Dairy Cooperative Milk Payout,,55.1,medium,0.5396445544901033,"[""Multi-dimensional behavioral anomaly flagged by Isolation Forest scoring engine""]",completed,2026-09-14 05:15:00.000000,2026-09-16 18:32:55
312,TXN-100312,21,PAYMENT,637.72,81986.12,81348.4,126080.56,126718.28,0,0,91,191,Micro-ATM,Branch Terminal POS,Delhi,Delhi,28.6893,77.08840000000001,Dairy Cooperative Milk Payout,,28.1,low,0.4455716997270859,"[""Normal transaction parameters consistent with account baseline""]",completed,2026-09-14 05:15:00.000000,2026-09-16 18:32:55
313,TXN-100313,21,TRANSFER,4603.77,50387.75,45783.98,51753.58,56357.35,0,0,47,2,IMPS,Mobile - Android (CoopPay App),Lucknow,Uttar Pradesh,26.8599,80.93650000000001,Member Share Capital Dividend,,0.6,low,0.3497606176773657,"[""Normal transaction parameters consistent with account baseline""]",completed,2026-09-14 05:25:00.000000,2026-09-16 18:32:55
314,TXN-100314,21,TRANSFER,17175.81,54836.89,37661.08,62551.77,79727.58,0,0,107,30,IMPS,Mobile - Android (CoopPay App),Delhi,Delhi,28.736,77.09970000000001,Self-Help Group (SHG) Pool Contribution,,26.0,low,0.43851979041563877,"[""Normal transaction parameters consistent with account baseline""]",completed,2026-09-14 05:23:00.000000,2026-09-16 18:32:55
315,TXN-100315,21,PAYMENT,386.35,34493.45,34107.1,96932.98,97319.33,0,0,68,188,Micro-ATM,Branch Terminal POS,Chennai,Tamil Nadu,13.083200000000001,80.25800000000001,Self-Help Group (SHG) Pool Contribution,,23.2,low,0.42856336295196934,"[""Normal transaction parameters consistent with account baseline""]",completed,2026-09-14 05:17:00.000000,2026-09-16 18:32:55
316,TXN-100316,21,PAYMENT,5475.14,26424.76,20949.62,423265.1,428740.24,0,0,93,199,Micro-ATM,Branch Terminal POS,Surat,Gujarat,21.1399,72.869,Member Share Capital Dividend,,30.2,low,0.45317683373174267,[],completed,2026-09-14 05:21:00.000000,2026-09-16 18:32:55
317,TXN-100317,21,CASH_OUT,13090.41,83254.71,70164.3,37204.35,50294.76,0,0,28,37,Branch Cashier,Branch Terminal POS,Ahmedabad,Gujarat,22.9871,72.57809999999999,Emergency Healthcare Advance,,24.2,low,0.4322411248672482,"[""Normal transaction parameters consistent with account baseline""]",completed,2026-09-14 05:27:00.000000,2026-09-16 18:32:55
318,TXN-100318,21,PAYMENT,1906.28,50294.76,48388.48,384283.32,386189.6,0,0,37,194,UPI,Mobile - Android (CoopPay App),Coimbatore,Tamil Nadu,10.9857,76.9914,Fertilizer & Seed Procurement,,10.4,low,0.38393804898356604,"[""Normal transaction parameters consistent with account baseline""]",completed,2026-09-14 05:25:00.000000,2026-09-16 18:32:55
319,TXN-100319,21,TRANSFER,1985.09,21414.74,19429.65,45707.55,47692.64,0,0,44,7,RTGS,Branch Terminal POS,Ahmedabad,Gujarat,23.0102,72.5943,Emergency Healthcare Advance,,4.4,low,0.3630528672007626,"[""Normal transaction parameters consistent with account baseline""]",completed,2026-09-14 05:25:00.000000,2026-09-16 18:32:55
320,TXN-100320,21,TRANSFER,78245.59,29687.34,0.0,133027.29,211272.88,1,0,48,106,IMPS,Mobile - Android (CoopPay App),Kochi,Kerala,9.925600000000001,76.2737,Solar Pump Subsidy Disbursal,,73.8,high,0.6049879477467239,"[""Transaction amount represents 197% of total recorded cooperative savings balance"", ""Rapid near-complete balance drainage detected (\u20b929,687 \u2192 \u20b90)""]",flagged,2026-09-14 05:15:00.000000,2026-09-16 18:32:55
321,TXN-100321,21,TRANSFER,91358.89,25292.8,0.0,296045.38,387404.27,1,1,81,106,RTGS,Branch Terminal POS,Mumbai,Maharashtra,19.0993,72.8558,Emergency Healthcare Advance,,76.6,high,0.6147988594530008,"[""Transaction amount represents 355% of total recorded cooperative savings balance"", ""Rapid near-complete balance drainage detected (\u20b925,293 \u2192 \u20b90)""]",flagged,2026-09-14 05:24:00.000000,2026-09-16 18:32:55
322,TXN-100322,21,DEBIT,712.82,49213.77,48500.95,41942.93,42655.75,0,0,33,63,Branch Cashier,Branch Terminal POS,Mumbai,Maharashtra,19.102700000000002,72.894,Member Share Capital Dividend,,30.5,low,0.45391609283534795,[],completed,2026-09-14 05:15:00.000000,2026-09-16 18:32:55
323,TXN-100323,21,PAYMENT,1851.56,103897.36,102045.8,505951.23,507802.79,0,0,98,190,Micro-ATM,Branch Terminal POS,Pune,Maharashtra,18.5246,73.8602,Dairy Cooperative Milk Payout,,17.5,low,0.408871306318368,"[""Normal transaction parameters consistent with account baseline""]",completed,2026-09-14 05:18:00.000000,2026-09-16 18:32:55
324,TXN-100324,21,CASH_OUT,1096.84,41121.47,40024.63,80522.45,81619.29,0,0,15,53,Branch Cashier,Branch Terminal POS,Lucknow,Uttar Pradesh,26.847299999999997,80.91470000000001,Dairy Cooperative Milk Payout,,20.9,low,0.42066874272556737,"[""Normal transaction parameters consistent with account baseline""]",completed,2026-09-14 05:24:00.000000,2026-09-16 18:32:55
325,TXN-100325,22,PAYMENT,4187.75,53186.84,48999.09,386189.6,390377.35,0,0,100,194,UPI,Mobile - Android (CoopPay App),Chennai,Tamil Nadu,13.119900000000001,80.2573,Micro-Savings Recurring Deposit,,8.7,low,0.378048279340725,"[""Normal transaction parameters consistent with account baseline""]",completed,2026-09-14 05:42:00.000000,2026-09-16 18:32:55
326,TXN-100326,22,PAYMENT,687.79,20795.07,20107.28,335043.58,335731.37,0,0,23,189,UPI,Mobile - Android (CoopPay App),Bengaluru,Karnataka,12.9956,77.5633,Solar Pump Subsidy Disbursal,,22.8,low,0.42723900093825046,"[""Normal transaction parameters consistent with account baseline""]",completed,2026-09-14 05:35:00.000000,2026-09-16 18:32:55
327,TXN-100327,22,CASH_OUT,2956.91,21305.92,18349.01,61400.74,64357.65,0,0,77,29,Branch Cashier,Branch Terminal POS,Surat,Gujarat,21.154400000000003,72.8477,Tractor Equipment Finance,,15.6,low,0.4022810912084107,"[""Normal transaction parameters consistent with account baseline""]",completed,2026-09-14 05:31:00.000000,2026-09-16 18:32:55
328,TXN-100328,22,TRANSFER,4375.48,42351.22,37975.74,25489.6,29865.08,0,0,117,111,RTGS,Branch Terminal POS,Coimbatore,Tamil Nadu,11.0496,76.94,Self-Help Group (SHG) Pool Contribution,,1.4,low,0.35274367563805564,"[""Normal transaction parameters consistent with account baseline""]",completed,2026-09-14 05:40:00.000000,2026-09-16 18:32:55
329,TXN-100329,22,CASH_IN,17021.39,15000.0,32021.39,29595.89,46617.28,0,0,145,76,Branch Cashier,Branch Terminal POS,Mumbai,Maharashtra,19.1049,72.8411,Micro-Savings Recurring Deposit,,55.3,medium,0.5403331347824691,"[""Multi-dimensional behavioral anomaly flagged by Isolation Forest scoring engine""]",completed,2026-09-14 05:40:00.000000,2026-09-16 18:32:55
330,TXN-100330,22,PAYMENT,175.11,41168.2,40993.09,127087.31,127262.42,0,0,27,191,Micro-ATM,Branch Terminal POS,Delhi,Delhi,28.717,77.10140000000001,Emergency Healthcare Advance,,49.1,medium,0.5188644258414252,[],completed,2026-09-14 05:39:00.000000,2026-09-16 18:32:55
331,TXN-100331,22,TRANSFER,1466.28,86459.72,84993.44,96926.37,98392.65,0,0,1,90,UPI,Mobile - Android (CoopPay App),Mumbai,Maharashtra,19.0872,72.83970000000001,Micro-Savings Recurring Deposit,,7.9,low,0.3752424407310791,"[""Normal transaction parameters consistent with account baseline""]",completed,2026-09-14 05:39:00.000000,2026-09-16 18:32:55
332,TXN-100332,22,PAYMENT,440.43,80649.86,80209.43,373450.28,373890.71,0,0,73,196,Micro-ATM,Branch Terminal POS,Hyderabad,Telangana,17.405700000000003,78.50189999999999,Fertilizer & Seed Procurement,,37.0,medium,0.4768226088603661,[],completed,2026-09-14 05:35:00.000000,2026-09-16 18:32:55
333,TXN-100333,22,TRANSFER,1588.08,53708.01,52119.93,43204.44,44792.52,0,0,95,99,NEFT,Branch Terminal POS,Lucknow,Uttar Pradesh,26.885099999999998,80.9257,Dairy Cooperative Milk Payout,,5.7,low,0.3675939456465481,"[""Normal transaction parameters consistent with account baseline""]",completed,2026-09-14 05:43:00.000000,2026-09-16 18:32:55
334,TXN-100334,22,TRANSFER,368034.06,387404.27,19370.21,34419.01,402453.07,1,1,106,77,IMPS,Mobile - Android (CoopPay App),Warangal,Telangana,17.9785,79.57339999999999,Micro-Savings Recurring Deposit,,78.4,high,0.6210047822151881,"[""High single-transaction volume (\u20b9368,034.06) exceeding standard cooperative threshold"", ""Transaction amount represents 627% of total recorded cooperative savings balance"", ""Rapid near-complete balance drainage detected (\u20b9387,404 \u2192 \u20b919,370)"", ""Instant high-value outbound settlement via IMPS""]",flagged,2026-09-14 05:40:00.000000,2026-09-16 18:32:55
335,TXN-100335,22,TRANSFER,1090.62,42655.75,41565.13,86303.44,87394.06,0,0,63,82,IMPS,Mobile - Android (CoopPay App),Lucknow,Uttar Pradesh,26.8827,80.9221,Tractor Equipment Finance,,13.6,low,0.39504544068540143,"[""Normal transaction parameters consistent with account baseline""]",completed,2026-09-14 05:31:00.000000,2026-09-16 18:32:55
336,TXN-100336,22,CASH_IN,16380.99,15000.0,31380.99,18812.05,35193.04,0,0,127,11,Branch Cashier,Branch Terminal POS,Lucknow,Uttar Pradesh,26.846999999999998,80.9818,Fertilizer & Seed Procurement,,48.7,medium,0.5175895478869147,[],completed,2026-09-14 05:31:00.000000,2026-09-16 18:32:55
337,TXN-100337,22,CASH_OUT,1504.85,85049.08,83544.23,36138.76,37643.61,0,0,72,79,Branch Cashier,Branch Terminal POS,Mysuru,Karnataka,12.3262,76.65549999999999,Fertilizer & Seed Procurement,,19.5,low,0.41570830529169367,"[""Normal transaction parameters consistent with account baseline""]",completed,2026-09-14 05:35:00.000000,2026-09-16 18:32:55
338,TXN-100338,22,TRANSFER,1270.94,79546.41,78275.47,24462.5,25733.44,0,0,88,20,RTGS,Branch Terminal POS,Mysuru,Karnataka,12.3215,76.6455,Emergency Healthcare Advance,,11.5,low,0.3878452133451285,"[""Normal transaction parameters consistent with account baseline""]",completed,2026-09-14 05:38:00.000000,2026-09-16 18:32:55
339,TXN-100339,22,TRANSFER,1402.81,74136.71,72733.9,69538.81,70941.62,0,0,85,31,IMPS,Mobile - Android (CoopPay App),Coimbatore,Tamil Nadu,11.0411,76.9316,Emergency Healthcare Advance,,8.0,low,0.37557176694231087,"[""Normal transaction parameters consistent with account baseline""]",completed,2026-09-14 05:39:00.000000,2026-09-16 18:32:55
340,TXN-100340,22,PAYMENT,369.03,0.0,0.0,126718.28,127087.31,0,0,104,191,UPI,Mobile - Android (CoopPay App),Mysuru,Karnataka,12.3281,76.6031,Solar Pump Subsidy Disbursal,,52.5,medium,0.5307384170282375,"[""Multi-dimensional behavioral anomaly flagged by Isolation Forest scoring engine""]",completed,2026-09-14 05:36:00.000000,2026-09-16 18:32:55
341,TXN-100341,23,TRANSFER,13642.88,48388.48,34745.6,62595.34,76238.22,0,0,37,61,IMPS,Mobile - Android (CoopPay App),Coimbatore,Tamil Nadu,10.9857,76.9914,Self-Help Group (SHG) Pool Contribution,,9.7,low,0.3814996619969085,"[""Normal transaction parameters consistent with account baseline""]",completed,2026-09-14 05:55:00.000000,2026-09-16 18:32:55
342,TXN-100342,23,CASH_OUT,6625.86,25250.63,18624.77,83502.78,90128.64,0,0,22,78,Branch Cashier,Branch Terminal POS,Madurai,Tamil Nadu,9.9379,78.1081,Solar Pump Subsidy Disbursal,,20.0,low,0.4173201281941601,"[""Normal transaction parameters consistent with account baseline""]",completed,2026-09-14 05:47:00.000000,2026-09-16 18:32:55
343,TXN-100343,23,CASH_OUT,754.42,47698.91,46944.49,60365.79,61120.21,0,0,96,119,Branch Cashier,Branch Terminal POS,Kochi,Kerala,9.9603,76.24940000000001,Fertilizer & Seed Procurement,,24.3,low,0.4325510348665922,"[""Normal transaction parameters consistent with account baseline""]",completed,2026-09-14 05:49:00.000000,2026-09-16 18:32:55
344,TXN-100344,23,TRANSFER,460.69,22096.89,21636.2,77562.43,78023.12,0,0,83,35,NEFT,Branch Terminal POS,Nagpur,Maharashtra,21.125,79.0924,Solar Pump Subsidy Disbursal,,21.7,low,0.4235317057836209,"[""Normal transaction parameters consistent with account baseline""]",completed,2026-09-14 05:47:00.000000,2026-09-16 18:32:55
345,TXN-100345,23,TRANSFER,2307.15,66913.26,64606.11,48195.22,50502.37,0,0,57,6,UPI,Mobile - Android (CoopPay App),Hyderabad,Telangana,17.375600000000002,78.4589,Micro-Savings Recurring Deposit,,2.9,low,0.3580039361305365,"[""Normal transaction parameters consistent with account baseline""]",completed,2026-09-14 05:54:00.000000,2026-09-16 18:32:55
346,TXN-100346,23,TRANSFER,7820.97,80048.27,72227.3,64357.65,72178.62,0,0,55,29,RTGS,Branch Terminal POS,Bengaluru,Karnataka,12.991100000000001,77.5926,Fertilizer & Seed Procurement,,1.7,low,0.3538326356466839,"[""Normal transaction parameters consistent with account baseline""]",completed,2026-09-14 05:45:00.000000,2026-09-16 18:32:55
347,TXN-100347,23,TRANSFER,10642.21,63484.57,52842.36,69082.95,79725.16,0,0,106,8,RTGS,Branch Terminal POS,Warangal,Telangana,17.9785,79.57339999999999,Self-Help Group (SHG) Pool Contribution,,3.3,low,0.3592684429750051,"[""Normal transaction parameters consistent with account baseline""]",completed,2026-09-14 05:48:00.000000,2026-09-16 18:32:55
348,TXN-100348,23,TRANSFER,16688.51,53487.61,36799.1,66929.02,83617.53,0,0,89,52,RTGS,Branch Terminal POS,Hyderabad,Telangana,17.3958,78.486,Emergency Healthcare Advance,,16.7,low,0.4059015743274868,"[""Normal transaction parameters consistent with account baseline""]",completed,2026-09-14 05:53:00.000000,2026-09-16 18:32:55
349,TXN-100349,23,PAYMENT,213.44,78023.12,77809.68,390377.35,390590.79,0,0,35,194,Micro-ATM,Branch Terminal POS,Nagpur,Maharashtra,21.174,79.0886,Emergency Healthcare Advance,,41.4,medium,0.4920252217490292,[],completed,2026-09-14 05:55:00.000000,2026-09-16 18:32:55
350,TXN-100350,23,TRANSFER,1035.62,79727.58,78691.96,61553.76,62589.38,0,0,30,38,RTGS,Branch Terminal POS,Jaipur,Rajasthan,26.9142,75.8221,Solar Pump Subsidy Disbursal,,9.1,low,0.37952110319945376,"[""Normal transaction parameters consistent with account baseline""]",completed,2026-09-14 05:56:00.000000,2026-09-16 18:32:55
351,TXN-100351,23,CASH_OUT,3144.38,87037.7,83893.32,46617.28,49761.66,0,0,101,76,Branch Cashier,Branch Terminal POS,Coimbatore,Tamil Nadu,11.0096,76.9682,Dairy Cooperative Milk Payout,,15.9,low,0.4031405278790563,"[""Normal transaction parameters consistent with account baseline""]",completed,2026-09-14 05:47:00.000000,2026-09-16 18:32:55
352,TXN-100352,23,TRANSFER,1702.1,78275.47,76573.37,61173.21,62875.31,0,0,88,34,UPI,Mobile - Android (CoopPay App),Mysuru,Karnataka,12.3215,76.6455,Member Share Capital Dividend,,13.6,low,0.3952843695625361,"[""Normal transaction parameters consistent with account baseline""]",completed,2026-09-14 05:54:00.000000,2026-09-16 18:32:55
353,TXN-100353,23,DEBIT,4214.59,98392.65,94178.06,34963.85,39178.44,0,0,90,10,Branch Cashier,Branch Terminal POS,Warangal,Telangana,17.997500000000002,79.5805,Agricultural Crop Loan EMI,LON-46025,5.5,low,0.36712823625497476,"[""Normal transaction parameters consistent with account baseline""]",completed,2026-09-14 05:49:00.000000,2026-09-16 18:32:55
354,TXN-100354,23,PAYMENT,267.19,18349.01,18081.82,315203.24,315470.43,0,0,77,187,Micro-ATM,Branch Terminal POS,Surat,Gujarat,21.154400000000003,72.8477,Fertilizer & Seed Procurement,,40.3,medium,0.48807020340403706,[],completed,2026-09-14 05:48:00.000000,2026-09-16 18:32:55
355,TXN-100355,23,CASH_OUT,4750.03,72733.9,67983.87,58884.99,63635.02,0,0,85,26,Branch Cashier,Branch Terminal POS,Coimbatore,Tamil Nadu,11.0411,76.9316,Solar Pump Subsidy Disbursal,,16.6,low,0.4057522495660614,"[""Normal transaction parameters consistent with account baseline""]",completed,2026-09-14 05:57:00.000000,2026-09-16 18:32:55
356,TXN-100356,24,TRANSFER,4859.06,47866.4,43007.34,48500.95,53360.01,0,0,59,33,RTGS,Branch Terminal POS,Delhi,Delhi,28.732400000000002,77.1388,Self-Help Group (SHG) Pool Contribution,,13.5,low,0.3947295362856866,"[""Normal transaction parameters consistent with account baseline""]",completed,2026-09-14 06:09:00.000000,2026-09-16 18:32:55
357,TXN-100357,24,CASH_OUT,14862.48,50149.2,35286.72,101740.29,116602.77,0,0,105,5,Branch Cashier,Branch Terminal POS,Hyderabad,Telangana,17.387500000000003,78.492,Dairy Cooperative Milk Payout,,22.1,low,0.42479516866712985,"[""Normal transaction parameters consistent with account baseline""]",completed,2026-09-14 06:08:00.000000,2026-09-16 18:32:55
358,TXN-100358,24,TRANSFER,3192.03,88120.92,84928.89,52842.36,56034.39,0,0,75,106,UPI,Mobile - Android (CoopPay App),Delhi,Delhi,28.6858,77.0826,Tractor Equipment Finance,,1.3,low,0.3524687036836597,"[""Normal transaction parameters consistent with account baseline""]",completed,2026-09-14 06:09:00.000000,2026-09-16 18:32:55
359,TXN-100359,24,CASH_IN,12100.83,15000.0,27100.83,41565.13,53665.96,0,0,171,63,Branch Cashier,Branch Terminal POS,Delhi,Delhi,28.6645,77.06880000000001,Self-Help Group (SHG) Pool Contribution,,51.0,medium,0.5253720173160723,"[""Multi-dimensional behavioral anomaly flagged by Isolation Forest scoring engine""]",completed,2026-09-14 06:12:00.000000,2026-09-16 18:32:55
360,TXN-100360,24,TRANSFER,9145.49,57571.77,48426.28,109894.63,119040.12,0,0,45,42,NEFT,Branch Terminal POS,Surat,Gujarat,21.130300000000002,72.86510000000001,Self-Help Group (SHG) Pool Contribution,,1.4,low,0.3525228154177301,"[""Normal transaction parameters consistent with account baseline""]",completed,2026-09-14 06:13:00.000000,2026-09-16 18:32:55
361,TXN-100361,24,TRANSFER,442.92,25801.99,25359.07,89049.35,89492.27,0,0,86,21,UPI,Mobile - Android (CoopPay App),Madurai,Tamil Nadu,9.9589,78.11489999999999,Solar Pump Subsidy Disbursal,,32.1,low,0.45975775086426557,[],completed,2026-09-14 06:13:00.000000,2026-09-16 18:32:55
362,TXN-100362,24,TRANSFER,2091.09,56735.74,54644.65,42903.64,44994.73,0,0,43,65,IMPS,Mobile - Android (CoopPay App),Delhi,Delhi,28.6906,77.0647,Emergency Healthcare Advance,,15.2,low,0.40070705109973825,"[""Normal transaction parameters consistent with account baseline""]",completed,2026-09-14 06:08:00.000000,2026-09-16 18:32:55
363,TXN-100363,24,PAYMENT,2349.09,34745.6,32396.51,452716.14,455065.23,0,0,37,193,UPI,Mobile - Android (CoopPay App),Coimbatore,Tamil Nadu,10.9857,76.9914,Tractor Equipment Finance,,16.5,low,0.40536972489350637,"[""Normal transaction parameters consistent with account baseline""]",completed,2026-09-14 06:01:00.000000,2026-09-16 18:32:55
364,TXN-100364,24,DEBIT,6459.51,64606.11,58146.6,71734.48,78193.99,0,0,57,24,Branch Cashier,Branch Terminal POS,Hyderabad,Telangana,17.375600000000002,78.4589,Agricultural Crop Loan EMI,LON-68947,9.5,low,0.38099231965214303,"[""Normal transaction parameters consistent with account baseline""]",completed,2026-09-14 06:13:00.000000,2026-09-16 18:32:55
365,TXN-100365,24,PAYMENT,1292.79,20107.28,18814.49,219906.25,221199.04,0,0,23,197,Micro-ATM,Branch Terminal POS,Bengaluru,Karnataka,12.9956,77.5633,Dairy Cooperative Milk Payout,,20.5,low,0.4190669078312455,"[""Normal transaction parameters consistent with account baseline""]",completed,2026-09-14 06:04:00.000000,2026-09-16 18:32:55
366,TXN-100366,24,CASH_IN,5428.5,15000.0,20428.5,78691.96,84120.46,0,0,185,30,Branch Cashier,Branch Terminal POS,Hyderabad,Telangana,17.351000000000003,78.4977,Dairy Cooperative Milk Payout,,65.0,high,0.57434447325713,"[""Multi-dimensional behavioral anomaly flagged by Isolation Forest scoring engine""]",flagged,2026-09-14 06:07:00.000000,2026-09-16 18:32:55
367,TXN-100367,24,TRANSFER,10866.08,64755.73,53889.65,99028.55,109894.63,0,0,114,42,IMPS,Mobile - Android (CoopPay App),Pune,Maharashtra,18.517899999999997,73.8227,Member Share Capital Dividend,,3.1,low,0.3584826312079638,"[""Normal transaction parameters consistent with account baseline""]",completed,2026-09-14 06:12:00.000000,2026-09-16 18:32:55
368,TXN-100368,24,TRANSFER,3208.1,76204.8,72996.7,102045.8,105253.9,0,0,74,98,NEFT,Branch Terminal POS,Warangal,Telangana,17.953400000000002,79.6006,Emergency Healthcare Advance,,1.3,low,0.35226323197287185,"[""Normal transaction parameters consistent with account baseline""]",completed,2026-09-14 06:12:00.000000,2026-09-16 18:32:55
369,TXN-100369,24,CASH_IN,6024.38,15000.0,21024.38,49761.66,55786.04,0,0,139,76,Branch Cashier,Branch Terminal POS,Delhi,Delhi,28.6977,77.08980000000001,Fertilizer & Seed Procurement,,58.5,medium,0.551736076956206,"[""Multi-dimensional behavioral anomaly flagged by Isolation Forest scoring engine""]",completed,2026-09-14 06:02:00.000000,2026-09-16 18:32:55
370,TXN-100370,24,TRANSFER,9165.82,90128.64,80962.82,45835.44,55001.26,0,0,78,12,IMPS,Mobile - Android (CoopPay App),Jaipur,Rajasthan,26.9234,75.8075,Member Share Capital Dividend,,11.1,low,0.38662097326143424,"[""Normal transaction parameters consistent with account baseline""]",completed,2026-09-14 06:12:00.000000,2026-09-16 18:32:55
371,TXN-100371,25,DEBIT,936.85,83617.53,82680.68,37661.08,38597.93,0,0,52,107,Branch Cashier,Branch Terminal POS,Chennai,Tamil Nadu,13.097700000000001,80.30210000000001,Agricultural Crop Loan EMI,LON-84720,12.4,low,0.3909337488564803,"[""Normal transaction parameters consistent with account baseline""]",completed,2026-09-14 06:27:00.000000,2026-09-16 18:32:55
372,TXN-100372,25,TRANSFER,7588.11,38597.93,31009.82,67325.05,74913.16,0,0,107,92,NEFT,Branch Terminal POS,Delhi,Delhi,28.736,77.09970000000001,Self-Help Group (SHG) Pool Contribution,,7.0,low,0.3720764488559149,"[""Normal transaction parameters consistent with account baseline""]",completed,2026-09-14 06:20:00.000000,2026-09-16 18:32:55
373,TXN-100373,25,DEBIT,331.79,54884.01,54552.22,76887.81,77219.6,0,0,17,58,Branch Cashier,Branch Terminal POS,Mumbai,Maharashtra,19.0552,72.857,Micro-Savings Recurring Deposit,,32.3,low,0.4604357759634363,[],completed,2026-09-14 06:17:00.000000,2026-09-16 18:32:55
374,TXN-100374,25,PAYMENT,799.7,31705.27,30905.57,97319.33,98119.03,0,0,113,188,Micro-ATM,Branch Terminal POS,Mumbai,Maharashtra,19.078500000000002,72.91080000000001,Tractor Equipment Finance,,15.6,low,0.4021896460642798,"[""Normal transaction parameters consistent with account baseline""]",completed,2026-09-14 06:26:00.000000,2026-09-16 18:32:55
375,TXN-100375,25,CASH_IN,6074.75,15000.0,21074.75,96500.62,102575.37,0,0,136,4,Branch Cashier,Branch Terminal POS,Mysuru,Karnataka,12.3168,76.64529999999999,Tractor Equipment Finance,,53.7,medium,0.5350471953493212,"[""Multi-dimensional behavioral anomaly flagged by Isolation Forest scoring engine""]",completed,2026-09-14 06:24:00.000000,2026-09-16 18:32:55
376,TXN-100376,25,TRANSFER,2778.87,81348.4,78569.53,68937.92,71716.79,0,0,91,71,UPI,Mobile - Android (CoopPay App),Delhi,Delhi,28.6893,77.08840000000001,Fertilizer & Seed Procurement,,10.0,low,0.38254113805515216,"[""Normal transaction parameters consistent with account baseline""]",completed,2026-09-14 06:28:00.000000,2026-09-16 18:32:55
377,TXN-100377,25,PAYMENT,329.61,56357.35,56027.74,98119.03,98448.64,0,0,2,188,Micro-ATM,Branch Terminal POS,Pune,Maharashtra,18.487399999999997,73.8505,Agricultural Crop Loan EMI,LON-46349,28.5,low,0.4471152547978669,"[""Normal transaction parameters consistent with account baseline""]",completed,2026-09-14 06:27:00.000000,2026-09-16 18:32:55
378,TXN-100378,25,CASH_IN,22372.65,15000.0,37372.65,72178.62,94551.27,0,0,125,29,Branch Cashier,Branch Terminal POS,Surat,Gujarat,21.1995,72.80160000000001,Fertilizer & Seed Procurement,,55.6,medium,0.5413436048646635,"[""Multi-dimensional behavioral anomaly flagged by Isolation Forest scoring engine""]",completed,2026-09-14 06:28:00.000000,2026-09-16 18:32:55
379,TXN-100379,25,DEBIT,6052.59,54852.95,48800.36,34481.8,40534.39,0,0,60,84,Branch Cashier,Branch Terminal POS,Ahmedabad,Gujarat,23.0094,72.5857,Fertilizer & Seed Procurement,,28.1,low,0.4457864876222113,"[""Normal transaction parameters consistent with account baseline""]",completed,2026-09-14 06:26:00.000000,2026-09-16 18:32:55
380,TXN-100380,25,TRANSFER,3278.82,47692.64,44413.82,83544.23,86823.05,0,0,7,72,IMPS,Mobile - Android (CoopPay App),Bengaluru,Karnataka,13.0009,77.585,Micro-Savings Recurring Deposit,,6.1,low,0.3691140501953006,"[""Normal transaction parameters consistent with account baseline""]",completed,2026-09-14 06:18:00.000000,2026-09-16 18:32:55
381,TXN-100381,25,TRANSFER,76179.28,31329.46,0.0,67431.93,143611.21,1,0,109,116,IMPS,Mobile - Android (CoopPay App),Surat,Gujarat,21.158900000000003,72.8148,Emergency Healthcare Advance,,74.8,high,0.6083357497904702,"[""Rapid near-complete balance drainage detected (\u20b931,329 \u2192 \u20b90)""]",flagged,2026-09-14 06:28:00.000000,2026-09-16 18:32:55
382,TXN-100382,25,TRANSFER,82763.52,0.0,0.0,193067.43,275830.95,1,1,104,116,IMPS,Mobile - Android (CoopPay App),Mysuru,Karnataka,12.3281,76.6031,Tractor Equipment Finance,,70.0,high,0.5917317176745003,"[""Transaction amount represents 285% of total recorded cooperative savings balance""]",flagged,2026-09-14 06:22:00.000000,2026-09-16 18:32:55
383,TXN-100383,25,TRANSFER,5136.94,119040.12,113903.18,48999.09,54136.03,0,0,42,100,RTGS,Branch Terminal POS,Warangal,Telangana,17.960800000000003,79.57639999999999,Emergency Healthcare Advance,,1.0,low,0.3512363363940272,"[""Normal transaction parameters consistent with account baseline""]",completed,2026-09-14 06:25:00.000000,2026-09-16 18:32:55
384,TXN-100384,25,TRANSFER,2005.0,6403.92,4398.92,105253.9,107258.9,0,0,67,98,UPI,Mobile - Android (CoopPay App),Nagpur,Maharashtra,21.1738,79.0962,Dairy Cooperative Milk Payout,,14.3,low,0.397494241350312,"[""Normal transaction parameters consistent with account baseline""]",completed,2026-09-14 06:22:00.000000,2026-09-16 18:32:55
385,TXN-100385,25,PAYMENT,664.61,76602.4,75937.79,428740.24,429404.85,0,0,64,199,Micro-ATM,Branch Terminal POS,Kochi,Kerala,9.936300000000001,76.24470000000001,Micro-Savings Recurring Deposit,,28.3,low,0.4462786773152162,"[""Normal transaction parameters consistent with account baseline""]",completed,2026-09-14 06:21:00.000000,2026-09-16 18:32:55
386,TXN-100386,25,TRANSFER,5143.94,59996.89,54852.95,72563.83,77707.77,0,0,60,25,RTGS,Branch Terminal POS,Ahmedabad,Gujarat,23.0094,72.5857,Micro-Savings Recurring Deposit,,25.2,low,0.4355270190558197,"[""Normal transaction parameters consistent with account baseline""]",completed,2026-09-14 06:22:00.000000,2026-09-16 18:32:55
387,TXN-100387,25,PAYMENT,1167.66,84993.44,83825.78,380971.71,382139.37,0,0,1,195,UPI,Mobile - Android (CoopPay App),Mumbai,Maharashtra,19.0872,72.83970000000001,Dairy Cooperative Milk Payout,,21.3,low,0.4218904493536253,"[""Normal transaction parameters consistent with account baseline""]",completed,2026-09-14 06:24:00.000000,2026-09-16 18:32:55
388,TXN-100388,26,CASH_OUT,1087.15,21271.08,20183.93,77809.68,78896.83,0,0,120,35,Branch Cashier,Branch Terminal POS,Mysuru,Karnataka,12.2584,76.62899999999999,Solar Pump Subsidy Disbursal,,23.2,low,0.42879184447867597,"[""Normal transaction parameters consistent with account baseline""]",completed,2026-09-14 06:41:00.000000,2026-09-16 18:32:55
389,TXN-100389,26,TRANSFER,2369.45,56034.39,53664.94,20949.62,23319.07,0,0,106,93,NEFT,Branch Terminal POS,Warangal,Telangana,17.9785,79.57339999999999,Dairy Cooperative Milk Payout,,4.0,low,0.3616719433937249,"[""Normal transaction parameters consistent with account baseline""]",completed,2026-09-14 06:40:00.000000,2026-09-16 18:32:55
390,TXN-100390,26,CASH_OUT,3132.25,43305.39,40173.14,55786.04,58918.29,0,0,39,76,Branch Cashier,Branch Terminal POS,Bengaluru,Karnataka,13.0097,77.6195,Self-Help Group (SHG) Pool Contribution,,15.8,low,0.4026938656368714,"[""Normal transaction parameters consistent with account baseline""]",completed,2026-09-14 06:42:00.000000,2026-09-16 18:32:55
391,TXN-100391,26,TRANSFER,71791.38,0.0,0.0,49494.52,121285.9,1,0,9,2,IMPS,Mobile - Android (CoopPay App),Hyderabad,Telangana,17.375400000000003,78.5259,Emergency Healthcare Advance,,58.8,medium,0.5525694213558392,"[""Multi-dimensional behavioral anomaly flagged by Isolation Forest scoring engine""]",completed,2026-09-14 06:36:00.000000,2026-09-16 18:32:55
392,TXN-100392,26,TRANSFER,87101.66,68516.69,0.0,253219.0,340320.66,1,1,58,26,IMPS,Mobile - Android (CoopPay App),Warangal,Telangana,17.9339,79.6207,Solar Pump Subsidy Disbursal,,78.0,high,0.6194804375529234,"[""Transaction amount represents 223% of total recorded cooperative savings balance"", ""Rapid near-complete balance drainage detected (\u20b968,517 \u2192 \u20b90)""]",flagged,2026-09-14 06:43:00.000000,2026-09-16 18:32:55
393,TXN-100393,26,TRANSFER,49456.22,55338.98,5882.76,143611.21,193067.43,1,0,107,116,NEFT,Branch Terminal POS,Delhi,Delhi,28.736,77.09970000000001,Tractor Equipment Finance,,40.7,medium,0.4897239601132685,[],completed,2026-09-14 06:34:00.000000,2026-09-16 18:32:55
394,TXN-100394,26,TRANSFER,91350.05,54816.78,0.0,89871.09,181221.14,1,1,117,26,IMPS,Mobile - Android (CoopPay App),Coimbatore,Tamil Nadu,11.0496,76.94,Solar Pump Subsidy Disbursal,,69.9,high,0.5912324169065271,"[""Transaction amount represents 336% of total recorded cooperative savings balance"", ""Rapid near-complete balance drainage detected (\u20b954,817 \u2192 \u20b90)""]",flagged,2026-09-14 06:35:00.000000,2026-09-16 18:32:55
395,TXN-100395,26,TRANSFER,67518.55,115947.98,48429.43,171119.72,238638.27,1,0,101,2,NEFT,Branch Terminal POS,Coimbatore,Tamil Nadu,11.0096,76.9682,Agricultural Crop Loan EMI,LON-16021,21.3,low,0.4218740066455177,"[""Unusual lump-sum cooperative loan disbursement pattern (Agricultural Crop Loan EMI)""]",completed,2026-09-14 06:42:00.000000,2026-09-16 18:32:55
396,TXN-100396,26,TRANSFER,51385.67,7863.97,0.0,275830.95,327216.62,1,0,43,116,RTGS,Branch Terminal POS,Delhi,Delhi,28.6906,77.0647,Agricultural Crop Loan EMI,LON-26284,82.7,critical,0.635777501098383,"[""Rapid near-complete balance drainage detected (\u20b97,864 \u2192 \u20b90)"", ""Unusual lump-sum cooperative loan disbursement pattern (Agricultural Crop Loan EMI)""]",flagged,2026-09-14 06:31:00.000000,2026-09-16 18:32:55
397,TXN-100397,26,PAYMENT,2902.08,62589.38,59687.3,127262.42,130164.5,0,0,38,191,UPI,Mobile - Android (CoopPay App),Madurai,Tamil Nadu,9.9571,78.0966,Solar Pump Subsidy Disbursal,,15.9,low,0.4032773835520041,"[""Normal transaction parameters consistent with account baseline""]",completed,2026-09-14 06:44:00.000000,2026-09-16 18:32:55
398,TXN-100398,26,PAYMENT,263.68,53003.31,52739.63,335731.37,335995.05,0,0,32,189,UPI,Mobile - Android (CoopPay App),Kochi,Kerala,9.9083,76.2485,Emergency Healthcare Advance,,36.9,medium,0.47622771822439336,[],completed,2026-09-14 06:37:00.000000,2026-09-16 18:32:55
399,TXN-100399,26,CASH_OUT,4685.24,90519.19,85833.95,46649.5,51334.74,0,0,54,62,Branch Cashier,Branch Terminal POS,Madurai,Tamil Nadu,9.9328,78.1558,Fertilizer & Seed Procurement,,16.0,low,0.4034938683057896,"[""Normal transaction parameters consistent with account baseline""]",completed,2026-09-14 06:33:00.000000,2026-09-16 18:32:55
400,TXN-100400,26,TRANSFER,9093.41,29865.08,20771.67,44792.52,53885.93,0,0,111,99,NEFT,Branch Terminal POS,Lucknow,Uttar Pradesh,26.8219,80.9263,Fertilizer & Seed Procurement,,6.8,low,0.37150083165558473,"[""Normal transaction parameters consistent with account baseline""]",completed,2026-09-14 06:44:00.000000,2026-09-16 18:32:55
401,TXN-100401,26,CASH_OUT,5945.5,68448.39,62502.89,51385.12,57330.62,0,0,66,18,Branch Cashier,Branch Terminal POS,Pune,Maharashtra,18.5121,73.8739,Tractor Equipment Finance,,15.9,low,0.40307754338876256,"[""Normal transaction parameters consistent with account baseline""]",completed,2026-09-14 06:43:00.000000,2026-09-16 18:32:55
402,TXN-100402,26,DEBIT,3872.73,100391.61,96518.88,19429.65,23302.38,0,0,102,44,Branch Cashier,Branch Terminal POS,Madurai,Tamil Nadu,9.9372,78.14789999999999,Micro-Savings Recurring Deposit,,8.8,low,0.37834867621996804,"[""Normal transaction parameters consistent with account baseline""]",completed,2026-09-14 06:31:00.000000,2026-09-16 18:32:55
403,TXN-100403,26,TRANSFER,5206.68,63363.53,58156.85,80962.82,86169.5,0,0,50,78,UPI,Mobile - Android (CoopPay App),Pune,Maharashtra,18.5342,73.8347,Micro-Savings Recurring Deposit,,4.5,low,0.3634536786475366,"[""Normal transaction parameters consistent with account baseline""]",completed,2026-09-14 06:34:00.000000,2026-09-16 18:32:55
404,TXN-100404,26,PAYMENT,1622.41,77219.6,75597.19,301311.35,302933.76,0,0,58,192,UPI,Mobile - Android (CoopPay App),Warangal,Telangana,17.9339,79.6207,Agricultural Crop Loan EMI,LON-61949,31.1,low,0.45610546816065,[],completed,2026-09-14 06:40:00.000000,2026-09-16 18:32:55
405,TXN-100405,26,PAYMENT,892.37,54644.65,53752.28,382139.37,383031.74,0,0,43,195,Micro-ATM,Branch Terminal POS,Delhi,Delhi,28.6906,77.0647,Member Share Capital Dividend,,42.0,medium,0.49396615527822657,[],completed,2026-09-14 06:40:00.000000,2026-09-16 18:32:55
406,TXN-100406,26,PAYMENT,7851.15,18168.41,10317.26,302933.76,310784.91,0,0,49,192,UPI,Mobile - Android (CoopPay App),Mumbai,Maharashtra,19.073900000000002,72.9098,Dairy Cooperative Milk Payout,,15.2,low,0.4006359550327507,"[""Normal transaction parameters consistent with account baseline""]",completed,2026-09-14 06:36:00.000000,2026-09-16 18:32:55
407,TXN-100407,26,PAYMENT,1968.8,67983.87,66015.07,335995.05,337963.85,0,0,85,189,UPI,Mobile - Android (CoopPay App),Coimbatore,Tamil Nadu,11.0411,76.9316,Solar Pump Subsidy Disbursal,,15.4,low,0.4015159610852954,"[""Normal transaction parameters consistent with account baseline""]",completed,2026-09-14 06:30:00.000000,2026-09-16 18:32:55
408,TXN-100408,26,TRANSFER,6250.41,56617.25,50366.84,94178.06,100428.47,0,0,112,90,IMPS,Mobile - Android (CoopPay App),Kochi,Kerala,9.8984,76.2509,Member Share Capital Dividend,,1.7,low,0.3539050864111393,"[""Normal transaction parameters consistent with account baseline""]",completed,2026-09-14 06:31:00.000000,2026-09-16 18:32:55
409,TXN-100409,27,TRANSFER,49833.82,99823.25,49989.43,121285.9,171119.72,1,0,108,2,RTGS,Branch Terminal POS,Ahmedabad,Gujarat,23.0595,72.58659999999999,Agricultural Crop Loan EMI,LON-11056,31.2,low,0.4564226324198602,[],completed,2026-09-14 06:53:00.000000,2026-09-16 18:32:55
410,TXN-100410,27,TRANSFER,310855.79,327216.62,16360.83,0.0,310855.79,1,1,116,6,NEFT,Branch Terminal POS,Chennai,Tamil Nadu,13.0614,80.23270000000001,Dairy Cooperative Milk Payout,,71.4,high,0.5964057669477238,"[""High single-transaction volume (\u20b9310,855.79) exceeding standard cooperative threshold"", ""Transaction amount represents 677% of total recorded cooperative savings balance"", ""Rapid near-complete balance drainage detected (\u20b9327,217 \u2192 \u20b916,361)""]",flagged,2026-09-14 06:56:00.000000,2026-09-16 18:32:55
411,TXN-100411,27,TRANSFER,92881.26,38160.5,0.0,67856.97,160738.23,1,1,61,13,RTGS,Branch Terminal POS,Surat,Gujarat,21.151,72.8173,Fertilizer & Seed Procurement,,82.4,critical,0.6347948941657435,"[""Transaction amount represents 538% of total recorded cooperative savings balance"", ""Rapid near-complete balance drainage detected (\u20b938,160 \u2192 \u20b90)""]",flagged,2026-09-14 06:58:00.000000,2026-09-16 18:32:55
412,TXN-100412,27,PAYMENT,587.43,70941.62,70354.19,507802.79,508390.22,0,0,31,190,UPI,Mobile - Android (CoopPay App),Lucknow,Uttar Pradesh,26.8307,80.9315,Member Share Capital Dividend,,21.2,low,0.42180576674537046,"[""Normal transaction parameters consistent with account baseline""]",completed,2026-09-14 06:52:00.000000,2026-09-16 18:32:55
413,TXN-100413,27,CASH_OUT,897.73,26942.9,26045.17,50502.37,51400.1,0,0,110,6,Branch Cashier,Branch Terminal POS,Jaipur,Rajasthan,26.934700000000003,75.8252,Dairy Cooperative Milk Payout,,23.9,low,0.43098780655239943,"[""Normal transaction parameters consistent with account baseline""]",completed,2026-09-14 06:51:00.000000,2026-09-16 18:32:55
414,TXN-100414,27,CASH_OUT,1278.27,111818.87,110540.6,74913.16,76191.43,0,0,41,92,Branch Cashier,Branch Terminal POS,Hyderabad,Telangana,17.413700000000002,78.4645,Dairy Cooperative Milk Payout,,25.6,low,0.43712897714633353,"[""Normal transaction parameters consistent with account baseline""]",completed,2026-09-14 06:56:00.000000,2026-09-16 18:32:55
415,TXN-100415,27,CASH_OUT,2034.99,37975.74,35940.75,58156.85,60191.84,0,0,117,50,Branch Cashier,Branch Terminal POS,Coimbatore,Tamil Nadu,11.0496,76.94,Micro-Savings Recurring Deposit,,38.8,medium,0.4831130891067457,[],completed,2026-09-14 06:46:00.000000,2026-09-16 18:32:55
416,TXN-100416,27,CASH_OUT,1338.57,66015.07,64676.5,40534.39,41872.96,0,0,85,84,Branch Cashier,Branch Terminal POS,Coimbatore,Tamil Nadu,11.0411,76.9316,Tractor Equipment Finance,,24.2,low,0.43227372570755684,"[""Normal transaction parameters consistent with account baseline""]",completed,2026-09-14 06:50:00.000000,2026-09-16 18:32:55
417,TXN-100417,27,PAYMENT,471.69,25733.44,25261.75,315470.43,315942.12,0,0,20,187,Micro-ATM,Branch Terminal POS,Chennai,Tamil Nadu,13.099300000000001,80.2354,Fertilizer & Seed Procurement,,49.5,medium,0.5201751663968494,[],completed,2026-09-14 06:47:00.000000,2026-09-16 18:32:55
418,TXN-100418,27,PAYMENT,704.09,54552.22,53848.13,373890.71,374594.8,0,0,17,196,UPI,Mobile - Android (CoopPay App),Mumbai,Maharashtra,19.0552,72.857,Dairy Cooperative Milk Payout,,22.3,low,0.42566317508743146,"[""Normal transaction parameters consistent with account baseline""]",completed,2026-09-14 06:55:00.000000,2026-09-16 18:32:55
419,TXN-100419,27,DEBIT,1437.62,53752.28,52314.66,30905.57,32343.19,0,0,43,113,Branch Cashier,Branch Terminal POS,Delhi,Delhi,28.6906,77.0647,Agricultural Crop Loan EMI,LON-89995,35.6,medium,0.47172701946139284,[],completed,2026-09-14 06:53:00.000000,2026-09-16 18:32:55
420,TXN-100420,27,TRANSFER,3633.99,25261.75,21627.76,96518.88,100152.87,0,0,20,102,IMPS,Mobile - Android (CoopPay App),Chennai,Tamil Nadu,13.099300000000001,80.2354,Solar Pump Subsidy Disbursal,,22.7,low,0.42678819923264505,"[""Normal transaction parameters consistent with account baseline""]",completed,2026-09-14 06:55:00.000000,2026-09-16 18:32:55
421,TXN-100421,27,TRANSFER,14959.88,73476.36,58516.48,34107.1,49066.98,0,0,109,68,IMPS,Mobile - Android (CoopPay App),Surat,Gujarat,21.158900000000003,72.8148,Fertilizer & Seed Procurement,,9.1,low,0.37960224780288115,"[""Normal transaction parameters consistent with account baseline""]",completed,2026-09-14 06:50:00.000000,2026-09-16 18:32:55
422,TXN-100422,27,TRANSFER,5032.18,53366.96,48334.78,64676.5,69708.68,0,0,19,85,RTGS,Branch Terminal POS,Nagpur,Maharashtra,21.125600000000002,79.05330000000001,Solar Pump Subsidy Disbursal,,6.4,low,0.37002889526012284,"[""Normal transaction parameters consistent with account baseline""]",completed,2026-09-14 06:59:00.000000,2026-09-16 18:32:55
423,TXN-100423,27,PAYMENT,250.54,35940.75,35690.21,199357.47,199608.01,0,0,117,198,UPI,Mobile - Android (CoopPay App),Coimbatore,Tamil Nadu,11.0496,76.94,Dairy Cooperative Milk Payout,,55.2,medium,0.5400475768124949,"[""Multi-dimensional behavioral anomaly flagged by Isolation Forest scoring engine""]",completed,2026-09-14 06:58:00.000000,2026-09-16 18:32:55
424,TXN-100424,27,PAYMENT,313.89,38048.14,37734.25,415773.46,416087.35,0,0,51,200,UPI,Mobile - Android (CoopPay App),Nagpur,Maharashtra,21.142200000000003,79.1191,Fertilizer & Seed Procurement,,32.7,low,0.4618619647111846,[],completed,2026-09-14 06:59:00.000000,2026-09-16 18:32:55
425,TXN-100425,27,TRANSFER,26451.17,62875.31,36424.14,100428.47,126879.64,0,0,34,90,UPI,Mobile - Android (CoopPay App),Pune,Maharashtra,18.5016,73.8879,Emergency Healthcare Advance,,13.4,low,0.3945376155795551,"[""Normal transaction parameters consistent with account baseline""]",completed,2026-09-14 06:57:00.000000,2026-09-16 18:32:55
426,TXN-100426,27,DEBIT,3497.18,52314.66,48817.48,20771.67,24268.85,0,0,43,111,Branch Cashier,Branch Terminal POS,Delhi,Delhi,28.6906,77.0647,Emergency Healthcare Advance,,23.8,low,0.4308695449052437,"[""Normal transaction parameters consistent with account baseline""]",completed,2026-09-14 06:50:00.000000,2026-09-16 18:32:55
427,TXN-100427,27,TRANSFER,79500.24,36922.34,0.0,214503.38,294003.62,1,0,104,13,IMPS,Mobile - Android (CoopPay App),Mysuru,Karnataka,12.3281,76.6031,Member Share Capital Dividend,,75.3,high,0.6101865246882586,"[""Transaction amount represents 273% of total recorded cooperative savings balance"", ""Rapid near-complete balance drainage detected (\u20b936,922 \u2192 \u20b90)""]",flagged,2026-09-14 06:50:00.000000,2026-09-16 18:32:55
428,TXN-100428,27,TRANSFER,82808.17,74356.13,0.0,238638.27,321446.44,1,1,30,2,UPI,Mobile - Android (CoopPay App),Jaipur,Rajasthan,26.9142,75.8221,Member Share Capital Dividend,,58.0,medium,0.5499767208848779,"[""Rapid near-complete balance drainage detected (\u20b974,356 \u2192 \u20b90)""]",completed,2026-09-14 06:49:00.000000,2026-09-16 18:32:55
429,TXN-100429,27,TRANSFER,71997.86,80816.07,8818.21,181221.14,253219.0,1,0,84,26,NEFT,Branch Terminal POS,Chennai,Tamil Nadu,13.045300000000001,80.25370000000001,Agricultural Crop Loan EMI,LON-96298,38.1,medium,0.4806923214900817,"[""Transaction amount represents 184% of total recorded cooperative savings balance"", ""Unusual lump-sum cooperative loan disbursement pattern (Agricultural Crop Loan EMI)""]",completed,2026-09-14 06:53:00.000000,2026-09-16 18:32:55
430,TXN-100430,27,TRANSFER,71047.9,993.03,0.0,340320.66,411368.56,1,0,105,26,NEFT,Branch Terminal POS,Hyderabad,Telangana,17.387500000000003,78.492,Member Share Capital Dividend,,58.2,medium,0.5505097428460173,"[""Transaction amount represents 155% of total recorded cooperative savings balance""]",completed,2026-09-14 06:59:00.000000,2026-09-16 18:32:55
431,TXN-100431,28,DEBIT,1418.1,76573.37,75155.27,84120.46,85538.56,0,0,88,30,Branch Cashier,Branch Terminal POS,Mysuru,Karnataka,12.3215,76.6455,Self-Help Group (SHG) Pool Contribution,,41.1,medium,0.49111649814909336,[],completed,2026-09-14 07:08:00.000000,2026-09-16 18:32:55
432,TXN-100432,28,CASH_OUT,13240.59,37400.37,24159.78,53885.93,67126.52,0,0,81,99,Branch Cashier,Branch Terminal POS,Mumbai,Maharashtra,19.0993,72.8558,Emergency Healthcare Advance,,22.7,low,0.42703676770583376,"[""Normal transaction parameters consistent with account baseline""]",completed,2026-09-14 07:03:00.000000,2026-09-16 18:32:55
433,TXN-100433,28,DEBIT,11241.31,53665.96,42424.65,116602.77,127844.08,0,0,63,5,Branch Cashier,Branch Terminal POS,Lucknow,Uttar Pradesh,26.8827,80.9221,Agricultural Crop Loan EMI,LON-41370,18.8,low,0.4131595822995835,"[""Normal transaction parameters consistent with account baseline""]",completed,2026-09-14 07:04:00.000000,2026-09-16 18:32:55
434,TXN-100434,28,TRANSFER,2138.79,69373.08,67234.29,87394.06,89532.85,0,0,80,82,RTGS,Branch Terminal POS,Kochi,Kerala,9.941600000000001,76.2316,Dairy Cooperative Milk Payout,,4.6,low,0.3638553632991656,"[""Normal transaction parameters consistent with account baseline""]",completed,2026-09-14 07:07:00.000000,2026-09-16 18:32:55
435,TXN-100435,28,DEBIT,5710.23,40173.14,34462.91,51400.1,57110.33,0,0,39,6,Branch Cashier,Branch Terminal POS,Bengaluru,Karnataka,13.0097,77.6195,Solar Pump Subsidy Disbursal,,6.2,low,0.3695344666118448,"[""Normal transaction parameters consistent with account baseline""]",completed,2026-09-14 07:03:00.000000,2026-09-16 18:32:55
436,TXN-100436,28,TRANSFER,22878.89,0.0,0.0,110540.6,133419.49,0,0,69,41,UPI,Mobile - Android (CoopPay App),Coimbatore,Tamil Nadu,11.0334,76.9506,Self-Help Group (SHG) Pool Contribution,,42.6,medium,0.49619271806912696,[],completed,2026-09-14 07:10:00.000000,2026-09-16 18:32:55
437,TXN-100437,28,TRANSFER,5488.73,97200.57,91711.84,126879.64,132368.37,0,0,13,90,UPI,Mobile - Android (CoopPay App),Surat,Gujarat,21.161,72.8388,Micro-Savings Recurring Deposit,,2.8,low,0.3577358928713141,"[""Normal transaction parameters consistent with account baseline""]",completed,2026-09-14 07:14:00.000000,2026-09-16 18:32:55
438,TXN-100438,28,PAYMENT,4870.69,107258.9,102388.21,416087.35,420958.04,0,0,98,200,Micro-ATM,Branch Terminal POS,Pune,Maharashtra,18.5246,73.8602,Fertilizer & Seed Procurement,,18.2,low,0.41133709038811295,"[""Normal transaction parameters consistent with account baseline""]",completed,2026-09-14 07:14:00.000000,2026-09-16 18:32:55
439,TXN-100439,28,TRANSFER,7379.64,46944.49,39564.85,89820.93,97200.57,0,0,96,13,RTGS,Branch Terminal POS,Kochi,Kerala,9.9603,76.24940000000001,Micro-Savings Recurring Deposit,,4.1,low,0.3620358922547372,"[""Normal transaction parameters consistent with account baseline""]",completed,2026-09-14 07:06:00.000000,2026-09-16 18:32:55
440,TXN-100440,28,TRANSFER,53765.15,11365.06,0.0,160738.23,214503.38,1,0,15,13,IMPS,Mobile - Android (CoopPay App),Lucknow,Uttar Pradesh,26.847299999999997,80.91470000000001,Solar Pump Subsidy Disbursal,,72.6,high,0.600547992867828,"[""Transaction amount represents 159% of total recorded cooperative savings balance"", ""Rapid near-complete balance drainage detected (\u20b911,365 \u2192 \u20b90)""]",flagged,2026-09-14 07:08:00.000000,2026-09-16 18:32:55
441,TXN-100441,28,TRANSFER,390800.13,411368.56,20568.43,60543.77,451343.9,1,1,26,12,UPI,Mobile - Android (CoopPay App),Warangal,Telangana,18.0011,79.5673,Agricultural Crop Loan EMI,LON-86986,76.1,high,0.6128774255650004,"[""High single-transaction volume (\u20b9390,800.13) exceeding standard cooperative threshold"", ""Transaction amount represents 734% of total recorded cooperative savings balance"", ""Unusual lump-sum cooperative loan disbursement pattern (Agricultural Crop Loan EMI)""]",flagged,2026-09-14 07:12:00.000000,2026-09-16 18:32:55
442,TXN-100442,28,TRANSFER,305374.12,321446.44,16072.32,97516.76,402890.88,1,1,2,28,UPI,Mobile - Android (CoopPay App),Pune,Maharashtra,18.487399999999997,73.8505,Tractor Equipment Finance,,79.8,high,0.6257344050383788,"[""High single-transaction volume (\u20b9305,374.12) exceeding standard cooperative threshold"", ""Transaction amount represents 693% of total recorded cooperative savings balance"", ""Rapid near-complete balance drainage detected (\u20b9321,446 \u2192 \u20b916,072)""]",flagged,2026-09-14 07:01:00.000000,2026-09-16 18:32:55
443,TXN-100443,28,TRANSFER,55046.68,65350.04,10303.36,294003.62,349050.3,1,0,103,13,UPI,Mobile - Android (CoopPay App),Bengaluru,Karnataka,12.9864,77.5776,Agricultural Crop Loan EMI,LON-62163,21.9,low,0.4240377442626443,"[""Unusual lump-sum cooperative loan disbursement pattern (Agricultural Crop Loan EMI)""]",completed,2026-09-14 07:03:00.000000,2026-09-16 18:32:55
444,TXN-100444,28,TRANSFER,9738.58,95968.45,86229.87,48334.78,58073.36,0,0,46,19,NEFT,Branch Terminal POS,Jaipur,Rajasthan,26.8975,75.8151,Self-Help Group (SHG) Pool Contribution,,6.9,low,0.3719346754587274,"[""Normal transaction parameters consistent with account baseline""]",completed,2026-09-14 07:08:00.000000,2026-09-16 18:32:55
445,TXN-100445,28,CASH_OUT,2335.09,113903.18,111568.09,59687.3,62022.39,0,0,42,38,Branch Cashier,Branch Terminal POS,Warangal,Telangana,17.960800000000003,79.57639999999999,Emergency Healthcare Advance,,13.5,low,0.39491359652431174,"[""Normal transaction parameters consistent with account baseline""]",completed,2026-09-14 07:12:00.000000,2026-09-16 18:32:55
446,TXN-100446,28,TRANSFER,3801.94,18814.49,15012.55,32343.19,36145.13,0,0,23,113,RTGS,Branch Terminal POS,Bengaluru,Karnataka,12.9956,77.5633,Dairy Cooperative Milk Payout,,9.6,low,0.38129940682394076,"[""Normal transaction parameters consistent with account baseline""]",completed,2026-09-14 07:06:00.000000,2026-09-16 18:32:55
447,TXN-100447,28,PAYMENT,1375.27,10317.26,8941.99,508390.22,509765.49,0,0,49,190,UPI,Mobile - Android (CoopPay App),Mumbai,Maharashtra,19.073900000000002,72.9098,Tractor Equipment Finance,,15.6,low,0.4021878336995674,"[""Normal transaction parameters consistent with account baseline""]",completed,2026-09-14 07:10:00.000000,2026-09-16 18:32:55
448,TXN-100448,28,PAYMENT,472.74,52739.63,52266.89,374594.8,375067.54,0,0,32,196,Micro-ATM,Branch Terminal POS,Kochi,Kerala,9.9083,76.2485,Dairy Cooperative Milk Payout,,27.4,low,0.4432131379958511,"[""Normal transaction parameters consistent with account baseline""]",completed,2026-09-14 07:01:00.000000,2026-09-16 18:32:55
449,TXN-100449,28,CASH_OUT,2742.07,75155.27,72413.2,18624.77,21366.84,0,0,88,22,Branch Cashier,Branch Terminal POS,Mysuru,Karnataka,12.3215,76.6455,Member Share Capital Dividend,,42.4,medium,0.49561867960657635,[],completed,2026-09-14 07:08:00.000000,2026-09-16 18:32:55
450,TXN-100450,29,TRANSFER,331597.78,349050.3,17452.52,36586.0,368183.78,1,1,13,18,IMPS,Mobile - Android (CoopPay App),Surat,Gujarat,21.161,72.8388,Self-Help Group (SHG) Pool Contribution,,54.5,medium,0.537686570111392,"[""High single-transaction volume (\u20b9331,597.78) exceeding standard cooperative threshold"", ""Transaction amount represents 315% of total recorded cooperative savings balance"", ""Instant high-value outbound settlement via IMPS""]",completed,2026-09-14 07:27:00.000000,2026-09-16 18:32:55
451,TXN-100451,29,PAYMENT,838.69,31188.73,30350.04,509765.49,510604.18,0,0,110,190,Micro-ATM,Branch Terminal POS,Jaipur,Rajasthan,26.934700000000003,75.8252,Dairy Cooperative Milk Payout,,18.2,low,0.41113890705815315,"[""Normal transaction parameters consistent with account baseline""]",completed,2026-09-14 07:20:00.000000,2026-09-16 18:32:55
452,TXN-100452,29,DEBIT,2004.48,75937.79,73933.31,58073.36,60077.84,0,0,64,19,Branch Cashier,Branch Terminal POS,Kochi,Kerala,9.936300000000001,76.24470000000001,Emergency Healthcare Advance,,15.6,low,0.40225666436128044,"[""Normal transaction parameters consistent with account baseline""]",completed,2026-09-14 07:19:00.000000,2026-09-16 18:32:55
453,TXN-100453,29,PAYMENT,319.57,85538.56,85218.99,130164.5,130484.07,0,0,30,191,UPI,Mobile - Android (CoopPay App),Jaipur,Rajasthan,26.9142,75.8221,Agricultural Crop Loan EMI,LON-42044,32.5,low,0.4609331472772976,[],completed,2026-09-14 07:26:00.000000,2026-09-16 18:32:55
454,TXN-100454,29,TRANSFER,5143.56,36799.1,31655.54,26045.17,31188.73,0,0,89,110,RTGS,Branch Terminal POS,Hyderabad,Telangana,17.3958,78.486,Dairy Cooperative Milk Payout,,3.1,low,0.35858282706091216,"[""Normal transaction parameters consistent with account baseline""]",completed,2026-09-14 07:16:00.000000,2026-09-16 18:32:55
455,TXN-100455,29,TRANSFER,4464.79,58918.29,54453.5,72227.3,76692.09,0,0,76,55,UPI,Mobile - Android (CoopPay App),Ahmedabad,Gujarat,23.041600000000003,72.5535,Tractor Equipment Finance,,8.4,low,0.377053467222495,"[""Normal transaction parameters consistent with account baseline""]",completed,2026-09-14 07:22:00.000000,2026-09-16 18:32:55
456,TXN-100456,29,TRANSFER,1289.82,39178.44,37888.62,86229.87,87519.69,0,0,10,46,IMPS,Mobile - Android (CoopPay App),Warangal,Telangana,17.961000000000002,79.5594,Dairy Cooperative Milk Payout,,21.9,low,0.42403971311383004,"[""Normal transaction parameters consistent with account baseline""]",completed,2026-09-14 07:25:00.000000,2026-09-16 18:32:55
457,TXN-100457,29,PAYMENT,1666.82,32396.51,30729.69,337963.85,339630.67,0,0,37,189,UPI,Mobile - Android (CoopPay App),Coimbatore,Tamil Nadu,10.9857,76.9914,Agricultural Crop Loan EMI,LON-31473,15.3,low,0.4011637527890336,"[""Normal transaction parameters consistent with account baseline""]",completed,2026-09-14 07:15:00.000000,2026-09-16 18:32:55
458,TXN-100458,29,CASH_OUT,2413.66,60413.71,58000.05,35690.21,38103.87,0,0,116,117,Branch Cashier,Branch Terminal POS,Chennai,Tamil Nadu,13.0614,80.23270000000001,Micro-Savings Recurring Deposit,,19.6,low,0.4160777117285294,"[""Normal transaction parameters consistent with account baseline""]",completed,2026-09-14 07:22:00.000000,2026-09-16 18:32:55
459,TXN-100459,29,TRANSFER,6330.8,43007.34,36676.54,56027.74,62358.54,0,0,59,2,NEFT,Branch Terminal POS,Delhi,Delhi,28.732400000000002,77.1388,Fertilizer & Seed Procurement,,14.8,low,0.39947481143847036,"[""Normal transaction parameters consistent with account baseline""]",completed,2026-09-14 07:23:00.000000,2026-09-16 18:32:55
460,TXN-100460,29,TRANSFER,545.9,34462.91,33917.01,37734.25,38280.15,0,0,39,51,IMPS,Mobile - Android (CoopPay App),Bengaluru,Karnataka,13.0097,77.6195,Tractor Equipment Finance,,19.8,low,0.4166676278666071,"[""Normal transaction parameters consistent with account baseline""]",completed,2026-09-14 07:20:00.000000,2026-09-16 18:32:55
461,TXN-100461,29,CASH_IN,2521.0,15000.0,17521.0,62022.39,64543.39,0,0,144,38,Branch Cashier,Branch Terminal POS,Kochi,Kerala,9.9053,76.2577,Dairy Cooperative Milk Payout,,69.0,high,0.5883016290850964,"[""Multi-dimensional behavioral anomaly flagged by Isolation Forest scoring engine""]",flagged,2026-09-14 07:26:00.000000,2026-09-16 18:32:55
462,TXN-100462,29,CASH_IN,24759.05,15000.0,39759.05,60445.06,85204.11,0,0,159,3,Branch Cashier,Branch Terminal POS,Lucknow,Uttar Pradesh,26.8841,80.9621,Agricultural Crop Loan EMI,LON-53910,65.2,high,0.5749785354780254,"[""Multi-dimensional behavioral anomaly flagged by Isolation Forest scoring engine""]",flagged,2026-09-14 07:27:00.000000,2026-09-16 18:32:55
463,TXN-100463,29,CASH_OUT,10990.46,72413.2,61422.74,44413.82,55404.28,0,0,88,7,Branch Cashier,Branch Terminal POS,Mysuru,Karnataka,12.3215,76.6455,Emergency Healthcare Advance,,23.6,low,0.43015129034128496,"[""Normal transaction parameters consistent with account baseline""]",completed,2026-09-14 07:27:00.000000,2026-09-16 18:32:55
464,TXN-100464,29,PAYMENT,359.83,8941.99,8582.16,375067.54,375427.37,0,0,49,196,UPI,Mobile - Android (CoopPay App),Mumbai,Maharashtra,19.073900000000002,72.9098,Tractor Equipment Finance,,34.7,low,0.46874083504101405,[],completed,2026-09-14 07:19:00.000000,2026-09-16 18:32:55
465,TXN-100465,29,TRANSFER,2729.35,87040.38,84311.03,50366.84,53096.19,0,0,36,112,UPI,Mobile - Android (CoopPay App),Chennai,Tamil Nadu,13.1044,80.2817,Solar Pump Subsidy Disbursal,,2.3,low,0.3559763686332933,"[""Normal transaction parameters consistent with account baseline""]",completed,2026-09-14 07:26:00.000000,2026-09-16 18:32:55
466,TXN-100466,30,TRANSFER,1062.74,53848.13,52785.39,33917.01,34979.75,0,0,17,39,NEFT,Branch Terminal POS,Mumbai,Maharashtra,19.0552,72.857,Agricultural Crop Loan EMI,LON-75484,13.7,low,0.3956184103671962,"[""Normal transaction parameters consistent with account baseline""]",completed,2026-09-14 07:37:00.000000,2026-09-16 18:32:55
467,TXN-100467,30,TRANSFER,11741.45,57110.33,45368.88,75597.19,87338.64,0,0,6,58,IMPS,Mobile - Android (CoopPay App),Madurai,Tamil Nadu,9.9087,78.1301,Micro-Savings Recurring Deposit,,12.5,low,0.3914779304382599,"[""Normal transaction parameters consistent with account baseline""]",completed,2026-09-14 07:43:00.000000,2026-09-16 18:32:55
468,TXN-100468,30,DEBIT,7636.92,31009.82,23372.9,30729.69,38366.61,0,0,107,37,Branch Cashier,Branch Terminal POS,Delhi,Delhi,28.736,77.09970000000001,Tractor Equipment Finance,,14.3,low,0.3977390387366514,"[""Normal transaction parameters consistent with account baseline""]",completed,2026-09-14 07:32:00.000000,2026-09-16 18:32:55
469,TXN-100469,30,CASH_OUT,9482.43,54136.03,44653.6,86169.5,95651.93,0,0,100,78,Branch Cashier,Branch Terminal POS,Chennai,Tamil Nadu,13.119900000000001,80.2573,Dairy Cooperative Milk Payout,,19.3,low,0.41506354926725636,"[""Normal transaction parameters consistent with account baseline""]",completed,2026-09-14 07:42:00.000000,2026-09-16 18:32:55
470,TXN-100470,30,PAYMENT,629.0,38103.87,37474.87,390590.79,391219.79,0,0,117,194,UPI,Mobile - Android (CoopPay App),Coimbatore,Tamil Nadu,11.0496,76.94,Member Share Capital Dividend,,17.9,low,0.4103321152254499,"[""Normal transaction parameters consistent with account baseline""]",completed,2026-09-14 07:44:00.000000,2026-09-16 18:32:55
471,TXN-100471,30,DEBIT,17441.61,91711.84,74270.23,41872.96,59314.57,0,0,13,84,Branch Cashier,Branch Terminal POS,Surat,Gujarat,21.161,72.8388,Self-Help Group (SHG) Pool Contribution,,10.6,low,0.3848456240556084,"[""Normal transaction parameters consistent with account baseline""]",completed,2026-09-14 07:41:00.000000,2026-09-16 18:32:55
472,TXN-100472,30,CASH_OUT,2988.78,61422.74,58433.96,24159.78,27148.56,0,0,88,81,Branch Cashier,Branch Terminal POS,Mysuru,Karnataka,12.3215,76.6455,Agricultural Crop Loan EMI,LON-11610,20.1,low,0.41788524306811264,"[""Normal transaction parameters consistent with account baseline""]",completed,2026-09-14 07:30:00.000000,2026-09-16 18:32:55
473,TXN-100473,30,CASH_OUT,3649.93,137513.14,133863.21,69708.68,73358.61,0,0,97,85,Branch Cashier,Branch Terminal POS,Mumbai,Maharashtra,19.103,72.8841,Agricultural Crop Loan EMI,LON-71835,17.4,low,0.4084963449649862,"[""Normal transaction parameters consistent with account baseline""]",completed,2026-09-14 07:33:00.000000,2026-09-16 18:32:55
474,TXN-100474,30,PAYMENT,1248.14,77707.77,76459.63,221199.04,222447.18,0,0,25,197,Micro-ATM,Branch Terminal POS,Hyderabad,Telangana,17.422500000000003,78.5208,Fertilizer & Seed Procurement,,25.6,low,0.4368286121276337,"[""Normal transaction parameters consistent with account baseline""]",completed,2026-09-14 07:35:00.000000,2026-09-16 18:32:55
475,TXN-100475,30,TRANSFER,6085.4,48000.36,41914.96,89532.85,95618.25,0,0,103,82,UPI,Mobile - Android (CoopPay App),Bengaluru,Karnataka,12.9864,77.5776,Self-Help Group (SHG) Pool Contribution,,3.5,low,0.35992826785428245,"[""Normal transaction parameters consistent with account baseline""]",completed,2026-09-14 07:32:00.000000,2026-09-16 18:32:55
476,TXN-100476,30,PAYMENT,6135.72,127844.08,121708.36,199608.01,205743.73,0,0,5,198,Micro-ATM,Branch Terminal POS,Coimbatore,Tamil Nadu,11.0072,76.94449999999999,Member Share Capital Dividend,,17.8,low,0.4097068375538711,"[""Normal transaction parameters consistent with account baseline""]",completed,2026-09-14 07:42:00.000000,2026-09-16 18:32:55
477,TXN-100477,30,TRANSFER,18309.83,63635.02,45325.19,71716.79,90026.62,0,0,26,71,IMPS,Mobile - Android (CoopPay App),Warangal,Telangana,18.0011,79.5673,Emergency Healthcare Advance,,16.6,low,0.40547477482184685,"[""Normal transaction parameters consistent with account baseline""]",completed,2026-09-14 07:35:00.000000,2026-09-16 18:32:55
478,TXN-100478,30,CASH_IN,5349.59,15000.0,20349.59,36145.13,41494.72,0,0,176,113,Branch Cashier,Branch Terminal POS,Kochi,Kerala,9.935500000000001,76.25850000000001,Micro-Savings Recurring Deposit,,64.4,high,0.5720100494128436,"[""Multi-dimensional behavioral anomaly flagged by Isolation Forest scoring engine""]",flagged,2026-09-14 07:44:00.000000,2026-09-16 18:32:55
479,TXN-100479,30,DEBIT,647.27,44994.73,44347.46,113398.22,114045.49,0,0,65,108,Branch Cashier,Branch Terminal POS,Mumbai,Maharashtra,19.098200000000002,72.8508,Dairy Cooperative Milk Payout,,26.0,low,0.4385050150835367,"[""Normal transaction parameters consistent with account baseline""]",completed,2026-09-14 07:34:00.000000,2026-09-16 18:32:55
480,TXN-100480,30,CASH_OUT,8731.58,111568.09,102836.51,15012.55,23744.13,0,0,42,23,Branch Cashier,Branch Terminal POS,Warangal,Telangana,17.960800000000003,79.57639999999999,Micro-Savings Recurring Deposit,,14.7,low,0.3988765819912018,"[""Normal transaction parameters consistent with account baseline""]",completed,2026-09-14 07:39:00.000000,2026-09-16 18:32:55
481,TXN-100481,31,TRANSFER,7312.39,36676.54,29364.15,133863.21,141175.6,0,0,59,97,UPI,Mobile - Android (CoopPay App),Delhi,Delhi,28.732400000000002,77.1388,Fertilizer & Seed Procurement,,22.1,low,0.424922096669326,"[""Normal transaction parameters consistent with account baseline""]",completed,2026-09-14 07:46:00.000000,2026-09-16 18:32:55
482,TXN-100482,31,TRANSFER,5012.44,26576.73,21564.29,8582.16,13594.6,0,0,87,49,UPI,Mobile - Android (CoopPay App),Bengaluru,Karnataka,12.990400000000001,77.6029,Emergency Healthcare Advance,,4.5,low,0.36348507997106655,"[""Normal transaction parameters consistent with account baseline""]",completed,2026-09-14 07:48:00.000000,2026-09-16 18:32:55
483,TXN-100483,31,PAYMENT,900.03,53664.94,52764.91,310784.91,311684.94,0,0,106,192,Micro-ATM,Branch Terminal POS,Warangal,Telangana,17.9785,79.57339999999999,Tractor Equipment Finance,,16.4,low,0.4047929021603986,"[""Normal transaction parameters consistent with account baseline""]",completed,2026-09-14 07:46:00.000000,2026-09-16 18:32:55
484,TXN-100484,31,PAYMENT,371.0,40024.63,39653.63,98448.64,98819.64,0,0,15,188,Micro-ATM,Branch Terminal POS,Lucknow,Uttar Pradesh,26.847299999999997,80.91470000000001,Micro-Savings Recurring Deposit,,23.4,low,0.4294816023386115,"[""Normal transaction parameters consistent with account baseline""]",completed,2026-09-14 07:57:00.000000,2026-09-16 18:32:55
485,TXN-100485,31,DEBIT,12186.5,39564.85,27378.35,0.0,12186.5,0,0,96,104,Branch Cashier,Branch Terminal POS,Kochi,Kerala,9.9603,76.24940000000001,Self-Help Group (SHG) Pool Contribution,,21.2,low,0.4216893535688964,"[""Normal transaction parameters consistent with account baseline""]",completed,2026-09-14 07:46:00.000000,2026-09-16 18:32:55
486,TXN-100486,31,CASH_IN,14787.35,15000.0,29787.35,51334.74,66122.09,0,0,143,62,Branch Cashier,Branch Terminal POS,Lucknow,Uttar Pradesh,26.8308,80.9231,Agricultural Crop Loan EMI,LON-58354,51.4,medium,0.5268278742541006,"[""Multi-dimensional behavioral anomaly flagged by Isolation Forest scoring engine""]",completed,2026-09-14 07:52:00.000000,2026-09-16 18:32:55
487,TXN-100487,31,TRANSFER,8984.06,21366.84,12382.78,23372.9,32356.96,0,0,22,107,NEFT,Branch Terminal POS,Madurai,Tamil Nadu,9.9379,78.1081,Tractor Equipment Finance,,3.7,low,0.3606918442972678,"[""Normal transaction parameters consistent with account baseline""]",completed,2026-09-14 07:48:00.000000,2026-09-16 18:32:55
488,TXN-100488,31,TRANSFER,1366.39,45783.98,44417.59,82680.68,84047.07,0,0,47,52,IMPS,Mobile - Android (CoopPay App),Lucknow,Uttar Pradesh,26.8599,80.93650000000001,Solar Pump Subsidy Disbursal,,4.9,low,0.36485215165344353,"[""Normal transaction parameters consistent with account baseline""]",completed,2026-09-14 07:56:00.000000,2026-09-16 18:32:55
489,TXN-100489,31,CASH_IN,4927.74,15000.0,19927.74,38280.15,43207.89,0,0,184,51,Branch Cashier,Branch Terminal POS,Mysuru,Karnataka,12.2691,76.6349,Solar Pump Subsidy Disbursal,,57.7,medium,0.5488326112089332,"[""Multi-dimensional behavioral anomaly flagged by Isolation Forest scoring engine""]",completed,2026-09-14 07:50:00.000000,2026-09-16 18:32:55
490,TXN-100490,31,PAYMENT,505.32,24268.85,23763.53,222447.18,222952.5,0,0,111,197,UPI,Mobile - Android (CoopPay App),Lucknow,Uttar Pradesh,26.8219,80.9263,Self-Help Group (SHG) Pool Contribution,,22.3,low,0.42564754965010276,"[""Normal transaction parameters consistent with account baseline""]",completed,2026-09-14 07:57:00.000000,2026-09-16 18:32:55
491,TXN-100491,31,CASH_OUT,10509.33,60077.84,49568.51,85218.99,95728.32,0,0,19,30,Branch Cashier,Branch Terminal POS,Nagpur,Maharashtra,21.125600000000002,79.05330000000001,Member Share Capital Dividend,,31.3,low,0.45669275334085047,[],completed,2026-09-14 07:57:00.000000,2026-09-16 18:32:55
492,TXN-100492,31,TRANSFER,11153.17,62358.54,51205.37,52785.39,63938.56,0,0,2,17,UPI,Mobile - Android (CoopPay App),Pune,Maharashtra,18.487399999999997,73.8505,Emergency Healthcare Advance,,2.5,low,0.3565583544972912,"[""Normal transaction parameters consistent with account baseline""]",completed,2026-09-14 07:47:00.000000,2026-09-16 18:32:55
493,TXN-100493,31,PAYMENT,996.96,102575.37,101578.41,383031.74,384028.7,0,0,4,195,UPI,Mobile - Android (CoopPay App),Chennai,Tamil Nadu,13.1034,80.24350000000001,Self-Help Group (SHG) Pool Contribution,,18.2,low,0.4111975508585516,"[""Normal transaction parameters consistent with account baseline""]",completed,2026-09-14 07:45:00.000000,2026-09-16 18:32:55
494,TXN-100494,31,DEBIT,11224.54,102836.51,91611.97,94551.27,105775.81,0,0,42,29,Branch Cashier,Branch Terminal POS,Warangal,Telangana,17.960800000000003,79.57639999999999,Agricultural Crop Loan EMI,LON-53911,4.9,low,0.3649694831764531,"[""Normal transaction parameters consistent with account baseline""]",completed,2026-09-14 07:50:00.000000,2026-09-16 18:32:55
495,TXN-100495,31,PAYMENT,3874.96,46267.02,42392.06,391219.79,395094.75,0,0,14,194,Micro-ATM,Branch Terminal POS,Jaipur,Rajasthan,26.9339,75.7745,Tractor Equipment Finance,,9.2,low,0.37997233623828985,"[""Normal transaction parameters consistent with account baseline""]",completed,2026-09-14 07:45:00.000000,2026-09-16 18:32:55
496,TXN-100496,32,TRANSFER,1008.05,70164.3,69156.25,52266.89,53274.94,0,0,28,32,IMPS,Mobile - Android (CoopPay App),Ahmedabad,Gujarat,22.9871,72.57809999999999,Self-Help Group (SHG) Pool Contribution,,12.6,low,0.3917387253100713,"[""Normal transaction parameters consistent with account baseline""]",completed,2026-09-14 08:01:00.000000,2026-09-16 18:32:55
497,TXN-100497,32,PAYMENT,4365.09,36315.75,31950.66,456422.72,460787.81,0,0,107,193,Micro-ATM,Branch Terminal POS,Delhi,Delhi,28.736,77.09970000000001,Solar Pump Subsidy Disbursal,,21.7,low,0.42357675682394963,"[""Normal transaction parameters consistent with account baseline""]",completed,2026-09-14 08:03:00.000000,2026-09-16 18:32:55
498,TXN-100498,32,TRANSFER,6562.2,84311.03,77748.83,13594.6,20156.8,0,0,36,49,IMPS,Mobile - Android (CoopPay App),Chennai,Tamil Nadu,13.1044,80.2817,Tractor Equipment Finance,,1.1,low,0.3516277864153206,"[""Normal transaction parameters consistent with account baseline""]",completed,2026-09-14 08:00:00.000000,2026-09-16 18:32:55
499,TXN-100499,32,CASH_OUT,3348.16,54453.5,51105.34,21627.76,24975.92,0,0,76,20,Branch Cashier,Branch Terminal POS,Ahmedabad,Gujarat,23.041600000000003,72.5535,Agricultural Crop Loan EMI,LON-40339,23.3,low,0.4289110868577438,"[""Normal transaction parameters consistent with account baseline""]",completed,2026-09-14 08:01:00.000000,2026-09-16 18:32:55
500,TXN-100500,32,TRANSFER,3958.79,21636.2,17677.41,32356.96,36315.75,0,0,83,107,RTGS,Branch Terminal POS,Nagpur,Maharashtra,21.125,79.0924,Micro-Savings Recurring Deposit,,2.9,low,0.35777221773913365,"[""Normal transaction parameters consistent with account baseline""]",completed,2026-09-14 08:14:00.000000,2026-09-16 18:32:55
501,TXN-100501,32,DEBIT,2531.19,45368.88,42837.69,93917.37,96448.56,0,0,6,40,Branch Cashier,Branch Terminal POS,Madurai,Tamil Nadu,9.9087,78.1301,Dairy Cooperative Milk Payout,,14.9,low,0.3997923746572323,"[""Normal transaction parameters consistent with account baseline""]",completed,2026-09-14 08:07:00.000000,2026-09-16 18:32:55
502,TXN-100502,32,TRANSFER,4237.55,59314.57,55077.02,57330.62,61568.17,0,0,84,18,UPI,Mobile - Android (CoopPay App),Chennai,Tamil Nadu,13.045300000000001,80.25370000000001,Self-Help Group (SHG) Pool Contribution,,0.4,low,0.34910314109625945,"[""Normal transaction parameters consistent with account baseline""]",completed,2026-09-14 08:09:00.000000,2026-09-16 18:32:55
503,TXN-100503,32,DEBIT,3275.28,48800.36,45525.08,34979.75,38255.03,0,0,60,39,Branch Cashier,Branch Terminal POS,Ahmedabad,Gujarat,23.0094,72.5857,Emergency Healthcare Advance,,9.3,low,0.3803785955480277,"[""Normal transaction parameters consistent with account baseline""]",completed,2026-09-14 08:02:00.000000,2026-09-16 18:32:55
504,TXN-100504,32,TRANSFER,9149.05,73933.31,64784.26,70354.19,79503.24,0,0,64,31,UPI,Mobile - Android (CoopPay App),Kochi,Kerala,9.936300000000001,76.24470000000001,Emergency Healthcare Advance,,5.9,low,0.36822731832402905,"[""Normal transaction parameters consistent with account baseline""]",completed,2026-09-14 08:01:00.000000,2026-09-16 18:32:55
505,TXN-100505,32,DEBIT,15139.21,132368.37,117229.16,85833.95,100973.16,0,0,90,54,Branch Cashier,Branch Terminal POS,Warangal,Telangana,17.997500000000002,79.5805,Fertilizer & Seed Procurement,,12.8,low,0.3922332569231629,"[""Normal transaction parameters consistent with account baseline""]",completed,2026-09-14 08:10:00.000000,2026-09-16 18:32:55
506,TXN-100506,32,TRANSFER,1917.58,29364.15,27446.57,141175.6,143093.18,0,0,59,97,NEFT,Branch Terminal POS,Delhi,Delhi,28.732400000000002,77.1388,Tractor Equipment Finance,,17.7,low,0.40956074126684844,"[""Normal transaction parameters consistent with account baseline""]",completed,2026-09-14 08:03:00.000000,2026-09-16 18:32:55
507,TXN-100507,32,PAYMENT,1357.49,53889.65,52532.16,455065.23,456422.72,0,0,114,193,Micro-ATM,Branch Terminal POS,Pune,Maharashtra,18.517899999999997,73.8227,Emergency Healthcare Advance,,39.0,medium,0.48349676647738343,[],completed,2026-09-14 08:13:00.000000,2026-09-16 18:32:55
508,TXN-100508,32,TRANSFER,5297.84,52532.16,47234.32,74270.23,79568.07,0,0,114,13,NEFT,Branch Terminal POS,Pune,Maharashtra,18.517899999999997,73.8227,Micro-Savings Recurring Deposit,,21.8,low,0.4236877887724412,"[""Normal transaction parameters consistent with account baseline""]",completed,2026-09-14 08:11:00.000000,2026-09-16 18:32:55
509,TXN-100509,32,TRANSFER,18469.01,30350.04,11881.03,58433.96,76902.97,0,0,110,88,NEFT,Branch Terminal POS,Jaipur,Rajasthan,26.934700000000003,75.8252,Member Share Capital Dividend,,19.1,low,0.41425053209776996,"[""Normal transaction parameters consistent with account baseline""]",completed,2026-09-14 08:07:00.000000,2026-09-16 18:32:55
510,TXN-100510,32,PAYMENT,1878.54,42320.31,40441.77,222952.5,224831.04,0,0,48,197,UPI,Mobile - Android (CoopPay App),Kochi,Kerala,9.925600000000001,76.2737,Fertilizer & Seed Procurement,,16.5,low,0.4051301581202951,"[""Normal transaction parameters consistent with account baseline""]",completed,2026-09-14 08:01:00.000000,2026-09-16 18:32:55
511,TXN-100511,33,PAYMENT,2944.0,55001.26,52057.26,224831.04,227775.04,0,0,12,197,UPI,Mobile - Android (CoopPay App),Ahmedabad,Gujarat,23.022000000000002,72.5919,Fertilizer & Seed Procurement,,12.8,low,0.3922309006096187,"[""Normal transaction parameters consistent with account baseline""]",completed,2026-09-14 08:27:00.000000,2026-09-16 18:32:55
512,TXN-100512,33,TRANSFER,9055.39,83825.78,74770.39,24975.92,34031.31,0,0,1,20,IMPS,Mobile - Android (CoopPay App),Mumbai,Maharashtra,19.0872,72.83970000000001,Solar Pump Subsidy Disbursal,,5.8,low,0.36799318649571083,"[""Normal transaction parameters consistent with account baseline""]",completed,2026-09-14 08:16:00.000000,2026-09-16 18:32:55
513,TXN-100513,33,TRANSFER,2628.16,53096.19,50468.03,44653.6,47281.76,0,0,112,100,NEFT,Branch Terminal POS,Kochi,Kerala,9.8984,76.2509,Emergency Healthcare Advance,,2.3,low,0.35571042462355973,"[""Normal transaction parameters consistent with account baseline""]",completed,2026-09-14 08:22:00.000000,2026-09-16 18:32:55
514,TXN-100514,33,CASH_OUT,2056.85,49568.51,47511.66,95651.93,97708.78,0,0,19,78,Branch Cashier,Branch Terminal POS,Nagpur,Maharashtra,21.125600000000002,79.05330000000001,Self-Help Group (SHG) Pool Contribution,,21.3,low,0.42183929323247815,"[""Normal transaction parameters consistent with account baseline""]",completed,2026-09-14 08:16:00.000000,2026-09-16 18:32:55
515,TXN-100515,33,CASH_OUT,10300.94,66885.39,56584.45,86823.05,97123.99,0,0,9,72,Branch Cashier,Branch Terminal POS,Hyderabad,Telangana,17.375400000000003,78.5259,Member Share Capital Dividend,,16.9,low,0.40675287805709304,"[""Normal transaction parameters consistent with account baseline""]",completed,2026-09-14 08:20:00.000000,2026-09-16 18:32:55
516,TXN-100516,33,CASH_OUT,14781.47,63938.56,49157.09,69156.25,83937.72,0,0,17,28,Branch Cashier,Branch Terminal POS,Mumbai,Maharashtra,19.0552,72.857,Tractor Equipment Finance,,55.9,medium,0.5424264182615179,"[""Multi-dimensional behavioral anomaly flagged by Isolation Forest scoring engine""]",completed,2026-09-14 08:22:00.000000,2026-09-16 18:32:55
517,TXN-100517,33,CASH_OUT,5155.69,55404.28,50248.59,53360.01,58515.7,0,0,7,33,Branch Cashier,Branch Terminal POS,Bengaluru,Karnataka,13.0009,77.585,Tractor Equipment Finance,,18.4,low,0.41179508726548325,"[""Normal transaction parameters consistent with account baseline""]",completed,2026-09-14 08:22:00.000000,2026-09-16 18:32:55
518,TXN-100518,33,PAYMENT,1842.0,95618.25,93776.25,315942.12,317784.12,0,0,82,187,UPI,Mobile - Android (CoopPay App),Pune,Maharashtra,18.5259,73.8215,Dairy Cooperative Milk Payout,,14.4,low,0.3978187931507862,"[""Normal transaction parameters consistent with account baseline""]",completed,2026-09-14 08:28:00.000000,2026-09-16 18:32:55
519,TXN-100519,33,PAYMENT,161.39,49157.09,48995.7,429404.85,429566.24,0,0,17,199,Micro-ATM,Branch Terminal POS,Mumbai,Maharashtra,19.0552,72.857,Agricultural Crop Loan EMI,LON-38183,70.9,high,0.5947211885563993,"[""Multi-dimensional behavioral anomaly flagged by Isolation Forest scoring engine""]",flagged,2026-09-14 08:17:00.000000,2026-09-16 18:32:55
520,TXN-100520,33,CASH_IN,4342.53,15000.0,19342.53,76459.63,80802.16,0,0,168,25,Branch Cashier,Branch Terminal POS,Mysuru,Karnataka,12.2631,76.67219999999999,Micro-Savings Recurring Deposit,,61.9,high,0.5635709611725249,"[""Multi-dimensional behavioral anomaly flagged by Isolation Forest scoring engine""]",flagged,2026-09-14 08:28:00.000000,2026-09-16 18:32:55
521,TXN-100521,33,TRANSFER,2850.87,87519.69,84668.82,77748.83,80599.7,0,0,46,36,UPI,Mobile - Android (CoopPay App),Jaipur,Rajasthan,26.8975,75.8151,Member Share Capital Dividend,,4.7,low,0.364206737338018,"[""Normal transaction parameters consistent with account baseline""]",completed,2026-09-14 08:17:00.000000,2026-09-16 18:32:55
522,TXN-100522,33,PAYMENT,396.08,40993.09,40597.01,420958.04,421354.12,0,0,27,200,Micro-ATM,Branch Terminal POS,Delhi,Delhi,28.717,77.10140000000001,Self-Help Group (SHG) Pool Contribution,,25.6,low,0.43711022526420173,"[""Normal transaction parameters consistent with account baseline""]",completed,2026-09-14 08:20:00.000000,2026-09-16 18:32:55
523,TXN-100523,33,TRANSFER,9543.19,101578.41,92035.22,44417.59,53960.78,0,0,4,47,NEFT,Branch Terminal POS,Chennai,Tamil Nadu,13.1034,80.24350000000001,Tractor Equipment Finance,,11.6,low,0.3880905862472208,"[""Normal transaction parameters consistent with account baseline""]",completed,2026-09-14 08:15:00.000000,2026-09-16 18:32:55
524,TXN-100524,33,TRANSFER,5684.14,23744.13,18059.99,50468.03,56152.17,0,0,23,112,IMPS,Mobile - Android (CoopPay App),Bengaluru,Karnataka,12.9956,77.5633,Agricultural Crop Loan EMI,LON-63004,8.6,low,0.3777564332269321,"[""Normal transaction parameters consistent with account baseline""]",completed,2026-09-14 08:28:00.000000,2026-09-16 18:32:55
525,TXN-100525,33,CASH_OUT,13808.84,100152.87,86344.03,51105.34,64914.18,0,0,102,76,Branch Cashier,Branch Terminal POS,Madurai,Tamil Nadu,9.9372,78.14789999999999,Solar Pump Subsidy Disbursal,,21.3,low,0.4221473470314521,"[""Normal transaction parameters consistent with account baseline""]",completed,2026-09-14 08:28:00.000000,2026-09-16 18:32:55
526,TXN-100526,34,TRANSFER,5286.05,47511.66,42225.61,38366.61,43652.66,0,0,19,37,IMPS,Mobile - Android (CoopPay App),Nagpur,Maharashtra,21.125600000000002,79.05330000000001,Dairy Cooperative Milk Payout,,6.4,low,0.3702783550756742,"[""Normal transaction parameters consistent with account baseline""]",completed,2026-09-14 08:38:00.000000,2026-09-16 18:32:55
527,TXN-100527,34,DEBIT,6861.49,76191.43,69329.94,37888.62,44750.11,0,0,92,10,Branch Cashier,Branch Terminal POS,Ahmedabad,Gujarat,23.024,72.5812,Dairy Cooperative Milk Payout,,9.7,low,0.38151923030068446,"[""Normal transaction parameters consistent with account baseline""]",completed,2026-09-14 08:37:00.000000,2026-09-16 18:32:55
528,TXN-100528,34,TRANSFER,7896.01,58000.05,50104.04,97708.78,105604.79,0,0,116,78,IMPS,Mobile - Android (CoopPay App),Chennai,Tamil Nadu,13.0614,80.23270000000001,Dairy Cooperative Milk Payout,,10.1,low,0.3830437179705855,"[""Normal transaction parameters consistent with account baseline""]",completed,2026-09-14 08:42:00.000000,2026-09-16 18:32:55
529,TXN-100529,34,PAYMENT,622.15,70725.34,70103.19,384028.7,384650.85,0,0,80,195,UPI,Mobile - Android (CoopPay App),Kochi,Kerala,9.941600000000001,76.2316,Member Share Capital Dividend,,23.1,low,0.42838407361025077,"[""Normal transaction parameters consistent with account baseline""]",completed,2026-09-14 08:30:00.000000,2026-09-16 18:32:55
530,TXN-100530,34,PAYMENT,392.36,23763.53,23371.17,130484.07,130876.43,0,0,111,191,UPI,Mobile - Android (CoopPay App),Lucknow,Uttar Pradesh,26.8219,80.9263,Emergency Healthcare Advance,,26.8,low,0.4410191804780881,"[""Normal transaction parameters consistent with account baseline""]",completed,2026-09-14 08:32:00.000000,2026-09-16 18:32:55
531,TXN-100531,34,TRANSFER,2921.38,91611.97,88690.59,36424.14,39345.52,0,0,42,34,UPI,Mobile - Android (CoopPay App),Warangal,Telangana,17.960800000000003,79.57639999999999,Tractor Equipment Finance,,6.3,low,0.3698470981731799,"[""Normal transaction parameters consistent with account baseline""]",completed,2026-09-14 08:35:00.000000,2026-09-16 18:32:55
532,TXN-100532,34,PAYMENT,2391.57,88083.84,85692.27,395440.23,397831.8,0,0,55,194,UPI,Mobile - Android (CoopPay App),Bengaluru,Karnataka,12.991100000000001,77.5926,Agricultural Crop Loan EMI,LON-18450,8.5,low,0.3772508309247782,"[""Normal transaction parameters consistent with account baseline""]",completed,2026-09-14 08:44:00.000000,2026-09-16 18:32:55
533,TXN-100533,34,CASH_IN,18334.06,15000.0,33334.06,79725.16,98059.22,0,0,163,8,Branch Cashier,Branch Terminal POS,Nagpur,Maharashtra,21.1188,79.1147,Solar Pump Subsidy Disbursal,,59.8,medium,0.5562166486190364,"[""Multi-dimensional behavioral anomaly flagged by Isolation Forest scoring engine""]",completed,2026-09-14 08:33:00.000000,2026-09-16 18:32:55
534,TXN-100534,34,PAYMENT,568.71,27446.57,26877.86,317784.12,318352.83,0,0,59,187,UPI,Mobile - Android (CoopPay App),Delhi,Delhi,28.732400000000002,77.1388,Dairy Cooperative Milk Payout,,33.3,low,0.4638778954715071,[],completed,2026-09-14 08:42:00.000000,2026-09-16 18:32:55
535,TXN-100535,34,PAYMENT,345.48,62502.89,62157.41,395094.75,395440.23,0,0,66,194,Micro-ATM,Branch Terminal POS,Pune,Maharashtra,18.5121,73.8739,Dairy Cooperative Milk Payout,,28.3,low,0.44645462724833995,"[""Normal transaction parameters consistent with account baseline""]",completed,2026-09-14 08:44:00.000000,2026-09-16 18:32:55
536,TXN-100536,34,TRANSFER,3491.05,44347.46,40856.41,67234.29,70725.34,0,0,65,80,RTGS,Branch Terminal POS,Mumbai,Maharashtra,19.098200000000002,72.8508,Agricultural Crop Loan EMI,LON-32018,2.2,low,0.3554840314007067,"[""Normal transaction parameters consistent with account baseline""]",completed,2026-09-14 08:30:00.000000,2026-09-16 18:32:55
537,TXN-100537,34,CASH_OUT,10574.03,42837.69,32263.66,0.0,10574.03,0,0,6,118,Branch Cashier,Branch Terminal POS,Madurai,Tamil Nadu,9.9087,78.1301,Emergency Healthcare Advance,,27.0,low,0.44175131948915525,"[""Normal transaction parameters consistent with account baseline""]",completed,2026-09-14 08:44:00.000000,2026-09-16 18:32:55
538,TXN-100538,34,TRANSFER,12379.34,76238.22,63858.88,53960.78,66340.12,0,0,61,47,RTGS,Branch Terminal POS,Surat,Gujarat,21.151,72.8173,Solar Pump Subsidy Disbursal,,17.6,low,0.40910101995783915,"[""Normal transaction parameters consistent with account baseline""]",completed,2026-09-14 08:43:00.000000,2026-09-16 18:32:55
539,TXN-100539,34,TRANSFER,962.09,49066.98,48104.89,56584.45,57546.54,0,0,68,9,RTGS,Branch Terminal POS,Chennai,Tamil Nadu,13.083200000000001,80.25800000000001,Emergency Healthcare Advance,,13.5,low,0.39488543671621973,"[""Normal transaction parameters consistent with account baseline""]",completed,2026-09-14 08:30:00.000000,2026-09-16 18:32:55
540,TXN-100540,34,TRANSFER,11391.75,50248.59,38856.84,76692.09,88083.84,0,0,7,55,NEFT,Branch Terminal POS,Bengaluru,Karnataka,13.0009,77.585,Member Share Capital Dividend,,8.6,low,0.37762090884968985,"[""Normal transaction parameters consistent with account baseline""]",completed,2026-09-14 08:32:00.000000,2026-09-16 18:32:55
541,TXN-100541,35,DEBIT,19328.35,87338.64,68010.29,81619.29,100947.64,0,0,58,53,Branch Cashier,Branch Terminal POS,Warangal,Telangana,17.9339,79.6207,Fertilizer & Seed Procurement,,17.1,low,0.40738536703888667,"[""Normal transaction parameters consistent with account baseline""]",completed,2026-09-14 08:59:00.000000,2026-09-16 18:32:55
542,TXN-100542,35,TRANSFER,1502.61,48104.89,46602.28,40856.41,42359.02,0,0,68,65,NEFT,Branch Terminal POS,Chennai,Tamil Nadu,13.083200000000001,80.25800000000001,Solar Pump Subsidy Disbursal,,16.0,low,0.4037135262544003,"[""Normal transaction parameters consistent with account baseline""]",completed,2026-09-14 08:49:00.000000,2026-09-16 18:32:55
543,TXN-100543,35,TRANSFER,15740.69,105604.79,89864.1,41914.96,57655.65,0,0,78,103,IMPS,Mobile - Android (CoopPay App),Jaipur,Rajasthan,26.9234,75.8075,Agricultural Crop Loan EMI,LON-90492,11.7,low,0.3885694075148113,"[""Normal transaction parameters consistent with account baseline""]",completed,2026-09-14 08:59:00.000000,2026-09-16 18:32:55
544,TXN-100544,35,TRANSFER,2957.19,69329.94,66372.75,18081.82,21039.01,0,0,92,77,IMPS,Mobile - Android (CoopPay App),Ahmedabad,Gujarat,23.024,72.5812,Tractor Equipment Finance,,3.1,low,0.358717459485968,"[""Normal transaction parameters consistent with account baseline""]",completed,2026-09-14 08:54:00.000000,2026-09-16 18:32:55
545,TXN-100545,35,TRANSFER,5612.65,97123.99,91511.34,80209.43,85822.08,0,0,72,73,RTGS,Branch Terminal POS,Mysuru,Karnataka,12.3262,76.65549999999999,Self-Help Group (SHG) Pool Contribution,,3.4,low,0.3597663596759304,"[""Normal transaction parameters consistent with account baseline""]",completed,2026-09-14 08:52:00.000000,2026-09-16 18:32:55
546,TXN-100546,35,DEBIT,3529.6,60968.48,57438.88,90026.62,93556.22,0,0,84,71,Branch Cashier,Branch Terminal POS,Chennai,Tamil Nadu,13.045300000000001,80.25370000000001,Agricultural Crop Loan EMI,LON-21497,2.6,low,0.35674904864808094,"[""Normal transaction parameters consistent with account baseline""]",completed,2026-09-14 08:52:00.000000,2026-09-16 18:32:55
547,TXN-100547,35,TRANSFER,13568.51,52376.06,38807.55,143093.18,156661.69,0,0,12,97,RTGS,Branch Terminal POS,Ahmedabad,Gujarat,23.022000000000002,72.5919,Fertilizer & Seed Procurement,,5.4,low,0.3665095338526504,"[""Normal transaction parameters consistent with account baseline""]",completed,2026-09-14 08:49:00.000000,2026-09-16 18:32:55
548,TXN-100548,35,DEBIT,4229.4,23319.07,19089.67,72214.99,76444.39,0,0,93,56,Branch Cashier,Branch Terminal POS,Surat,Gujarat,21.1399,72.869,Member Share Capital Dividend,,19.3,low,0.41513673310803056,"[""Normal transaction parameters consistent with account baseline""]",completed,2026-09-14 08:51:00.000000,2026-09-16 18:32:55
549,TXN-100549,35,CASH_OUT,1282.05,23302.38,22020.33,100947.64,102229.69,0,0,44,53,Branch Cashier,Branch Terminal POS,Ahmedabad,Gujarat,23.0102,72.5943,Self-Help Group (SHG) Pool Contribution,,19.7,low,0.4165193322894857,"[""Normal transaction parameters consistent with account baseline""]",completed,2026-09-14 08:55:00.000000,2026-09-16 18:32:55
550,TXN-100550,35,TRANSFER,318.8,57546.54,57227.74,52057.26,52376.06,0,0,9,12,UPI,Mobile - Android (CoopPay App),Hyderabad,Telangana,17.375400000000003,78.5259,Emergency Healthcare Advance,,32.7,low,0.4617302236626544,[],completed,2026-09-14 08:48:00.000000,2026-09-16 18:32:55
551,TXN-100551,35,TRANSFER,5891.46,117229.16,111337.7,55077.02,60968.48,0,0,90,84,NEFT,Branch Terminal POS,Warangal,Telangana,17.997500000000002,79.5805,Solar Pump Subsidy Disbursal,,2.3,low,0.35591842034191923,"[""Normal transaction parameters consistent with account baseline""]",completed,2026-09-14 08:57:00.000000,2026-09-16 18:32:55
552,TXN-100552,35,TRANSFER,17684.93,52119.93,34435.0,48995.7,66680.63,0,0,95,17,RTGS,Branch Terminal POS,Lucknow,Uttar Pradesh,26.885099999999998,80.9257,Micro-Savings Recurring Deposit,,20.2,low,0.41803225164897395,"[""Normal transaction parameters consistent with account baseline""]",completed,2026-09-14 08:53:00.000000,2026-09-16 18:32:55
553,TXN-100553,35,TRANSFER,4782.46,85692.27,80909.81,58515.7,63298.16,0,0,55,33,NEFT,Branch Terminal POS,Bengaluru,Karnataka,12.991100000000001,77.5926,Emergency Healthcare Advance,,0.8,low,0.35051336672537403,"[""Normal transaction parameters consistent with account baseline""]",completed,2026-09-14 08:59:00.000000,2026-09-16 18:32:55
554,TXN-100554,35,CASH_OUT,5935.89,100973.16,95037.27,133419.49,139355.38,0,0,54,41,Branch Cashier,Branch Terminal POS,Madurai,Tamil Nadu,9.9328,78.1558,Fertilizer & Seed Procurement,,16.5,low,0.40545182223413806,"[""Normal transaction parameters consistent with account baseline""]",completed,2026-09-14 08:49:00.000000,2026-09-16 18:32:55
555,TXN-100555,35,CASH_IN,15674.9,15000.0,30674.9,40441.77,56116.67,0,0,172,48,Branch Cashier,Branch Terminal POS,Ahmedabad,Gujarat,22.991400000000002,72.5544,Micro-Savings Recurring Deposit,,52.2,medium,0.5297572441048364,"[""Multi-dimensional behavioral anomaly flagged by Isolation Forest scoring engine""]",completed,2026-09-14 08:45:00.000000,2026-09-16 18:32:55
556,TXN-100556,36,PAYMENT,1093.37,73358.61,72265.24,421354.12,422447.49,0,0,85,200,UPI,Mobile - Android (CoopPay App),Coimbatore,Tamil Nadu,11.0411,76.9316,Agricultural Crop Loan EMI,LON-46822,15.7,low,0.4025037275698118,"[""Normal transaction parameters consistent with account baseline""]",completed,2026-09-14 09:09:00.000000,2026-09-16 18:32:55
557,TXN-100557,36,PAYMENT,3386.29,69304.79,65918.5,205743.73,209130.02,0,0,119,198,Micro-ATM,Branch Terminal POS,Bengaluru,Karnataka,12.9786,77.6127,Self-Help Group (SHG) Pool Contribution,,15.7,low,0.4024504585319966,"[""Normal transaction parameters consistent with account baseline""]",completed,2026-09-14 09:00:00.000000,2026-09-16 18:32:55
558,TXN-100558,36,TRANSFER,1065.45,78896.83,77831.38,98503.6,99569.05,0,0,35,36,IMPS,Mobile - Android (CoopPay App),Nagpur,Maharashtra,21.174,79.0886,Fertilizer & Seed Procurement,,10.8,low,0.3855847407205251,"[""Normal transaction parameters consistent with account baseline""]",completed,2026-09-14 09:05:00.000000,2026-09-16 18:32:55
559,TXN-100559,36,TRANSFER,8867.69,48173.62,39305.93,85822.08,94689.77,0,0,14,73,IMPS,Mobile - Android (CoopPay App),Jaipur,Rajasthan,26.9339,75.7745,Member Share Capital Dividend,,6.5,low,0.3704072050841015,"[""Normal transaction parameters consistent with account baseline""]",completed,2026-09-14 09:01:00.000000,2026-09-16 18:32:55
560,TXN-100560,36,TRANSFER,8184.58,156661.69,148477.11,61120.21,69304.79,0,0,97,119,UPI,Mobile - Android (CoopPay App),Mumbai,Maharashtra,19.103,72.8841,Member Share Capital Dividend,,2.1,low,0.35523853976153014,"[""Normal transaction parameters consistent with account baseline""]",completed,2026-09-14 09:04:00.000000,2026-09-16 18:32:55
561,TXN-100561,36,TRANSFER,7953.66,91511.34,83557.68,88518.88,96472.54,0,0,72,16,RTGS,Branch Terminal POS,Mysuru,Karnataka,12.3262,76.65549999999999,Micro-Savings Recurring Deposit,,3.8,low,0.36118569657211846,"[""Normal transaction parameters consistent with account baseline""]",completed,2026-09-14 09:09:00.000000,2026-09-16 18:32:55
562,TXN-100562,36,TRANSFER,5781.56,21039.01,15257.45,42392.06,48173.62,0,0,77,14,IMPS,Mobile - Android (CoopPay App),Surat,Gujarat,21.154400000000003,72.8477,Fertilizer & Seed Procurement,,2.7,low,0.3572643938791656,"[""Normal transaction parameters consistent with account baseline""]",completed,2026-09-14 09:14:00.000000,2026-09-16 18:32:55
563,TXN-100563,36,TRANSFER,1275.82,19089.67,17813.85,43652.66,44928.48,0,0,93,37,NEFT,Branch Terminal POS,Surat,Gujarat,21.1399,72.869,Micro-Savings Recurring Deposit,,16.4,low,0.4049540018487483,"[""Normal transaction parameters consistent with account baseline""]",completed,2026-09-14 09:03:00.000000,2026-09-16 18:32:55
564,TXN-100564,36,PAYMENT,1178.86,58516.48,57337.62,429566.24,430745.1,0,0,109,199,UPI,Mobile - Android (CoopPay App),Surat,Gujarat,21.158900000000003,72.8148,Micro-Savings Recurring Deposit,,18.4,low,0.4119517456433245,"[""Normal transaction parameters consistent with account baseline""]",completed,2026-09-14 09:14:00.000000,2026-09-16 18:32:55
565,TXN-100565,36,PAYMENT,7640.51,17677.41,10036.9,375427.37,383067.88,0,0,83,196,UPI,Mobile - Android (CoopPay App),Nagpur,Maharashtra,21.125,79.0924,Member Share Capital Dividend,,25.9,low,0.43816322341747727,"[""Normal transaction parameters consistent with account baseline""]",completed,2026-09-14 09:09:00.000000,2026-09-16 18:32:55
566,TXN-100566,36,PAYMENT,1779.8,72996.7,71216.9,339630.67,341410.47,0,0,74,189,Micro-ATM,Branch Terminal POS,Warangal,Telangana,17.953400000000002,79.6006,Self-Help Group (SHG) Pool Contribution,,34.4,low,0.4677034394380086,[],completed,2026-09-14 09:13:00.000000,2026-09-16 18:32:55
567,TXN-100567,36,TRANSFER,16823.55,102229.69,85406.14,21564.29,38387.84,0,0,53,87,IMPS,Mobile - Android (CoopPay App),Coimbatore,Tamil Nadu,10.9808,76.9357,Solar Pump Subsidy Disbursal,,7.3,low,0.37339431526026795,"[""Normal transaction parameters consistent with account baseline""]",completed,2026-09-14 09:04:00.000000,2026-09-16 18:32:55
568,TXN-100568,36,TRANSFER,17903.9,56116.67,38212.77,80599.7,98503.6,0,0,48,36,UPI,Mobile - Android (CoopPay App),Kochi,Kerala,9.925600000000001,76.2737,Agricultural Crop Loan EMI,LON-40490,16.2,low,0.40426872677911285,"[""Normal transaction parameters consistent with account baseline""]",completed,2026-09-14 09:00:00.000000,2026-09-16 18:32:55
569,TXN-100569,36,TRANSFER,17086.2,71216.9,54130.7,80909.81,97996.01,0,0,74,55,IMPS,Mobile - Android (CoopPay App),Warangal,Telangana,17.953400000000002,79.6006,Agricultural Crop Loan EMI,LON-79002,27.1,low,0.4422830517110819,"[""Normal transaction parameters consistent with account baseline""]",completed,2026-09-14 09:09:00.000000,2026-09-16 18:32:55
570,TXN-100570,36,PAYMENT,316.32,35286.72,34970.4,227775.04,228091.36,0,0,105,197,UPI,Mobile - Android (CoopPay App),Hyderabad,Telangana,17.387500000000003,78.492,Micro-Savings Recurring Deposit,,35.2,medium,0.47050658745720414,[],completed,2026-09-14 09:07:00.000000,2026-09-16 18:32:55
571,TXN-100571,37,CASH_IN,10576.06,15000.0,25576.06,93776.25,104352.31,0,0,124,82,Branch Cashier,Branch Terminal POS,Ahmedabad,Gujarat,23.0456,72.5791,Member Share Capital Dividend,,57.3,medium,0.5475184209007927,"[""Multi-dimensional behavioral anomaly flagged by Isolation Forest scoring engine""]",completed,2026-09-14 09:29:00.000000,2026-09-16 18:32:55
572,TXN-100572,37,DEBIT,2837.14,35193.04,32355.9,89492.27,92329.41,0,0,11,21,Branch Cashier,Branch Terminal POS,Delhi,Delhi,28.6853,77.0822,Fertilizer & Seed Procurement,,14.1,low,0.39695966769148683,"[""Normal transaction parameters consistent with account baseline""]",completed,2026-09-14 09:27:00.000000,2026-09-16 18:32:55
573,TXN-100573,37,TRANSFER,6015.64,84047.07,78031.43,27378.35,33393.99,0,0,52,96,IMPS,Mobile - Android (CoopPay App),Chennai,Tamil Nadu,13.097700000000001,80.30210000000001,Micro-Savings Recurring Deposit,,2.0,low,0.3548262444271431,"[""Normal transaction parameters consistent with account baseline""]",completed,2026-09-14 09:20:00.000000,2026-09-16 18:32:55
574,TXN-100574,37,CASH_OUT,16686.0,111337.7,94651.7,65918.5,82604.5,0,0,90,119,Branch Cashier,Branch Terminal POS,Warangal,Telangana,17.997500000000002,79.5805,Agricultural Crop Loan EMI,LON-29360,28.7,low,0.4479121280146213,"[""Normal transaction parameters consistent with account baseline""]",completed,2026-09-14 09:15:00.000000,2026-09-16 18:32:55
575,TXN-100575,37,PAYMENT,866.99,148477.11,147610.12,311684.94,312551.93,0,0,97,192,UPI,Mobile - Android (CoopPay App),Mumbai,Maharashtra,19.103,72.8841,Dairy Cooperative Milk Payout,,15.4,low,0.40160056836139735,"[""Normal transaction parameters consistent with account baseline""]",completed,2026-09-14 09:24:00.000000,2026-09-16 18:32:55
576,TXN-100576,37,TRANSFER,2963.65,63357.34,60393.69,83937.72,86901.37,0,0,57,28,NEFT,Branch Terminal POS,Hyderabad,Telangana,17.375600000000002,78.4589,Dairy Cooperative Milk Payout,,0.9,low,0.3508692790983105,"[""Normal transaction parameters consistent with account baseline""]",completed,2026-09-14 09:28:00.000000,2026-09-16 18:32:55
577,TXN-100577,37,PAYMENT,201.37,33393.99,33192.62,460787.81,460989.18,0,0,96,193,Micro-ATM,Branch Terminal POS,Kochi,Kerala,9.9603,76.24940000000001,Dairy Cooperative Milk Payout,,42.7,medium,0.4966251642170416,[],completed,2026-09-14 09:20:00.000000,2026-09-16 18:32:55
578,TXN-100578,37,TRANSFER,16605.52,77220.32,60614.8,89864.1,106469.62,0,0,85,78,NEFT,Branch Terminal POS,Coimbatore,Tamil Nadu,11.0411,76.9316,Micro-Savings Recurring Deposit,,24.7,low,0.4340036428819426,"[""Normal transaction parameters consistent with account baseline""]",completed,2026-09-14 09:20:00.000000,2026-09-16 18:32:55
579,TXN-100579,37,TRANSFER,10754.75,38212.77,27458.02,88690.59,99445.34,0,0,48,42,IMPS,Mobile - Android (CoopPay App),Kochi,Kerala,9.925600000000001,76.2737,Emergency Healthcare Advance,,9.5,low,0.38105504160655906,"[""Normal transaction parameters consistent with account baseline""]",completed,2026-09-14 09:17:00.000000,2026-09-16 18:32:55
580,TXN-100580,37,DEBIT,230.18,47281.76,47051.58,15257.45,15487.63,0,0,100,77,Branch Cashier,Branch Terminal POS,Chennai,Tamil Nadu,13.119900000000001,80.2573,Solar Pump Subsidy Disbursal,,41.8,medium,0.49346841247700124,[],completed,2026-09-14 09:27:00.000000,2026-09-16 18:32:55
581,TXN-100581,37,CASH_OUT,3500.56,92329.41,88828.85,38856.84,42357.4,0,0,21,7,Branch Cashier,Branch Terminal POS,Coimbatore,Tamil Nadu,11.0199,76.9737,Micro-Savings Recurring Deposit,,15.2,low,0.40081972087655676,"[""Normal transaction parameters consistent with account baseline""]",completed,2026-09-14 09:25:00.000000,2026-09-16 18:32:55
582,TXN-100582,37,TRANSFER,5210.74,38387.84,33177.1,58146.6,63357.34,0,0,87,57,NEFT,Branch Terminal POS,Bengaluru,Karnataka,12.990400000000001,77.6029,Member Share Capital Dividend,,5.1,low,0.36545092738329127,"[""Normal transaction parameters consistent with account baseline""]",completed,2026-09-14 09:17:00.000000,2026-09-16 18:32:55
583,TXN-100583,37,TRANSFER,4955.08,56152.17,51197.09,72265.24,77220.32,0,0,112,85,IMPS,Mobile - Android (CoopPay App),Kochi,Kerala,9.8984,76.2509,Emergency Healthcare Advance,,4.0,low,0.3615916086591962,"[""Normal transaction parameters consistent with account baseline""]",completed,2026-09-14 09:25:00.000000,2026-09-16 18:32:55
584,TXN-100584,37,PAYMENT,834.88,95037.27,94202.39,341410.47,342245.35,0,0,54,189,Micro-ATM,Branch Terminal POS,Madurai,Tamil Nadu,9.9328,78.1558,Fertilizer & Seed Procurement,,18.4,low,0.41205865743773723,"[""Normal transaction parameters consistent with account baseline""]",completed,2026-09-14 09:19:00.000000,2026-09-16 18:32:55
585,TXN-100585,37,TRANSFER,13456.26,22020.33,8564.07,78193.99,91650.25,0,0,44,24,UPI,Mobile - Android (CoopPay App),Ahmedabad,Gujarat,23.0102,72.5943,Emergency Healthcare Advance,,11.4,low,0.38758321771217935,"[""Normal transaction parameters consistent with account baseline""]",completed,2026-09-14 09:17:00.000000,2026-09-16 18:32:55
586,TXN-100586,38,TRANSFER,1461.35,67126.52,65665.17,63298.16,64759.51,0,0,99,33,UPI,Mobile - Android (CoopPay App),Nagpur,Maharashtra,21.1654,79.1046,Fertilizer & Seed Procurement,,7.4,low,0.37355930489931627,"[""Normal transaction parameters consistent with account baseline""]",completed,2026-09-14 09:43:00.000000,2026-09-16 18:32:55
587,TXN-100587,38,CASH_IN,11858.55,15000.0,26858.55,43207.89,55066.44,0,0,123,51,Branch Cashier,Branch Terminal POS,Delhi,Delhi,28.680500000000002,77.1289,Micro-Savings Recurring Deposit,,50.8,medium,0.524638184863222,"[""Multi-dimensional behavioral anomaly flagged by Isolation Forest scoring engine""]",completed,2026-09-14 09:39:00.000000,2026-09-16 18:32:55
588,TXN-100588,38,TRANSFER,1853.49,25359.07,23505.58,105775.81,107629.3,0,0,86,29,IMPS,Mobile - Android (CoopPay App),Madurai,Tamil Nadu,9.9589,78.11489999999999,Dairy Cooperative Milk Payout,,26.4,low,0.43991474614307446,"[""Normal transaction parameters consistent with account baseline""]",completed,2026-09-14 09:44:00.000000,2026-09-16 18:32:55
589,TXN-100589,38,PAYMENT,1183.38,33177.1,31993.72,384650.85,385834.23,0,0,87,195,Micro-ATM,Branch Terminal POS,Bengaluru,Karnataka,12.990400000000001,77.6029,Fertilizer & Seed Procurement,,21.2,low,0.4216453952515308,"[""Normal transaction parameters consistent with account baseline""]",completed,2026-09-14 09:44:00.000000,2026-09-16 18:32:55
590,TXN-100590,38,TRANSFER,8893.81,76444.39,67550.58,76902.97,85796.78,0,0,56,88,UPI,Mobile - Android (CoopPay App),Mysuru,Karnataka,12.262,76.6223,Member Share Capital Dividend,,29.2,low,0.44953784243224193,"[""Normal transaction parameters consistent with account baseline""]",completed,2026-09-14 09:35:00.000000,2026-09-16 18:32:55
591,TXN-100591,38,PAYMENT,452.91,97996.01,97543.1,209130.02,209582.93,0,0,55,198,Micro-ATM,Branch Terminal POS,Bengaluru,Karnataka,12.991100000000001,77.5926,Fertilizer & Seed Procurement,,22.5,low,0.426039251090724,"[""Normal transaction parameters consistent with account baseline""]",completed,2026-09-14 09:35:00.000000,2026-09-16 18:32:55
592,TXN-100592,38,TRANSFER,202306.28,122475.12,0.0,198456.62,400762.9,1,1,42,50,UPI,Mobile - Android (CoopPay App),Warangal,Telangana,17.960800000000003,79.57639999999999,Micro-Savings Recurring Deposit,,78.6,high,0.6215156436742156,"[""Transaction amount represents 202% of total recorded cooperative savings balance"", ""Rapid near-complete balance drainage detected (\u20b9122,475 \u2192 \u20b90)""]",flagged,2026-09-14 09:40:00.000000,2026-09-16 18:32:55
593,TXN-100593,38,TRANSFER,285.68,67550.58,67264.9,82604.5,82890.18,0,0,56,119,UPI,Mobile - Android (CoopPay App),Mysuru,Karnataka,12.262,76.6223,Tractor Equipment Finance,,55.9,medium,0.5426946681029416,"[""Multi-dimensional behavioral anomaly flagged by Isolation Forest scoring engine""]",completed,2026-09-14 09:37:00.000000,2026-09-16 18:32:55
594,TXN-100594,38,DEBIT,7280.24,50597.98,43317.74,84928.89,92209.13,0,0,10,75,Branch Cashier,Branch Terminal POS,Warangal,Telangana,17.961000000000002,79.5594,Member Share Capital Dividend,,22.7,low,0.4268586802075812,"[""Normal transaction parameters consistent with account baseline""]",completed,2026-09-14 09:33:00.000000,2026-09-16 18:32:55
595,TXN-100595,38,CASH_OUT,5847.87,23505.58,17657.71,44750.11,50597.98,0,0,86,10,Branch Cashier,Branch Terminal POS,Madurai,Tamil Nadu,9.9589,78.11489999999999,Dairy Cooperative Milk Payout,,42.0,medium,0.4942708020764405,[],completed,2026-09-14 09:41:00.000000,2026-09-16 18:32:55
596,TXN-100596,38,PAYMENT,910.06,95728.32,94818.26,422447.49,423357.55,0,0,30,200,Micro-ATM,Branch Terminal POS,Jaipur,Rajasthan,26.9142,75.8221,Dairy Cooperative Milk Payout,,16.0,low,0.40351402563891886,"[""Normal transaction parameters consistent with account baseline""]",completed,2026-09-14 09:35:00.000000,2026-09-16 18:32:55
597,TXN-100597,38,TRANSFER,16211.4,66680.63,50469.23,66372.75,82584.15,0,0,17,92,UPI,Mobile - Android (CoopPay App),Mumbai,Maharashtra,19.0552,72.857,Agricultural Crop Loan EMI,LON-60585,16.6,low,0.4056653884842305,"[""Normal transaction parameters consistent with account baseline""]",completed,2026-09-14 09:41:00.000000,2026-09-16 18:32:55
598,TXN-100598,38,DEBIT,6702.54,55066.44,48363.9,32263.66,38966.2,0,0,51,6,Branch Cashier,Branch Terminal POS,Nagpur,Maharashtra,21.142200000000003,79.1191,Emergency Healthcare Advance,,5.5,low,0.367008743525411,"[""Normal transaction parameters consistent with account baseline""]",completed,2026-09-14 09:37:00.000000,2026-09-16 18:32:55
599,TXN-100599,38,CASH_OUT,3728.7,64784.26,61055.56,18059.99,21788.69,0,0,64,23,Branch Cashier,Branch Terminal POS,Kochi,Kerala,9.936300000000001,76.24470000000001,Emergency Healthcare Advance,,18.1,low,0.41095031206571986,"[""Normal transaction parameters consistent with account baseline""]",completed,2026-09-14 09:32:00.000000,2026-09-16 18:32:55
600,TXN-100600,38,TRANSFER,4684.27,64543.39,59859.12,73583.56,78267.83,0,0,38,1,RTGS,Branch Terminal POS,Madurai,Tamil Nadu,9.9571,78.0966,Micro-Savings Recurring Deposit,,1.9,low,0.35452075325731053,"[""Normal transaction parameters consistent with account baseline""]",completed,2026-09-14 09:37:00.000000,2026-09-16 18:32:55
601,TXN-100601,38,TRANSFER,1186.83,74770.39,73583.56,107629.3,108816.13,0,0,1,29,RTGS,Branch Terminal POS,Mumbai,Maharashtra,19.0872,72.83970000000001,Dairy Cooperative Milk Payout,,10.3,low,0.38372150292136836,"[""Normal transaction parameters consistent with account baseline""]",completed,2026-09-14 09:38:00.000000,2026-09-16 18:32:55
602,TXN-100602,39,TRANSFER,202306.28,400762.9,198456.62,89632.57,291938.85,1,1,50,35,RTGS,Branch Terminal POS,Pune,Maharashtra,18.5342,73.8347,Member Share Capital Dividend,,47.5,medium,0.5132607558952932,"[""Transaction amount represents 341% of total recorded cooperative savings balance"", ""Instant high-value outbound settlement via RTGS""]",completed,2026-09-14 09:58:00.000000,2026-09-16 18:32:55
603,TXN-100603,39,TRANSFER,9209.89,108816.13,99606.24,8702.02,17911.91,0,0,29,22,RTGS,Branch Terminal POS,Surat,Gujarat,21.1842,72.80990000000001,Dairy Cooperative Milk Payout,,12.6,low,0.3917414473602417,"[""Normal transaction parameters consistent with account baseline""]",completed,2026-09-14 09:47:00.000000,2026-09-16 18:32:55
604,TXN-100604,39,PAYMENT,1728.67,76785.28,75056.61,460989.18,462717.85,0,0,52,193,UPI,Mobile - Android (CoopPay App),Chennai,Tamil Nadu,13.097700000000001,80.30210000000001,Tractor Equipment Finance,,37.2,medium,0.47745381085167,[],completed,2026-09-14 09:57:00.000000,2026-09-16 18:32:55
605,TXN-100605,39,TRANSFER,4734.05,39305.93,34571.88,15487.63,20221.68,0,0,14,77,NEFT,Branch Terminal POS,Jaipur,Rajasthan,26.9339,75.7745,Tractor Equipment Finance,,0.9,low,0.3510446290177984,"[""Normal transaction parameters consistent with account baseline""]",completed,2026-09-14 09:45:00.000000,2026-09-16 18:32:55
606,TXN-100606,39,TRANSFER,37692.53,66340.12,28647.59,11881.03,49573.56,0,0,47,110,UPI,Mobile - Android (CoopPay App),Lucknow,Uttar Pradesh,26.8599,80.93650000000001,Micro-Savings Recurring Deposit,,25.7,low,0.4375132666369136,"[""Normal transaction parameters consistent with account baseline""]",completed,2026-09-14 09:46:00.000000,2026-09-16 18:32:55
607,TXN-100607,39,CASH_OUT,779.89,26877.86,26097.97,82890.18,83670.07,0,0,59,119,Branch Cashier,Branch Terminal POS,Delhi,Delhi,28.732400000000002,77.1388,Emergency Healthcare Advance,,37.6,medium,0.4789212139286316,[],completed,2026-09-14 09:47:00.000000,2026-09-16 18:32:55
608,TXN-100608,39,CASH_OUT,3680.76,12382.78,8702.02,27148.56,30829.32,0,0,22,81,Branch Cashier,Branch Terminal POS,Madurai,Tamil Nadu,9.9379,78.1081,Dairy Cooperative Milk Payout,,18.1,low,0.4108987266260064,"[""Normal transaction parameters consistent with account baseline""]",completed,2026-09-14 09:47:00.000000,2026-09-16 18:32:55
609,TXN-100609,39,TRANSFER,1246.15,78031.43,76785.28,99445.34,100691.49,0,0,52,42,UPI,Mobile - Android (CoopPay App),Chennai,Tamil Nadu,13.097700000000001,80.30210000000001,Micro-Savings Recurring Deposit,,30.0,low,0.4522974573908315,[],completed,2026-09-14 09:53:00.000000,2026-09-16 18:32:55
610,TXN-100610,39,TRANSFER,21298.99,104352.31,83053.32,39653.63,60952.62,0,0,82,15,RTGS,Branch Terminal POS,Pune,Maharashtra,18.5259,73.8215,Agricultural Crop Loan EMI,LON-66534,19.4,low,0.4154736477778431,"[""Normal transaction parameters consistent with account baseline""]",completed,2026-09-14 09:54:00.000000,2026-09-16 18:32:55
611,TXN-100611,39,TRANSFER,651.31,51197.09,50545.78,8564.07,9215.38,0,0,112,44,IMPS,Mobile - Android (CoopPay App),Kochi,Kerala,9.8984,76.2509,Emergency Healthcare Advance,,21.2,low,0.4217866485739364,"[""Normal transaction parameters consistent with account baseline""]",completed,2026-09-14 09:55:00.000000,2026-09-16 18:32:55
612,TXN-100612,39,TRANSFER,442.02,79503.24,79061.22,39345.52,39787.54,0,0,31,34,UPI,Mobile - Android (CoopPay App),Lucknow,Uttar Pradesh,26.8307,80.9315,Dairy Cooperative Milk Payout,,31.1,low,0.4561702492124378,[],completed,2026-09-14 09:47:00.000000,2026-09-16 18:32:55
613,TXN-100613,39,TRANSFER,4352.11,45325.19,40973.08,34031.31,38383.42,0,0,26,20,IMPS,Mobile - Android (CoopPay App),Warangal,Telangana,18.0011,79.5673,Member Share Capital Dividend,,11.1,low,0.38632602713910397,"[""Normal transaction parameters consistent with account baseline""]",completed,2026-09-14 09:50:00.000000,2026-09-16 18:32:55
614,TXN-100614,39,PAYMENT,4209.97,46602.28,42392.31,458510.71,462720.68,0,0,68,201,Micro-ATM,Branch Terminal POS,Chennai,Tamil Nadu,13.083200000000001,80.25800000000001,Tractor Equipment Finance,,13.2,low,0.3938906943945915,"[""Normal transaction parameters consistent with account baseline""]",completed,2026-09-14 09:51:00.000000,2026-09-16 18:32:55
615,TXN-100615,39,PAYMENT,524.09,43317.74,42793.65,98819.64,99343.73,0,0,10,188,UPI,Mobile - Android (CoopPay App),Warangal,Telangana,17.961000000000002,79.5594,Dairy Cooperative Milk Payout,,27.2,low,0.4426050367272561,"[""Normal transaction parameters consistent with account baseline""]",completed,2026-09-14 09:49:00.000000,2026-09-16 18:32:55
616,TXN-100616,39,TRANSFER,1692.33,47051.58,45359.25,55627.61,57319.94,0,0,100,94,RTGS,Branch Terminal POS,Chennai,Tamil Nadu,13.119900000000001,80.2573,Self-Help Group (SHG) Pool Contribution,,4.2,low,0.3624173351454904,"[""Normal transaction parameters consistent with account baseline""]",completed,2026-09-14 09:45:00.000000,2026-09-16 18:32:55
617,TXN-100617,39,PAYMENT,480.83,34970.4,34489.57,342245.35,342726.18,0,0,105,189,Micro-ATM,Branch Terminal POS,Hyderabad,Telangana,17.387500000000003,78.492,Fertilizer & Seed Procurement,,23.8,low,0.4307943611018555,"[""Normal transaction parameters consistent with account baseline""]",completed,2026-09-14 09:58:00.000000,2026-09-16 18:32:55
618,TXN-100618,40,PAYMENT,461.45,84668.82,84207.37,130876.43,131337.88,0,0,46,191,Micro-ATM,Branch Terminal POS,Jaipur,Rajasthan,26.8975,75.8151,Agricultural Crop Loan EMI,LON-66047,29.2,low,0.44939802572224596,"[""Normal transaction parameters consistent with account baseline""]",completed,2026-09-14 10:00:00.000000,2026-09-16 18:32:55
619,TXN-100619,40,TRANSFER,202306.28,291938.85,89632.57,0.0,202306.28,1,1,35,42,NEFT,Branch Terminal POS,Nagpur,Maharashtra,21.174,79.0886,Solar Pump Subsidy Disbursal,,58.0,medium,0.549838706751058,"[""Transaction amount represents 238% of total recorded cooperative savings balance""]",completed,2026-09-14 10:01:00.000000,2026-09-16 18:32:55
620,TXN-100620,40,TRANSFER,198456.62,81933.19,0.0,368183.78,566640.4,1,1,50,18,UPI,Mobile - Android (CoopPay App),Pune,Maharashtra,18.5342,73.8347,Agricultural Crop Loan EMI,LON-37125,91.5,critical,0.6665083882240794,"[""Transaction amount represents 335% of total recorded cooperative savings balance"", ""Rapid near-complete balance drainage detected (\u20b981,933 \u2192 \u20b90)"", ""Unusual lump-sum cooperative loan disbursement pattern (Agricultural Crop Loan EMI)""]",flagged,2026-09-14 10:03:00.000000,2026-09-16 18:32:55
621,TXN-100621,40,CASH_OUT,19185.93,27458.02,8272.09,48401.94,67587.87,0,0,48,10,Branch Cashier,Branch Terminal POS,Kochi,Kerala,9.925600000000001,76.2737,Tractor Equipment Finance,,35.6,medium,0.47196143355917397,[],completed,2026-09-14 10:02:00.000000,2026-09-16 18:32:55
622,TXN-100622,40,PAYMENT,3662.11,35614.06,31951.95,318352.83,322014.94,0,0,60,187,Micro-ATM,Branch Terminal POS,Ahmedabad,Gujarat,23.0094,72.5857,Dairy Cooperative Milk Payout,,43.1,medium,0.49779502529309805,[],completed,2026-09-14 10:01:00.000000,2026-09-16 18:32:55
623,TXN-100623,40,PAYMENT,668.32,38807.55,38139.23,385834.23,386502.55,0,0,12,195,Micro-ATM,Branch Terminal POS,Ahmedabad,Gujarat,23.022000000000002,72.5919,Solar Pump Subsidy Disbursal,,21.0,low,0.42112067952654225,"[""Normal transaction parameters consistent with account baseline""]",completed,2026-09-14 10:04:00.000000,2026-09-16 18:32:55
624,TXN-100624,40,DEBIT,3237.46,10036.9,6799.44,23371.17,26608.63,0,0,83,111,Branch Cashier,Branch Terminal POS,Nagpur,Maharashtra,21.125,79.0924,Tractor Equipment Finance,,5.8,low,0.36791357178020806,"[""Normal transaction parameters consistent with account baseline""]",completed,2026-09-14 10:07:00.000000,2026-09-16 18:32:55
625,TXN-100625,40,PAYMENT,1959.08,60191.84,58232.76,386502.55,388461.63,0,0,50,195,Micro-ATM,Branch Terminal POS,Pune,Maharashtra,18.5342,73.8347,Fertilizer & Seed Procurement,,42.8,medium,0.49685585706750174,[],completed,2026-09-14 10:01:00.000000,2026-09-16 18:32:55
626,TXN-100626,40,CASH_OUT,9911.02,45525.08,35614.06,65665.17,75576.19,0,0,60,99,Branch Cashier,Branch Terminal POS,Ahmedabad,Gujarat,23.0094,72.5857,Emergency Healthcare Advance,,42.0,medium,0.4940339407779477,[],completed,2026-09-14 10:05:00.000000,2026-09-16 18:32:55
627,TXN-100627,40,TRANSFER,4124.93,92209.13,88084.2,20183.93,24308.86,0,0,75,120,IMPS,Mobile - Android (CoopPay App),Delhi,Delhi,28.6858,77.0826,Solar Pump Subsidy Disbursal,,1.4,low,0.35280876426022734,"[""Normal transaction parameters consistent with account baseline""]",completed,2026-09-14 10:05:00.000000,2026-09-16 18:32:55
628,TXN-100628,40,PAYMENT,1437.68,41494.72,40057.04,228091.36,229529.04,0,0,113,197,Micro-ATM,Branch Terminal POS,Mumbai,Maharashtra,19.078500000000002,72.91080000000001,Solar Pump Subsidy Disbursal,,14.4,low,0.3980781167931173,"[""Normal transaction parameters consistent with account baseline""]",completed,2026-09-14 10:00:00.000000,2026-09-16 18:32:55
629,TXN-100629,40,TRANSFER,3977.68,70103.19,66125.51,83053.32,87031.0,0,0,80,82,NEFT,Branch Terminal POS,Kochi,Kerala,9.941600000000001,76.2316,Member Share Capital Dividend,,1.8,low,0.3539160918383413,"[""Normal transaction parameters consistent with account baseline""]",completed,2026-09-14 10:07:00.000000,2026-09-16 18:32:55
630,TXN-100630,40,TRANSFER,3528.64,139355.38,135826.74,57227.74,60756.38,0,0,41,9,NEFT,Branch Terminal POS,Hyderabad,Telangana,17.413700000000002,78.4645,Agricultural Crop Loan EMI,LON-29808,9.4,low,0.38070041549596334,"[""Normal transaction parameters consistent with account baseline""]",completed,2026-09-14 10:13:00.000000,2026-09-16 18:32:55
631,TXN-100631,40,TRANSFER,5531.06,63858.88,58327.82,38255.03,43786.09,0,0,61,39,UPI,Mobile - Android (CoopPay App),Surat,Gujarat,21.151,72.8173,Dairy Cooperative Milk Payout,,9.0,low,0.3790050138773537,"[""Normal transaction parameters consistent with account baseline""]",completed,2026-09-14 10:12:00.000000,2026-09-16 18:32:55
632,TXN-100632,40,CASH_IN,2577.01,15000.0,17577.01,21788.69,24365.7,0,0,174,23,Branch Cashier,Branch Terminal POS,Jaipur,Rajasthan,26.8918,75.75880000000001,Micro-Savings Recurring Deposit,,67.6,high,0.5834437558237461,"[""Multi-dimensional behavioral anomaly flagged by Isolation Forest scoring engine""]",flagged,2026-09-14 10:10:00.000000,2026-09-16 18:32:55
633,TXN-100633,40,CASH_OUT,5608.29,102388.21,96779.92,42793.65,48401.94,0,0,98,10,Branch Cashier,Branch Terminal POS,Pune,Maharashtra,18.5246,73.8602,Self-Help Group (SHG) Pool Contribution,,17.4,low,0.40847041011880747,"[""Normal transaction parameters consistent with account baseline""]",completed,2026-09-14 10:12:00.000000,2026-09-16 18:32:55
634,TXN-100634,40,TRANSFER,1296.57,86344.03,85047.46,98059.22,99355.79,0,0,102,8,IMPS,Mobile - Android (CoopPay App),Madurai,Tamil Nadu,9.9372,78.14789999999999,Self-Help Group (SHG) Pool Contribution,,7.8,low,0.37484454482015683,"[""Normal transaction parameters consistent with account baseline""]",completed,2026-09-14 10:06:00.000000,2026-09-16 18:32:55
635,TXN-100635,41,PAYMENT,2105.95,60393.69,58287.74,383067.88,385173.83,0,0,57,196,Micro-ATM,Branch Terminal POS,Hyderabad,Telangana,17.375600000000002,78.4589,Self-Help Group (SHG) Pool Contribution,,16.8,low,0.40624639530516204,"[""Normal transaction parameters consistent with account baseline""]",completed,2026-09-14 10:15:00.000000,2026-09-16 18:32:55
636,TXN-100636,41,TRANSFER,329.4,88828.85,88499.45,83670.07,83999.47,0,0,21,119,RTGS,Branch Terminal POS,Coimbatore,Tamil Nadu,11.0199,76.9737,Member Share Capital Dividend,,30.8,low,0.4551778680906046,[],completed,2026-09-14 10:21:00.000000,2026-09-16 18:32:55
637,TXN-100637,41,TRANSFER,1907.95,42581.88,40673.93,60451.43,62359.38,0,0,6,58,NEFT,Branch Terminal POS,Madurai,Tamil Nadu,9.9087,78.1301,Dairy Cooperative Milk Payout,,13.5,low,0.39495643825333193,"[""Normal transaction parameters consistent with account baseline""]",completed,2026-09-14 10:22:00.000000,2026-09-16 18:32:55
638,TXN-100638,41,TRANSFER,7191.72,67643.15,60451.43,37474.87,44666.59,0,0,58,117,UPI,Mobile - Android (CoopPay App),Warangal,Telangana,17.9339,79.6207,Self-Help Group (SHG) Pool Contribution,,22.2,low,0.42510799744627914,"[""Normal transaction parameters consistent with account baseline""]",completed,2026-09-14 10:21:00.000000,2026-09-16 18:32:55
639,TXN-100639,41,TRANSFER,378.55,114045.49,113666.94,82584.15,82962.7,0,0,108,92,IMPS,Mobile - Android (CoopPay App),Ahmedabad,Gujarat,23.0595,72.58659999999999,Dairy Cooperative Milk Payout,,35.1,medium,0.4701612623122415,[],completed,2026-09-14 10:24:00.000000,2026-09-16 18:32:55
640,TXN-100640,41,TRANSFER,198456.62,566640.4,368183.78,94952.28,293408.9,1,1,18,54,RTGS,Branch Terminal POS,Pune,Maharashtra,18.5184,73.86070000000001,Fertilizer & Seed Procurement,,83.3,critical,0.6379988851021204,"[""Transaction amount represents 497% of total recorded cooperative savings balance"", ""Instant high-value outbound settlement via RTGS""]",flagged,2026-09-14 10:27:00.000000,2026-09-16 18:32:55
641,TXN-100641,41,TRANSFER,70783.97,46360.43,0.0,175212.41,245996.38,1,0,79,114,IMPS,Mobile - Android (CoopPay App),Lucknow,Uttar Pradesh,26.883899999999997,80.9264,Member Share Capital Dividend,,75.7,high,0.6113547547500126,"[""Transaction amount represents 462% of total recorded cooperative savings balance"", ""Rapid near-complete balance drainage detected (\u20b946,360 \u2192 \u20b90)""]",flagged,2026-09-14 10:17:00.000000,2026-09-16 18:32:55
642,TXN-100642,41,PAYMENT,2365.63,58327.82,55962.19,322014.94,324380.57,0,0,61,187,UPI,Mobile - Android (CoopPay App),Surat,Gujarat,21.151,72.8173,Emergency Healthcare Advance,,21.1,low,0.4213910108780619,"[""Normal transaction parameters consistent with account baseline""]",completed,2026-09-14 10:17:00.000000,2026-09-16 18:32:55
643,TXN-100643,41,PAYMENT,551.79,32355.9,31804.11,342726.18,343277.97,0,0,11,189,Micro-ATM,Branch Terminal POS,Delhi,Delhi,28.6853,77.0822,Member Share Capital Dividend,,25.9,low,0.43791141846765563,"[""Normal transaction parameters consistent with account baseline""]",completed,2026-09-14 10:16:00.000000,2026-09-16 18:32:55
644,TXN-100644,41,TRANSFER,7075.04,60756.38,53681.34,94689.77,101764.81,0,0,9,73,IMPS,Mobile - Android (CoopPay App),Hyderabad,Telangana,17.375400000000003,78.5259,Tractor Equipment Finance,,1.6,low,0.35353449936589754,"[""Normal transaction parameters consistent with account baseline""]",completed,2026-09-14 10:28:00.000000,2026-09-16 18:32:55
645,TXN-100645,41,TRANSFER,914.58,44928.48,44013.9,83893.32,84807.9,0,0,37,101,UPI,Mobile - Android (CoopPay App),Coimbatore,Tamil Nadu,10.9857,76.9914,Dairy Cooperative Milk Payout,,11.1,low,0.38664042249332625,"[""Normal transaction parameters consistent with account baseline""]",completed,2026-09-14 10:20:00.000000,2026-09-16 18:32:55
646,TXN-100646,41,PAYMENT,2996.23,9215.38,6219.15,324380.57,327376.8,0,0,44,187,Micro-ATM,Branch Terminal POS,Ahmedabad,Gujarat,23.0102,72.5943,Self-Help Group (SHG) Pool Contribution,,18.5,low,0.41237558503320176,"[""Normal transaction parameters consistent with account baseline""]",completed,2026-09-14 10:21:00.000000,2026-09-16 18:32:55
647,TXN-100647,41,PAYMENT,454.02,81431.78,80977.76,312551.93,313005.95,0,0,102,192,Micro-ATM,Branch Terminal POS,Madurai,Tamil Nadu,9.9372,78.14789999999999,Self-Help Group (SHG) Pool Contribution,,38.9,medium,0.4831524302650695,[],completed,2026-09-14 10:20:00.000000,2026-09-16 18:32:55
648,TXN-100648,41,TRANSFER,1968.32,31993.72,30025.4,64759.51,66727.83,0,0,87,33,UPI,Mobile - Android (CoopPay App),Bengaluru,Karnataka,12.990400000000001,77.6029,Self-Help Group (SHG) Pool Contribution,,7.6,low,0.3744040670423958,"[""Normal transaction parameters consistent with account baseline""]",completed,2026-09-14 10:22:00.000000,2026-09-16 18:32:55
649,TXN-100649,41,TRANSFER,67360.13,20434.01,0.0,32822.56,100182.69,1,0,20,114,RTGS,Branch Terminal POS,Chennai,Tamil Nadu,13.099300000000001,80.2354,Dairy Cooperative Milk Payout,,78.6,high,0.6215615291065543,"[""Transaction amount represents 291% of total recorded cooperative savings balance"", ""Rapid near-complete balance drainage detected (\u20b920,434 \u2192 \u20b90)""]",flagged,2026-09-14 10:27:00.000000,2026-09-16 18:32:55
650,TXN-100650,41,DEBIT,367.14,68010.29,67643.15,88084.2,88451.34,0,0,58,75,Branch Cashier,Branch Terminal POS,Warangal,Telangana,17.9339,79.6207,Fertilizer & Seed Procurement,,51.6,medium,0.5273889998449721,"[""Multi-dimensional behavioral anomaly flagged by Isolation Forest scoring engine""]",completed,2026-09-14 10:21:00.000000,2026-09-16 18:32:55
651,TXN-100651,41,TRANSFER,1303.59,57438.88,56135.29,106469.62,107773.21,0,0,84,78,UPI,Mobile - Android (CoopPay App),Chennai,Tamil Nadu,13.045300000000001,80.25370000000001,Dairy Cooperative Milk Payout,,7.9,low,0.3753278637589687,"[""Normal transaction parameters consistent with account baseline""]",completed,2026-09-14 10:17:00.000000,2026-09-16 18:32:55
652,TXN-100652,41,CASH_OUT,3615.68,85047.46,81431.78,38966.2,42581.88,0,0,102,6,Branch Cashier,Branch Terminal POS,Madurai,Tamil Nadu,9.9372,78.14789999999999,Dairy Cooperative Milk Payout,,34.8,low,0.4690905877933556,[],completed,2026-09-14 10:24:00.000000,2026-09-16 18:32:55
653,TXN-100653,42,PAYMENT,148.4,75576.19,75427.79,510604.18,510752.58,0,0,99,190,Micro-ATM,Branch Terminal POS,Nagpur,Maharashtra,21.1654,79.1046,Self-Help Group (SHG) Pool Contribution,,49.7,medium,0.5209499164389031,[],completed,2026-09-14 10:42:00.000000,2026-09-16 18:32:55
654,TXN-100654,42,TRANSFER,781.02,28647.59,27866.57,94363.38,95144.4,0,0,47,40,NEFT,Branch Terminal POS,Lucknow,Uttar Pradesh,26.8599,80.93650000000001,Emergency Healthcare Advance,,10.1,low,0.3829148104700134,"[""Normal transaction parameters consistent with account baseline""]",completed,2026-09-14 10:44:00.000000,2026-09-16 18:32:55
655,TXN-100655,42,CASH_IN,5989.27,15000.0,20989.27,91650.25,97639.52,0,0,151,24,Branch Cashier,Branch Terminal POS,Bengaluru,Karnataka,12.967500000000001,77.6285,Emergency Healthcare Advance,,59.8,medium,0.5560987816945957,"[""Multi-dimensional behavioral anomaly flagged by Isolation Forest scoring engine""]",completed,2026-09-14 10:34:00.000000,2026-09-16 18:32:55
656,TXN-100656,42,PAYMENT,2085.18,96448.56,94363.38,229529.04,231614.22,0,0,40,197,Micro-ATM,Branch Terminal POS,Mysuru,Karnataka,12.32,76.6685,Solar Pump Subsidy Disbursal,,32.0,low,0.4591948141184052,[],completed,2026-09-14 10:40:00.000000,2026-09-16 18:32:55
657,TXN-100657,42,TRANSFER,1501.32,61568.17,60066.85,43786.09,45287.41,0,0,18,39,IMPS,Mobile - Android (CoopPay App),Pune,Maharashtra,18.5184,73.86070000000001,Tractor Equipment Finance,,15.0,low,0.3999185953191396,"[""Normal transaction parameters consistent with account baseline""]",completed,2026-09-14 10:30:00.000000,2026-09-16 18:32:55
658,TXN-100658,42,PAYMENT,3291.85,94651.7,91359.85,345683.94,348975.79,0,0,90,189,UPI,Mobile - Android (CoopPay App),Warangal,Telangana,17.997500000000002,79.5805,Emergency Healthcare Advance,,14.1,low,0.39681830576465243,"[""Normal transaction parameters consistent with account baseline""]",completed,2026-09-14 10:36:00.000000,2026-09-16 18:32:55
659,TXN-100659,42,DEBIT,880.81,17813.85,16933.04,10574.03,11454.84,0,0,93,118,Branch Cashier,Branch Terminal POS,Surat,Gujarat,21.1399,72.869,Emergency Healthcare Advance,,20.7,low,0.4197800501496882,"[""Normal transaction parameters consistent with account baseline""]",completed,2026-09-14 10:30:00.000000,2026-09-16 18:32:55
660,TXN-100660,42,TRANSFER,12782.94,11454.84,0.0,56135.29,68918.23,0,0,118,84,NEFT,Branch Terminal POS,Madurai,Tamil Nadu,9.893,78.1508,Member Share Capital Dividend,,55.1,medium,0.5395953215126216,"[""Rapid near-complete balance drainage detected (\u20b911,455 \u2192 \u20b90)""]",completed,2026-09-14 10:44:00.000000,2026-09-16 18:32:55
661,TXN-100661,42,DEBIT,14932.89,85796.78,70863.89,38139.23,53072.12,0,0,88,12,Branch Cashier,Branch Terminal POS,Mysuru,Karnataka,12.3215,76.6455,Solar Pump Subsidy Disbursal,,19.3,low,0.41507840812818314,"[""Normal transaction parameters consistent with account baseline""]",completed,2026-09-14 10:30:00.000000,2026-09-16 18:32:55
662,TXN-100662,42,CASH_OUT,2455.07,17657.71,15202.64,33192.62,35647.69,0,0,86,96,Branch Cashier,Branch Terminal POS,Madurai,Tamil Nadu,9.9589,78.11489999999999,Tractor Equipment Finance,,21.5,low,0.42268307908284064,"[""Normal transaction parameters consistent with account baseline""]",completed,2026-09-14 10:44:00.000000,2026-09-16 18:32:55
663,TXN-100663,42,PAYMENT,2405.97,31804.11,29398.14,343277.97,345683.94,0,0,11,189,Micro-ATM,Branch Terminal POS,Delhi,Delhi,28.6853,77.0822,Agricultural Crop Loan EMI,LON-54284,19.2,low,0.41483303146350664,"[""Normal transaction parameters consistent with account baseline""]",completed,2026-09-14 10:44:00.000000,2026-09-16 18:32:55
664,TXN-100664,42,DEBIT,2011.03,107773.21,105762.18,48817.48,50828.51,0,0,78,43,Branch Cashier,Branch Terminal POS,Jaipur,Rajasthan,26.9234,75.8075,Tractor Equipment Finance,,20.1,low,0.4179223447282072,"[""Normal transaction parameters consistent with account baseline""]",completed,2026-09-14 10:43:00.000000,2026-09-16 18:32:55
665,TXN-100665,42,PAYMENT,123.56,6799.44,6675.88,388461.63,388585.19,0,0,83,195,Micro-ATM,Branch Terminal POS,Nagpur,Maharashtra,21.125,79.0924,Solar Pump Subsidy Disbursal,,62.3,high,0.5649454492185935,"[""Multi-dimensional behavioral anomaly flagged by Isolation Forest scoring engine""]",flagged,2026-09-14 10:34:00.000000,2026-09-16 18:32:55
666,TXN-100666,42,TRANSFER,90969.6,95157.48,4187.88,245996.38,336965.98,1,1,80,114,UPI,Mobile - Android (CoopPay App),Kochi,Kerala,9.941600000000001,76.2316,Member Share Capital Dividend,,40.1,medium,0.48758438458684844,"[""Transaction amount represents 182% of total recorded cooperative savings balance"", ""Rapid near-complete balance drainage detected (\u20b995,157 \u2192 \u20b94,188)""]",completed,2026-09-14 10:43:00.000000,2026-09-16 18:32:55
667,TXN-100667,42,CASH_OUT,3489.93,20221.68,16731.75,29398.14,32888.07,0,0,77,11,Branch Cashier,Branch Terminal POS,Surat,Gujarat,21.154400000000003,72.8477,Tractor Equipment Finance,,16.4,low,0.40498145049755124,"[""Normal transaction parameters consistent with account baseline""]",completed,2026-09-14 10:32:00.000000,2026-09-16 18:32:55
668,TXN-100668,42,TRANSFER,198456.62,293408.9,94952.28,0.0,198456.62,1,1,54,50,RTGS,Branch Terminal POS,Madurai,Tamil Nadu,9.9328,78.1558,Micro-Savings Recurring Deposit,,74.2,high,0.6064224908128834,"[""Transaction amount represents 340% of total recorded cooperative savings balance"", ""Instant high-value outbound settlement via RTGS""]",flagged,2026-09-14 10:41:00.000000,2026-09-16 18:32:55
669,TXN-100669,42,TRANSFER,75029.72,115777.55,40747.83,100182.69,175212.41,1,0,5,114,RTGS,Branch Terminal POS,Coimbatore,Tamil Nadu,11.0072,76.94449999999999,Dairy Cooperative Milk Payout,,35.0,medium,0.46965521908616864,[],completed,2026-09-14 10:34:00.000000,2026-09-16 18:32:55
670,TXN-100670,42,TRANSFER,1691.06,80977.76,79286.7,50469.23,52160.29,0,0,102,17,RTGS,Branch Terminal POS,Madurai,Tamil Nadu,9.9372,78.14789999999999,Member Share Capital Dividend,,4.9,low,0.3649612858774667,"[""Normal transaction parameters consistent with account baseline""]",completed,2026-09-14 10:33:00.000000,2026-09-16 18:32:55
671,TXN-100671,43,CASH_IN,23762.88,15000.0,38762.88,54130.7,77893.58,0,0,170,74,Branch Cashier,Branch Terminal POS,Warangal,Telangana,17.9557,79.5658,Emergency Healthcare Advance,,62.4,high,0.5653260550529169,"[""Multi-dimensional behavioral anomaly flagged by Isolation Forest scoring engine""]",flagged,2026-09-14 10:59:00.000000,2026-09-16 18:32:55
672,TXN-100672,43,CASH_OUT,3623.13,147610.12,143986.99,62359.38,65982.51,0,0,97,58,Branch Cashier,Branch Terminal POS,Mumbai,Maharashtra,19.103,72.8841,Solar Pump Subsidy Disbursal,,13.8,low,0.396005087275457,"[""Normal transaction parameters consistent with account baseline""]",completed,2026-09-14 10:56:00.000000,2026-09-16 18:32:55
673,TXN-100673,43,TRANSFER,2467.2,31950.66,29483.46,30025.4,32492.6,0,0,107,87,NEFT,Branch Terminal POS,Delhi,Delhi,28.736,77.09970000000001,Agricultural Crop Loan EMI,LON-77537,9.1,low,0.3793773919216907,"[""Normal transaction parameters consistent with account baseline""]",completed,2026-09-14 10:57:00.000000,2026-09-16 18:32:55
674,TXN-100674,43,CASH_OUT,5886.0,57337.62,51451.62,42359.02,48245.02,0,0,109,65,Branch Cashier,Branch Terminal POS,Surat,Gujarat,21.158900000000003,72.8148,Fertilizer & Seed Procurement,,23.6,low,0.4299544376103687,"[""Normal transaction parameters consistent with account baseline""]",completed,2026-09-14 10:57:00.000000,2026-09-16 18:32:55
675,TXN-100675,43,CASH_OUT,3924.02,12186.5,8262.48,44666.59,48590.61,0,0,104,117,Branch Cashier,Branch Terminal POS,Mysuru,Karnataka,12.3281,76.6031,Tractor Equipment Finance,,22.8,low,0.42732493099664337,"[""Normal transaction parameters consistent with account baseline""]",completed,2026-09-14 10:46:00.000000,2026-09-16 18:32:55
676,TXN-100676,43,PAYMENT,1084.94,75427.79,74342.85,209582.93,210667.87,0,0,99,198,Micro-ATM,Branch Terminal POS,Nagpur,Maharashtra,21.1654,79.1046,Fertilizer & Seed Procurement,,38.9,medium,0.48322215935503815,[],completed,2026-09-14 10:56:00.000000,2026-09-16 18:32:55
677,TXN-100677,43,PAYMENT,4117.35,47234.32,43116.97,231614.22,235731.57,0,0,114,197,UPI,Mobile - Android (CoopPay App),Pune,Maharashtra,18.517899999999997,73.8227,Fertilizer & Seed Procurement,,37.4,medium,0.4780836293452265,[],completed,2026-09-14 10:57:00.000000,2026-09-16 18:32:55
678,TXN-100678,43,PAYMENT,852.89,52160.29,51307.4,348975.79,349828.68,0,0,17,189,UPI,Mobile - Android (CoopPay App),Mumbai,Maharashtra,19.0552,72.857,Agricultural Crop Loan EMI,LON-42701,18.3,low,0.4114869681160823,"[""Normal transaction parameters consistent with account baseline""]",completed,2026-09-14 10:48:00.000000,2026-09-16 18:32:55
679,TXN-100679,43,TRANSFER,320117.68,336965.98,16848.3,37393.87,357511.55,1,1,114,87,RTGS,Branch Terminal POS,Pune,Maharashtra,18.517899999999997,73.8227,Agricultural Crop Loan EMI,LON-57235,81.1,critical,0.6304182507141433,"[""High single-transaction volume (\u20b9320,117.68) exceeding standard cooperative threshold"", ""Transaction amount represents 443% of total recorded cooperative savings balance"", ""Instant high-value outbound settlement via RTGS"", ""Unusual lump-sum cooperative loan disbursement pattern (Agricultural Crop Loan EMI)""]",flagged,2026-09-14 10:45:00.000000,2026-09-16 18:32:55
680,TXN-100680,43,TRANSFER,200868.22,51871.87,0.0,138438.22,339306.44,1,1,4,41,IMPS,Mobile - Android (CoopPay App),Chennai,Tamil Nadu,13.1034,80.24350000000001,Tractor Equipment Finance,,88.7,critical,0.6566538617485059,"[""Transaction amount represents 485% of total recorded cooperative savings balance"", ""Rapid near-complete balance drainage detected (\u20b951,872 \u2192 \u20b90)"", ""Instant high-value outbound settlement via IMPS""]",flagged,2026-09-14 10:56:00.000000,2026-09-16 18:32:55
681,TXN-100681,43,CASH_OUT,6000.07,17911.91,11911.84,40673.93,46674.0,0,0,22,6,Branch Cashier,Branch Terminal POS,Madurai,Tamil Nadu,9.9379,78.1081,Solar Pump Subsidy Disbursal,,16.8,low,0.40633699844930654,"[""Normal transaction parameters consistent with account baseline""]",completed,2026-09-14 10:50:00.000000,2026-09-16 18:32:55
682,TXN-100682,43,TRANSFER,2228.4,85406.14,83177.74,57319.94,59548.34,0,0,53,94,RTGS,Branch Terminal POS,Coimbatore,Tamil Nadu,10.9808,76.9357,Dairy Cooperative Milk Payout,,5.5,low,0.3670612694271331,"[""Normal transaction parameters consistent with account baseline""]",completed,2026-09-14 10:53:00.000000,2026-09-16 18:32:55
683,TXN-100683,43,DEBIT,11254.52,6219.15,0.0,30829.32,42083.84,0,0,44,81,Branch Cashier,Branch Terminal POS,Ahmedabad,Gujarat,23.0102,72.5943,Agricultural Crop Loan EMI,LON-41711,60.5,high,0.5586522212796325,"[""Rapid near-complete balance drainage detected (\u20b96,219 \u2192 \u20b90)""]",flagged,2026-09-14 10:55:00.000000,2026-09-16 18:32:55
684,TXN-100684,43,PAYMENT,959.57,74342.85,73383.28,462720.68,463680.25,0,0,99,201,Micro-ATM,Branch Terminal POS,Nagpur,Maharashtra,21.1654,79.1046,Solar Pump Subsidy Disbursal,,36.3,medium,0.47423086624959687,[],completed,2026-09-14 10:50:00.000000,2026-09-16 18:32:55
685,TXN-100685,43,TRANSFER,2152.12,88499.45,86347.33,91359.85,93511.97,0,0,21,90,RTGS,Branch Terminal POS,Coimbatore,Tamil Nadu,11.0199,76.9737,Self-Help Group (SHG) Pool Contribution,,3.8,low,0.3610350740684659,"[""Normal transaction parameters consistent with account baseline""]",completed,2026-09-14 10:47:00.000000,2026-09-16 18:32:55
686,TXN-100686,43,PAYMENT,1545.52,94818.26,93272.74,131337.88,132883.4,0,0,30,191,Micro-ATM,Branch Terminal POS,Jaipur,Rajasthan,26.9142,75.8221,Fertilizer & Seed Procurement,,11.3,low,0.3871262840929194,"[""Normal transaction parameters consistent with account baseline""]",completed,2026-09-14 10:50:00.000000,2026-09-16 18:32:55
687,TXN-100687,43,CASH_IN,15979.57,15000.0,30979.57,79061.22,95040.79,0,0,141,31,Branch Cashier,Branch Terminal POS,Surat,Gujarat,21.178800000000003,72.8242,Tractor Equipment Finance,,55.1,medium,0.5398974681633516,"[""Multi-dimensional behavioral anomaly flagged by Isolation Forest scoring engine""]",completed,2026-09-14 10:58:00.000000,2026-09-16 18:32:55
688,TXN-100688,44,TRANSFER,2233.85,77831.38,75597.53,4398.92,6632.77,0,0,35,67,UPI,Mobile - Android (CoopPay App),Nagpur,Maharashtra,21.174,79.0886,Tractor Equipment Finance,,15.2,low,0.40079526604343996,"[""Normal transaction parameters consistent with account baseline""]",completed,2026-09-14 11:11:00.000000,2026-09-16 18:32:55
689,TXN-100689,44,TRANSFER,347.72,44013.9,43666.18,86347.33,86695.05,0,0,37,21,RTGS,Branch Terminal POS,Coimbatore,Tamil Nadu,10.9857,76.9914,Agricultural Crop Loan EMI,LON-31352,37.0,medium,0.4767883402537859,[],completed,2026-09-14 11:00:00.000000,2026-09-16 18:32:55
690,TXN-100690,44,TRANSFER,6724.03,48590.61,41866.58,65982.51,72706.54,0,0,117,58,IMPS,Mobile - Android (CoopPay App),Coimbatore,Tamil Nadu,11.0496,76.94,Member Share Capital Dividend,,1.6,low,0.35327057024382946,"[""Normal transaction parameters consistent with account baseline""]",completed,2026-09-14 11:13:00.000000,2026-09-16 18:32:55
691,TXN-100691,44,TRANSFER,2138.66,43116.97,40978.31,92035.22,94173.88,0,0,114,4,IMPS,Mobile - Android (CoopPay App),Pune,Maharashtra,18.517899999999997,73.8227,Member Share Capital Dividend,,4.3,low,0.36277548497529566,"[""Normal transaction parameters consistent with account baseline""]",completed,2026-09-14 11:10:00.000000,2026-09-16 18:32:55
692,TXN-100692,44,TRANSFER,1175.48,94202.39,93026.91,62157.41,63332.89,0,0,54,66,RTGS,Branch Terminal POS,Madurai,Tamil Nadu,9.9328,78.1558,Self-Help Group (SHG) Pool Contribution,,13.3,low,0.3941809459170746,"[""Normal transaction parameters consistent with account baseline""]",completed,2026-09-14 11:04:00.000000,2026-09-16 18:32:55
693,TXN-100693,44,DEBIT,10656.64,93556.22,82899.58,16933.04,27589.68,0,0,71,93,Branch Cashier,Branch Terminal POS,Bengaluru,Karnataka,12.9585,77.5941,Agricultural Crop Loan EMI,LON-72140,10.3,low,0.38373811097316185,"[""Normal transaction parameters consistent with account baseline""]",completed,2026-09-14 11:00:00.000000,2026-09-16 18:32:55
694,TXN-100694,44,PAYMENT,1096.76,51451.62,50354.86,99343.73,100440.49,0,0,109,188,UPI,Mobile - Android (CoopPay App),Surat,Gujarat,21.158900000000003,72.8148,Fertilizer & Seed Procurement,,11.3,low,0.3872376756536832,"[""Normal transaction parameters consistent with account baseline""]",completed,2026-09-14 11:14:00.000000,2026-09-16 18:32:55
695,TXN-100695,44,CASH_OUT,5270.57,42225.61,36955.04,53072.12,58342.69,0,0,19,12,Branch Cashier,Branch Terminal POS,Nagpur,Maharashtra,21.125600000000002,79.05330000000001,Agricultural Crop Loan EMI,LON-39329,21.0,low,0.4209572506446587,"[""Normal transaction parameters consistent with account baseline""]",completed,2026-09-14 11:09:00.000000,2026-09-16 18:32:55
696,TXN-100696,44,TRANSFER,13385.28,34489.57,21104.29,105762.18,119147.46,0,0,105,78,NEFT,Branch Terminal POS,Hyderabad,Telangana,17.387500000000003,78.492,Tractor Equipment Finance,,6.2,low,0.3693991660625259,"[""Normal transaction parameters consistent with account baseline""]",completed,2026-09-14 11:04:00.000000,2026-09-16 18:32:55
697,TXN-100697,44,TRANSFER,200868.22,339306.44,138438.22,402453.07,603321.29,1,1,41,77,RTGS,Branch Terminal POS,Hyderabad,Telangana,17.413700000000002,78.4645,Micro-Savings Recurring Deposit,,76.8,high,0.6152160650072247,"[""Transaction amount represents 264% of total recorded cooperative savings balance"", ""Instant high-value outbound settlement via RTGS""]",flagged,2026-09-14 11:06:00.000000,2026-09-16 18:32:55
698,TXN-100698,44,TRANSFER,11909.02,8272.09,0.0,32888.07,44797.09,0,0,48,11,NEFT,Branch Terminal POS,Kochi,Kerala,9.925600000000001,76.2737,Member Share Capital Dividend,,63.9,high,0.5705130225524266,"[""Rapid near-complete balance drainage detected (\u20b98,272 \u2192 \u20b90)""]",flagged,2026-09-14 11:07:00.000000,2026-09-16 18:32:55
699,TXN-100699,44,PAYMENT,4149.17,6675.88,2526.71,313005.95,317155.12,0,0,83,192,Micro-ATM,Branch Terminal POS,Nagpur,Maharashtra,21.125,79.0924,Self-Help Group (SHG) Pool Contribution,,10.6,low,0.38471567133164736,"[""Normal transaction parameters consistent with account baseline""]",completed,2026-09-14 11:07:00.000000,2026-09-16 18:32:55
700,TXN-100700,44,DEBIT,4544.08,60066.85,55522.77,42357.4,46901.48,0,0,18,7,Branch Cashier,Branch Terminal POS,Pune,Maharashtra,18.5184,73.86070000000001,Emergency Healthcare Advance,,10.9,low,0.3859218311943663,"[""Normal transaction parameters consistent with account baseline""]",completed,2026-09-14 11:13:00.000000,2026-09-16 18:32:55
701,TXN-100701,44,PAYMENT,371.72,48245.02,47873.3,349828.68,350200.4,0,0,65,189,UPI,Mobile - Android (CoopPay App),Mumbai,Maharashtra,19.098200000000002,72.8508,Agricultural Crop Loan EMI,LON-77045,27.3,low,0.4427842106090097,"[""Normal transaction parameters consistent with account baseline""]",completed,2026-09-14 11:09:00.000000,2026-09-16 18:32:55
702,TXN-100702,44,TRANSFER,9574.65,73383.28,63808.63,20156.8,29731.45,0,0,99,49,NEFT,Branch Terminal POS,Nagpur,Maharashtra,21.1654,79.1046,Self-Help Group (SHG) Pool Contribution,,10.5,low,0.3842853390122196,"[""Normal transaction parameters consistent with account baseline""]",completed,2026-09-14 11:10:00.000000,2026-09-16 18:32:55
703,TXN-100703,44,TRANSFER,27244.06,0.0,0.0,135826.74,163070.8,0,0,48,41,NEFT,Branch Terminal POS,Kochi,Kerala,9.925600000000001,76.2737,Tractor Equipment Finance,,61.7,high,0.5628317290183665,"[""Multi-dimensional behavioral anomaly flagged by Isolation Forest scoring engine""]",flagged,2026-09-14 11:10:00.000000,2026-09-16 18:32:55
704,TXN-100704,45,TRANSFER,7050.28,45359.25,38308.97,45287.41,52337.69,0,0,100,39,UPI,Mobile - Android (CoopPay App),Chennai,Tamil Nadu,13.119900000000001,80.2573,Solar Pump Subsidy Disbursal,,3.8,low,0.3611951622608939,"[""Normal transaction parameters consistent with account baseline""]",completed,2026-09-14 11:25:00.000000,2026-09-16 18:32:55
705,TXN-100705,45,PAYMENT,1554.1,119147.46,117593.36,100440.49,101994.59,0,0,78,188,Micro-ATM,Branch Terminal POS,Jaipur,Rajasthan,26.9234,75.8075,Tractor Equipment Finance,,10.1,low,0.3830475831731948,"[""Normal transaction parameters consistent with account baseline""]",completed,2026-09-14 11:16:00.000000,2026-09-16 18:32:55
706,TXN-100706,45,PAYMENT,133.41,29483.46,29350.05,423357.55,423490.96,0,0,107,200,Micro-ATM,Branch Terminal POS,Delhi,Delhi,28.736,77.09970000000001,Tractor Equipment Finance,,70.2,high,0.5924450376858938,"[""Multi-dimensional behavioral anomaly flagged by Isolation Forest scoring engine""]",flagged,2026-09-14 11:25:00.000000,2026-09-16 18:32:55
707,TXN-100707,45,CASH_OUT,16169.78,53256.57,37086.79,66122.09,82291.87,0,0,18,62,Branch Cashier,Branch Terminal POS,Pune,Maharashtra,18.5184,73.86070000000001,Tractor Equipment Finance,,51.0,medium,0.5253915138495638,"[""Multi-dimensional behavioral anomaly flagged by Isolation Forest scoring engine""]",completed,2026-09-14 11:19:00.000000,2026-09-16 18:32:55
708,TXN-100708,45,PAYMENT,325.51,72706.54,72381.03,463680.25,464005.76,0,0,58,201,UPI,Mobile - Android (CoopPay App),Warangal,Telangana,17.9339,79.6207,Self-Help Group (SHG) Pool Contribution,,28.3,low,0.4464832488683754,"[""Normal transaction parameters consistent with account baseline""]",completed,2026-09-14 11:18:00.000000,2026-09-16 18:32:55
709,TXN-100709,45,TRANSFER,5785.06,44797.09,39012.03,99606.24,105391.3,0,0,11,29,IMPS,Mobile - Android (CoopPay App),Delhi,Delhi,28.6853,77.0822,Agricultural Crop Loan EMI,LON-88647,10.9,low,0.3856907507553635,"[""Normal transaction parameters consistent with account baseline""]",completed,2026-09-14 11:27:00.000000,2026-09-16 18:32:55
710,TXN-100710,45,TRANSFER,2281.83,29350.05,27068.22,59548.34,61830.17,0,0,107,94,NEFT,Branch Terminal POS,Delhi,Delhi,28.736,77.09970000000001,Fertilizer & Seed Procurement,,27.8,low,0.4445781208274607,"[""Normal transaction parameters consistent with account baseline""]",completed,2026-09-14 11:21:00.000000,2026-09-16 18:32:55
711,TXN-100711,45,TRANSFER,271.87,53681.34,53409.47,41866.58,42138.45,0,0,9,117,UPI,Mobile - Android (CoopPay App),Hyderabad,Telangana,17.375400000000003,78.5259,Solar Pump Subsidy Disbursal,,37.6,medium,0.4787392779422317,[],completed,2026-09-14 11:26:00.000000,2026-09-16 18:32:55
712,TXN-100712,45,PAYMENT,364.97,61055.56,60690.59,327376.8,327741.77,0,0,64,187,Micro-ATM,Branch Terminal POS,Kochi,Kerala,9.936300000000001,76.24470000000001,Emergency Healthcare Advance,,34.2,low,0.4668255433437033,[],completed,2026-09-14 11:19:00.000000,2026-09-16 18:32:55
713,TXN-100713,45,TRANSFER,200868.22,603321.29,402453.07,0.0,200868.22,1,1,77,4,RTGS,Branch Terminal POS,Surat,Gujarat,21.154400000000003,72.8477,Agricultural Crop Loan EMI,LON-86418,72.7,high,0.6010098452254398,"[""Transaction amount represents 824% of total recorded cooperative savings balance"", ""Instant high-value outbound settlement via RTGS"", ""Unusual lump-sum cooperative loan disbursement pattern (Agricultural Crop Loan EMI)""]",flagged,2026-09-14 11:21:00.000000,2026-09-16 18:32:55
714,TXN-100714,45,CASH_OUT,1702.82,87031.0,85328.18,26097.97,27800.79,0,0,82,59,Branch Cashier,Branch Terminal POS,Pune,Maharashtra,18.5259,73.8215,Member Share Capital Dividend,,16.4,low,0.40485607980346244,"[""Normal transaction parameters consistent with account baseline""]",completed,2026-09-14 11:26:00.000000,2026-09-16 18:32:55
715,TXN-100715,45,TRANSFER,91847.89,402890.88,311042.99,38196.82,130044.71,1,1,28,46,IMPS,Mobile - Android (CoopPay App),Ahmedabad,Gujarat,22.9871,72.57809999999999,Self-Help Group (SHG) Pool Contribution,,64.0,high,0.5707704833469438,"[""Transaction amount represents 231% of total recorded cooperative savings balance""]",flagged,2026-09-14 11:20:00.000000,2026-09-16 18:32:55
716,TXN-100716,45,TRANSFER,60276.22,321284.84,261008.62,202734.82,263011.04,1,0,24,46,RTGS,Branch Terminal POS,Mysuru,Karnataka,12.2928,76.6694,Micro-Savings Recurring Deposit,,40.2,medium,0.48799335827724066,[],completed,2026-09-14 11:25:00.000000,2026-09-16 18:32:55
717,TXN-100717,45,TRANSFER,1424.31,68918.23,67493.92,36955.04,38379.35,0,0,84,19,NEFT,Branch Terminal POS,Chennai,Tamil Nadu,13.045300000000001,80.25370000000001,Fertilizer & Seed Procurement,,8.5,low,0.37757862226641065,"[""Normal transaction parameters consistent with account baseline""]",completed,2026-09-14 11:23:00.000000,2026-09-16 18:32:55
718,TXN-100718,45,TRANSFER,5048.31,24308.86,19260.55,82962.7,88011.01,0,0,120,92,IMPS,Mobile - Android (CoopPay App),Mysuru,Karnataka,12.2584,76.62899999999999,Tractor Equipment Finance,,1.4,low,0.3528169205964483,"[""Normal transaction parameters consistent with account baseline""]",completed,2026-09-14 11:28:00.000000,2026-09-16 18:32:55
719,TXN-100719,45,TRANSFER,2266.2,55522.77,53256.57,83999.47,86265.67,0,0,18,119,RTGS,Branch Terminal POS,Pune,Maharashtra,18.5184,73.86070000000001,Fertilizer & Seed Procurement,,31.6,low,0.4578126206343583,[],completed,2026-09-14 11:16:00.000000,2026-09-16 18:32:55
720,TXN-100720,45,PAYMENT,4244.99,42083.84,37838.85,510752.58,514997.57,0,0,81,190,Micro-ATM,Branch Terminal POS,Mumbai,Maharashtra,19.0993,72.8558,Self-Help Group (SHG) Pool Contribution,,18.0,low,0.41068872804985307,"[""Normal transaction parameters consistent with account baseline""]",completed,2026-09-14 11:26:00.000000,2026-09-16 18:32:55
721,TXN-100721,45,TRANSFER,11707.85,96472.54,84764.69,97543.1,109250.95,0,0,16,55,IMPS,Mobile - Android (CoopPay App),Kochi,Kerala,9.952200000000001,76.27050000000001,Micro-Savings Recurring Deposit,,8.5,low,0.3773731179872085,"[""Normal transaction parameters consistent with account baseline""]",completed,2026-09-14 11:27:00.000000,2026-09-16 18:32:55
722,TXN-100722,46,TRANSFER,761.78,143986.99,143225.21,46674.0,47435.78,0,0,97,6,UPI,Mobile - Android (CoopPay App),Mumbai,Maharashtra,19.103,72.8841,Member Share Capital Dividend,,11.7,low,0.3884952943640329,"[""Normal transaction parameters consistent with account baseline""]",completed,2026-09-14 11:40:00.000000,2026-09-16 18:32:55
723,TXN-100723,46,PAYMENT,1763.56,83694.69,81931.13,423490.96,425254.52,0,0,46,200,UPI,Mobile - Android (CoopPay App),Jaipur,Rajasthan,26.8975,75.8151,Tractor Equipment Finance,,31.6,low,0.457732984691606,[],completed,2026-09-14 11:35:00.000000,2026-09-16 18:32:55
724,TXN-100724,46,TRANSFER,3726.96,82899.58,79172.62,40057.04,43784.0,0,0,71,113,NEFT,Branch Terminal POS,Bengaluru,Karnataka,12.9585,77.5941,Micro-Savings Recurring Deposit,,6.8,low,0.37149895035805175,"[""Normal transaction parameters consistent with account baseline""]",completed,2026-09-14 11:36:00.000000,2026-09-16 18:32:55
725,TXN-100725,46,TRANSFER,3340.22,55962.19,52621.97,58232.76,61572.98,0,0,61,50,NEFT,Branch Terminal POS,Surat,Gujarat,21.151,72.8173,Solar Pump Subsidy Disbursal,,5.7,low,0.3677648184435309,"[""Normal transaction parameters consistent with account baseline""]",completed,2026-09-14 11:34:00.000000,2026-09-16 18:32:55
726,TXN-100726,46,TRANSFER,4956.16,0.0,0.0,85204.11,90160.27,0,0,48,3,UPI,Mobile - Android (CoopPay App),Kochi,Kerala,9.925600000000001,76.2737,Solar Pump Subsidy Disbursal,,30.9,low,0.4553886015200843,[],completed,2026-09-14 11:43:00.000000,2026-09-16 18:32:55
727,TXN-100727,46,CASH_OUT,512.68,84207.37,83694.69,48426.28,48938.96,0,0,46,45,Branch Cashier,Branch Terminal POS,Jaipur,Rajasthan,26.8975,75.8151,Dairy Cooperative Milk Payout,,54.8,medium,0.5388363518403761,"[""Multi-dimensional behavioral anomaly flagged by Isolation Forest scoring engine""]",completed,2026-09-14 11:30:00.000000,2026-09-16 18:32:55
728,TXN-100728,46,CASH_OUT,1382.1,95040.79,93658.69,85328.18,86710.28,0,0,31,82,Branch Cashier,Branch Terminal POS,Lucknow,Uttar Pradesh,26.8307,80.9315,Member Share Capital Dividend,,20.4,low,0.4189944636151723,"[""Normal transaction parameters consistent with account baseline""]",completed,2026-09-14 11:37:00.000000,2026-09-16 18:32:55
729,TXN-100729,46,TRANSFER,2029.75,2526.71,496.96,84807.9,86837.65,0,0,83,101,UPI,Mobile - Android (CoopPay App),Nagpur,Maharashtra,21.125,79.0924,Emergency Healthcare Advance,,6.3,low,0.369723796727068,"[""Normal transaction parameters consistent with account baseline""]",completed,2026-09-14 11:38:00.000000,2026-09-16 18:32:55
730,TXN-100730,46,CASH_IN,5208.91,15000.0,20208.91,53409.47,58618.38,0,0,179,9,Branch Cashier,Branch Terminal POS,Nagpur,Maharashtra,21.108800000000002,79.0643,Tractor Equipment Finance,,58.3,medium,0.55075125785827,"[""Multi-dimensional behavioral anomaly flagged by Isolation Forest scoring engine""]",completed,2026-09-14 11:38:00.000000,2026-09-16 18:32:55
731,TXN-100731,46,CASH_OUT,16178.36,47873.3,31694.94,63332.89,79511.25,0,0,65,66,Branch Cashier,Branch Terminal POS,Mumbai,Maharashtra,19.098200000000002,72.8508,Agricultural Crop Loan EMI,LON-29762,34.3,low,0.46740111345769414,[],completed,2026-09-14 11:36:00.000000,2026-09-16 18:32:55
732,TXN-100732,46,TRANSFER,7309.27,15202.64,7893.37,27866.57,35175.84,0,0,86,47,IMPS,Mobile - Android (CoopPay App),Madurai,Tamil Nadu,9.9589,78.11489999999999,Micro-Savings Recurring Deposit,,17.6,low,0.4091075057010387,"[""Normal transaction parameters consistent with account baseline""]",completed,2026-09-14 11:32:00.000000,2026-09-16 18:32:55
733,TXN-100733,46,TRANSFER,6164.29,77893.58,71729.29,32492.6,38656.89,0,0,74,87,RTGS,Branch Terminal POS,Warangal,Telangana,17.953400000000002,79.6006,Fertilizer & Seed Procurement,,0.9,low,0.3508713886995983,"[""Normal transaction parameters consistent with account baseline""]",completed,2026-09-14 11:36:00.000000,2026-09-16 18:32:55
734,TXN-100734,46,TRANSFER,13658.91,88011.01,74352.1,109250.95,122909.86,0,0,92,55,IMPS,Mobile - Android (CoopPay App),Ahmedabad,Gujarat,23.024,72.5812,Dairy Cooperative Milk Payout,,14.4,low,0.39809624349315853,"[""Normal transaction parameters consistent with account baseline""]",completed,2026-09-14 11:35:00.000000,2026-09-16 18:32:55
735,TXN-100735,46,PAYMENT,1737.72,78267.83,76530.11,514997.57,516735.29,0,0,1,190,Micro-ATM,Branch Terminal POS,Mumbai,Maharashtra,19.0872,72.83970000000001,Fertilizer & Seed Procurement,,17.0,low,0.407128015217097,"[""Normal transaction parameters consistent with account baseline""]",completed,2026-09-14 11:37:00.000000,2026-09-16 18:32:55
736,TXN-100736,46,TRANSFER,72690.11,13705.75,0.0,130044.71,202734.82,1,0,118,46,UPI,Mobile - Android (CoopPay App),Madurai,Tamil Nadu,9.893,78.1508,Agricultural Crop Loan EMI,LON-69251,84.0,critical,0.6403885369570065,"[""Transaction amount represents 459% of total recorded cooperative savings balance"", ""Rapid near-complete balance drainage detected (\u20b913,706 \u2192 \u20b90)"", ""Unusual lump-sum cooperative loan disbursement pattern (Agricultural Crop Loan EMI)""]",flagged,2026-09-14 11:35:00.000000,2026-09-16 18:32:55
737,TXN-100737,46,TRANSFER,64849.08,67276.65,2427.57,263011.04,327860.12,1,0,36,46,IMPS,Mobile - Android (CoopPay App),Chennai,Tamil Nadu,13.1044,80.2817,Fertilizer & Seed Procurement,,34.1,low,0.46657274746237143,"[""Rapid near-complete balance drainage detected (\u20b967,277 \u2192 \u20b92,428)""]",completed,2026-09-14 11:34:00.000000,2026-09-16 18:32:55
738,TXN-100738,46,CASH_OUT,8907.0,34571.88,25664.88,35647.69,44554.69,0,0,14,96,Branch Cashier,Branch Terminal POS,Jaipur,Rajasthan,26.9339,75.7745,Fertilizer & Seed Procurement,,22.2,low,0.42511615654798274,"[""Normal transaction parameters consistent with account baseline""]",completed,2026-09-14 11:39:00.000000,2026-09-16 18:32:55
739,TXN-100739,47,CASH_OUT,405.92,84764.69,84358.77,58287.74,58693.66,0,0,16,57,Branch Cashier,Branch Terminal POS,Kochi,Kerala,9.952200000000001,76.27050000000001,Dairy Cooperative Milk Payout,,33.5,low,0.4646709503009117,[],completed,2026-09-14 11:52:00.000000,2026-09-16 18:32:55
740,TXN-100740,47,PAYMENT,535.59,26608.63,26073.04,137954.86,138490.45,0,0,111,191,Micro-ATM,Branch Terminal POS,Lucknow,Uttar Pradesh,26.8219,80.9263,Emergency Healthcare Advance,,21.2,low,0.42152337353167485,"[""Normal transaction parameters consistent with account baseline""]",completed,2026-09-14 11:47:00.000000,2026-09-16 18:32:55
741,TXN-100741,47,DEBIT,8772.88,81931.13,73158.25,46901.48,55674.36,0,0,46,7,Branch Cashier,Branch Terminal POS,Jaipur,Rajasthan,26.8975,75.8151,Emergency Healthcare Advance,,27.2,low,0.4425684303506523,"[""Normal transaction parameters consistent with account baseline""]",completed,2026-09-14 11:51:00.000000,2026-09-16 18:32:55
742,TXN-100742,47,PAYMENT,5071.46,143225.21,138153.75,132883.4,137954.86,0,0,97,191,Micro-ATM,Branch Terminal POS,Mumbai,Maharashtra,19.103,72.8841,Agricultural Crop Loan EMI,LON-14944,18.6,low,0.41264316515759786,"[""Normal transaction parameters consistent with account baseline""]",completed,2026-09-14 11:52:00.000000,2026-09-16 18:32:55
743,TXN-100743,47,PAYMENT,2061.4,137438.96,135377.56,327741.77,329803.17,0,0,70,187,UPI,Mobile - Android (CoopPay App),Madurai,Tamil Nadu,9.9517,78.0867,Micro-Savings Recurring Deposit,,16.3,low,0.4045804507001008,"[""Normal transaction parameters consistent with account baseline""]",completed,2026-09-14 11:53:00.000000,2026-09-16 18:32:55
744,TXN-100744,47,TRANSFER,4401.34,79511.25,75109.91,52764.91,57166.25,0,0,66,106,NEFT,Branch Terminal POS,Pune,Maharashtra,18.5121,73.8739,Self-Help Group (SHG) Pool Contribution,,1.8,low,0.3542523146743539,"[""Normal transaction parameters consistent with account baseline""]",completed,2026-09-14 11:45:00.000000,2026-09-16 18:32:55
745,TXN-100745,47,TRANSFER,5631.68,44944.06,39312.38,163070.8,168702.48,0,0,6,41,UPI,Mobile - Android (CoopPay App),Madurai,Tamil Nadu,9.9087,78.1301,Agricultural Crop Loan EMI,LON-92141,29.3,low,0.4497733416090611,"[""Normal transaction parameters consistent with account baseline""]",completed,2026-09-14 11:48:00.000000,2026-09-16 18:32:55
746,TXN-100746,47,CASH_OUT,2491.72,47435.78,44944.06,67074.39,69566.11,0,0,6,115,Branch Cashier,Branch Terminal POS,Madurai,Tamil Nadu,9.9087,78.1301,Member Share Capital Dividend,,45.0,medium,0.504433102113222,[],completed,2026-09-14 11:56:00.000000,2026-09-16 18:32:55
747,TXN-100747,47,TRANSFER,8452.17,27800.79,19348.62,40973.08,49425.25,0,0,59,26,NEFT,Branch Terminal POS,Delhi,Delhi,28.732400000000002,77.1388,Tractor Equipment Finance,,19.7,low,0.41643796833332947,"[""Normal transaction parameters consistent with account baseline""]",completed,2026-09-14 11:48:00.000000,2026-09-16 18:32:55
748,TXN-100748,47,PAYMENT,987.66,70863.89,69876.23,210667.87,211655.53,0,0,88,198,UPI,Mobile - Android (CoopPay App),Mysuru,Karnataka,12.3215,76.6455,Emergency Healthcare Advance,,19.2,low,0.41479168865475546,"[""Normal transaction parameters consistent with account baseline""]",completed,2026-09-14 11:47:00.000000,2026-09-16 18:32:55
749,TXN-100749,47,PAYMENT,713.17,82291.87,81578.7,430745.1,431458.27,0,0,62,199,Micro-ATM,Branch Terminal POS,Jaipur,Rajasthan,26.91,75.80720000000001,Fertilizer & Seed Procurement,,24.4,low,0.4329074622024552,"[""Normal transaction parameters consistent with account baseline""]",completed,2026-09-14 11:53:00.000000,2026-09-16 18:32:55
750,TXN-100750,47,TRANSFER,3057.07,37086.79,34029.72,86837.65,89894.72,0,0,18,101,UPI,Mobile - Android (CoopPay App),Pune,Maharashtra,18.5184,73.86070000000001,Tractor Equipment Finance,,7.9,low,0.37547897322192464,"[""Normal transaction parameters consistent with account baseline""]",completed,2026-09-14 11:46:00.000000,2026-09-16 18:32:55
751,TXN-100751,47,TRANSFER,311467.11,327860.12,16393.01,70718.92,382186.03,1,1,46,62,RTGS,Branch Terminal POS,Jaipur,Rajasthan,26.8975,75.8151,Self-Help Group (SHG) Pool Contribution,,83.3,critical,0.6378961297140382,"[""High single-transaction volume (\u20b9311,467.11) exceeding standard cooperative threshold"", ""Transaction amount represents 283% of total recorded cooperative savings balance"", ""Instant high-value outbound settlement via RTGS""]",flagged,2026-09-14 11:49:00.000000,2026-09-16 18:32:55
752,TXN-100752,47,PAYMENT,195.03,97639.52,97444.49,397831.8,398026.83,0,0,24,194,Micro-ATM,Branch Terminal POS,Mysuru,Karnataka,12.2928,76.6694,Emergency Healthcare Advance,,51.5,medium,0.5272842850528614,"[""Multi-dimensional behavioral anomaly flagged by Isolation Forest scoring engine""]",completed,2026-09-14 11:54:00.000000,2026-09-16 18:32:55
753,TXN-100753,47,CASH_IN,15281.87,15000.0,30281.87,69566.11,84847.98,0,0,150,115,Branch Cashier,Branch Terminal POS,Madurai,Tamil Nadu,9.897400000000001,78.1405,Fertilizer & Seed Procurement,,56.7,medium,0.5453229045226987,"[""Multi-dimensional behavioral anomaly flagged by Isolation Forest scoring engine""]",completed,2026-09-14 11:59:00.000000,2026-09-16 18:32:55
754,TXN-100754,47,TRANSFER,2177.1,40978.31,38801.21,58693.66,60870.76,0,0,114,57,RTGS,Branch Terminal POS,Pune,Maharashtra,18.517899999999997,73.8227,Micro-Savings Recurring Deposit,,3.9,low,0.3614429352088739,"[""Normal transaction parameters consistent with account baseline""]",completed,2026-09-14 11:50:00.000000,2026-09-16 18:32:55
755,TXN-100755,48,DEBIT,4658.39,0.0,0.0,42392.31,47050.7,0,0,48,68,Branch Cashier,Branch Terminal POS,Kochi,Kerala,9.925600000000001,76.2737,Member Share Capital Dividend,,37.0,medium,0.4768299208021317,[],completed,2026-09-14 12:12:00.000000,2026-09-16 18:32:55
756,TXN-100756,48,CASH_OUT,6104.79,75597.53,69492.74,34435.0,40539.79,0,0,35,95,Branch Cashier,Branch Terminal POS,Nagpur,Maharashtra,21.174,79.0886,Emergency Healthcare Advance,,27.8,low,0.4447383959174126,"[""Normal transaction parameters consistent with account baseline""]",completed,2026-09-14 12:02:00.000000,2026-09-16 18:32:55
757,TXN-100757,48,CASH_OUT,8667.21,117593.36,108926.15,11911.84,20579.05,0,0,78,22,Branch Cashier,Branch Terminal POS,Jaipur,Rajasthan,26.9234,75.8075,Member Share Capital Dividend,,21.8,low,0.4236044429217228,"[""Normal transaction parameters consistent with account baseline""]",completed,2026-09-14 12:00:00.000000,2026-09-16 18:32:55
758,TXN-100758,48,PAYMENT,1127.12,73158.25,72031.13,462717.85,463844.97,0,0,46,193,UPI,Mobile - Android (CoopPay App),Jaipur,Rajasthan,26.8975,75.8151,Member Share Capital Dividend,,15.0,low,0.3999160972179438,"[""Normal transaction parameters consistent with account baseline""]",completed,2026-09-14 12:03:00.000000,2026-09-16 18:32:55
759,TXN-100759,48,TRANSFER,11313.85,99355.79,88041.94,496.96,11810.81,0,0,8,83,UPI,Mobile - Android (CoopPay App),Mysuru,Karnataka,12.3119,76.6541,Self-Help Group (SHG) Pool Contribution,,2.6,low,0.3568349950649158,"[""Normal transaction parameters consistent with account baseline""]",completed,2026-09-14 12:11:00.000000,2026-09-16 18:32:55
760,TXN-100760,48,CASH_OUT,7779.28,39312.38,31533.1,0.0,7779.28,0,0,6,118,Branch Cashier,Branch Terminal POS,Madurai,Tamil Nadu,9.9087,78.1301,Dairy Cooperative Milk Payout,,24.0,low,0.4315890683490816,"[""Normal transaction parameters consistent with account baseline""]",completed,2026-09-14 12:02:00.000000,2026-09-16 18:32:55
761,TXN-100761,48,TRANSFER,4647.11,31655.54,27008.43,73088.75,77735.86,0,0,89,58,UPI,Mobile - Android (CoopPay App),Hyderabad,Telangana,17.3958,78.486,Emergency Healthcare Advance,,3.2,low,0.3588737496395405,"[""Normal transaction parameters consistent with account baseline""]",completed,2026-09-14 12:05:00.000000,2026-09-16 18:32:55
762,TXN-100762,48,PAYMENT,609.21,99569.05,98959.84,431458.27,432067.48,0,0,36,199,Micro-ATM,Branch Terminal POS,Chennai,Tamil Nadu,13.1044,80.2817,Self-Help Group (SHG) Pool Contribution,,23.3,low,0.42881532521438087,"[""Normal transaction parameters consistent with account baseline""]",completed,2026-09-14 12:14:00.000000,2026-09-16 18:32:55
763,TXN-100763,48,TRANSFER,932.67,100691.49,99758.82,50828.51,51761.18,0,0,42,43,UPI,Mobile - Android (CoopPay App),Warangal,Telangana,17.960800000000003,79.57639999999999,Agricultural Crop Loan EMI,LON-96765,25.7,low,0.43726173628283016,"[""Normal transaction parameters consistent with account baseline""]",completed,2026-09-14 12:09:00.000000,2026-09-16 18:32:55
764,TXN-100764,48,TRANSFER,9778.72,57166.25,47387.53,59859.12,69637.84,0,0,106,38,UPI,Mobile - Android (CoopPay App),Warangal,Telangana,17.9785,79.57339999999999,Agricultural Crop Loan EMI,LON-25176,2.4,low,0.3561972515995373,"[""Normal transaction parameters consistent with account baseline""]",completed,2026-09-14 12:01:00.000000,2026-09-16 18:32:55
765,TXN-100765,48,PAYMENT,2235.61,44554.69,42319.08,329803.17,332038.78,0,0,96,187,Micro-ATM,Branch Terminal POS,Kochi,Kerala,9.9603,76.24940000000001,Emergency Healthcare Advance,,18.3,low,0.41153931545680805,"[""Normal transaction parameters consistent with account baseline""]",completed,2026-09-14 12:06:00.000000,2026-09-16 18:32:55
766,TXN-100766,48,TRANSFER,2844.41,122909.86,120065.45,37643.61,40488.02,0,0,55,79,NEFT,Branch Terminal POS,Bengaluru,Karnataka,12.991100000000001,77.5926,Solar Pump Subsidy Disbursal,,1.7,low,0.353718952160579,"[""Normal transaction parameters consistent with account baseline""]",completed,2026-09-14 12:01:00.000000,2026-09-16 18:32:55
767,TXN-100767,48,TRANSFER,707.72,60614.8,59907.08,72381.03,73088.75,0,0,85,58,IMPS,Mobile - Android (CoopPay App),Coimbatore,Tamil Nadu,11.0411,76.9316,Member Share Capital Dividend,,17.2,low,0.4078642713655249,"[""Normal transaction parameters consistent with account baseline""]",completed,2026-09-14 12:11:00.000000,2026-09-16 18:32:55
768,TXN-100768,48,TRANSFER,10642.39,75056.61,64414.22,8262.48,18904.87,0,0,52,104,UPI,Mobile - Android (CoopPay App),Chennai,Tamil Nadu,13.097700000000001,80.30210000000001,Tractor Equipment Finance,,8.0,low,0.37584628954379695,"[""Normal transaction parameters consistent with account baseline""]",completed,2026-09-14 12:11:00.000000,2026-09-16 18:32:55
769,TXN-100769,48,CASH_OUT,2264.75,38379.35,36114.6,69876.23,72140.98,0,0,19,88,Branch Cashier,Branch Terminal POS,Nagpur,Maharashtra,21.125600000000002,79.05330000000001,Dairy Cooperative Milk Payout,,16.5,low,0.40530078496797084,"[""Normal transaction parameters consistent with account baseline""]",completed,2026-09-14 12:06:00.000000,2026-09-16 18:32:55
770,TXN-100770,49,TRANSFER,12496.52,49573.56,37077.04,24365.7,36862.22,0,0,110,23,NEFT,Branch Terminal POS,Jaipur,Rajasthan,26.934700000000003,75.8252,Fertilizer & Seed Procurement,,10.5,low,0.38426658175584877,"[""Normal transaction parameters consistent with account baseline""]",completed,2026-09-14 12:25:00.000000,2026-09-16 18:32:55
771,TXN-100771,49,PAYMENT,1163.08,34029.72,32866.64,463844.97,465008.05,0,0,18,193,UPI,Mobile - Android (CoopPay App),Pune,Maharashtra,18.5184,73.86070000000001,Self-Help Group (SHG) Pool Contribution,,20.1,low,0.41778859653803846,"[""Normal transaction parameters consistent with account baseline""]",completed,2026-09-14 12:21:00.000000,2026-09-16 18:32:55
772,TXN-100772,49,TRANSFER,5274.35,60952.62,55678.27,80802.16,86076.51,0,0,15,25,UPI,Mobile - Android (CoopPay App),Lucknow,Uttar Pradesh,26.847299999999997,80.91470000000001,Tractor Equipment Finance,,1.2,low,0.3521464711264107,"[""Normal transaction parameters consistent with account baseline""]",completed,2026-09-14 12:26:00.000000,2026-09-16 18:32:55
773,TXN-100773,49,TRANSFER,7860.6,42424.65,34564.05,32866.64,40727.24,0,0,63,18,UPI,Mobile - Android (CoopPay App),Lucknow,Uttar Pradesh,26.8827,80.9221,Solar Pump Subsidy Disbursal,,5.9,low,0.3682325288045814,"[""Normal transaction parameters consistent with account baseline""]",completed,2026-09-14 12:16:00.000000,2026-09-16 18:32:55
774,TXN-100774,49,DEBIT,1156.35,77735.86,76579.51,0.0,1156.35,0,0,58,48,Branch Cashier,Branch Terminal POS,Warangal,Telangana,17.9339,79.6207,Member Share Capital Dividend,,11.5,low,0.3877186405399881,"[""Normal transaction parameters consistent with account baseline""]",completed,2026-09-14 12:18:00.000000,2026-09-16 18:32:55
775,TXN-100775,49,TRANSFER,3110.76,58618.38,55507.62,67493.92,70604.68,0,0,9,84,NEFT,Branch Terminal POS,Hyderabad,Telangana,17.375400000000003,78.5259,Self-Help Group (SHG) Pool Contribution,,1.8,low,0.3539856344642436,"[""Normal transaction parameters consistent with account baseline""]",completed,2026-09-14 12:27:00.000000,2026-09-16 18:32:55
776,TXN-100776,49,TRANSFER,824.33,35175.84,34351.51,71729.29,72553.62,0,0,47,74,NEFT,Branch Terminal POS,Lucknow,Uttar Pradesh,26.8599,80.93650000000001,Emergency Healthcare Advance,,11.8,low,0.38906842628887284,"[""Normal transaction parameters consistent with account baseline""]",completed,2026-09-14 12:18:00.000000,2026-09-16 18:32:55
777,TXN-100777,49,PAYMENT,4586.86,121708.36,117121.5,235731.57,240318.43,0,0,5,197,UPI,Mobile - Android (CoopPay App),Coimbatore,Tamil Nadu,11.0072,76.94449999999999,Agricultural Crop Loan EMI,LON-81845,15.5,low,0.4018433683608091,"[""Normal transaction parameters consistent with account baseline""]",completed,2026-09-14 12:19:00.000000,2026-09-16 18:32:55
778,TXN-100778,49,PAYMENT,3813.66,60690.59,56876.93,464005.76,467819.42,0,0,64,201,UPI,Mobile - Android (CoopPay App),Kochi,Kerala,9.936300000000001,76.24470000000001,Solar Pump Subsidy Disbursal,,16.1,low,0.40392481236877026,"[""Normal transaction parameters consistent with account baseline""]",completed,2026-09-14 12:22:00.000000,2026-09-16 18:32:55
779,TXN-100779,49,TRANSFER,7189.05,40488.02,33298.97,86265.67,93454.72,0,0,79,119,IMPS,Mobile - Android (CoopPay App),Lucknow,Uttar Pradesh,26.883899999999997,80.9264,Agricultural Crop Loan EMI,LON-11671,9.3,low,0.3801010341261032,"[""Normal transaction parameters consistent with account baseline""]",completed,2026-09-14 12:20:00.000000,2026-09-16 18:32:55
780,TXN-100780,49,CASH_OUT,10878.16,39787.54,28909.38,86901.37,97779.53,0,0,34,28,Branch Cashier,Branch Terminal POS,Pune,Maharashtra,18.5016,73.8879,Dairy Cooperative Milk Payout,,18.6,low,0.4125867296249247,"[""Normal transaction parameters consistent with account baseline""]",completed,2026-09-14 12:25:00.000000,2026-09-16 18:32:55
781,TXN-100781,49,TRANSFER,8764.45,83557.68,74793.23,83895.67,92660.12,0,0,72,101,UPI,Mobile - Android (CoopPay App),Mysuru,Karnataka,12.3262,76.65549999999999,Solar Pump Subsidy Disbursal,,5.1,low,0.3655967967314251,"[""Normal transaction parameters consistent with account baseline""]",completed,2026-09-14 12:29:00.000000,2026-09-16 18:32:55
782,TXN-100782,49,PAYMENT,468.51,168702.48,168233.97,516735.29,517203.8,0,0,41,190,UPI,Mobile - Android (CoopPay App),Hyderabad,Telangana,17.413700000000002,78.4645,Self-Help Group (SHG) Pool Contribution,,28.5,low,0.44723217744738425,"[""Normal transaction parameters consistent with account baseline""]",completed,2026-09-14 12:17:00.000000,2026-09-16 18:32:55
783,TXN-100783,49,CASH_OUT,19703.19,60870.76,41167.57,88451.34,108154.53,0,0,57,75,Branch Cashier,Branch Terminal POS,Hyderabad,Telangana,17.375600000000002,78.4589,Dairy Cooperative Milk Payout,,37.1,medium,0.47698921960516777,[],completed,2026-09-14 12:16:00.000000,2026-09-16 18:32:55
784,TXN-100784,49,TRANSFER,5999.05,89894.72,83895.67,51307.4,57306.45,0,0,101,17,NEFT,Branch Terminal POS,Coimbatore,Tamil Nadu,11.0096,76.9682,Member Share Capital Dividend,,1.9,low,0.3542709426225427,"[""Normal transaction parameters consistent with account baseline""]",completed,2026-09-14 12:29:00.000000,2026-09-16 18:32:55
785,TXN-100785,50,CASH_OUT,2493.82,73890.64,71396.82,47050.7,49544.52,0,0,92,68,Branch Cashier,Branch Terminal POS,Ahmedabad,Gujarat,23.024,72.5812,Tractor Equipment Finance,,39.3,medium,0.4845866864534334,[],completed,2026-09-14 12:37:00.000000,2026-09-16 18:32:55
786,TXN-100786,50,TRANSFER,1494.49,79286.7,77792.21,57655.65,59150.14,0,0,102,103,RTGS,Branch Terminal POS,Madurai,Tamil Nadu,9.9372,78.14789999999999,Agricultural Crop Loan EMI,LON-23082,5.9,low,0.3683592153999124,"[""Normal transaction parameters consistent with account baseline""]",completed,2026-09-14 12:34:00.000000,2026-09-16 18:32:55
787,TXN-100787,50,TRANSFER,7970.17,60409.75,52439.58,64414.22,72384.39,0,0,12,52,IMPS,Mobile - Android (CoopPay App),Ahmedabad,Gujarat,23.022000000000002,72.5919,Agricultural Crop Loan EMI,LON-48085,0.3,low,0.3489671864237622,"[""Normal transaction parameters consistent with account baseline""]",completed,2026-09-14 12:43:00.000000,2026-09-16 18:32:55
788,TXN-100788,50,CASH_OUT,16984.62,83177.74,66193.12,27068.22,44052.84,0,0,53,107,Branch Cashier,Branch Terminal POS,Coimbatore,Tamil Nadu,10.9808,76.9357,Micro-Savings Recurring Deposit,,23.8,low,0.4308181520431378,"[""Normal transaction parameters consistent with account baseline""]",completed,2026-09-14 12:35:00.000000,2026-09-16 18:32:55
789,TXN-100789,50,TRANSFER,5654.82,56876.93,51222.11,74793.23,80448.05,0,0,64,72,UPI,Mobile - Android (CoopPay App),Kochi,Kerala,9.936300000000001,76.24470000000001,Dairy Cooperative Milk Payout,,4.5,low,0.36350172669403824,"[""Normal transaction parameters consistent with account baseline""]",completed,2026-09-14 12:36:00.000000,2026-09-16 18:32:55
790,TXN-100790,50,TRANSFER,218862.91,382186.03,163323.12,77434.1,296297.01,1,1,62,8,UPI,Mobile - Android (CoopPay App),Jaipur,Rajasthan,26.91,75.80720000000001,Agricultural Crop Loan EMI,LON-28139,55.8,medium,0.54209163655798,"[""Transaction amount represents 597% of total recorded cooperative savings balance"", ""Unusual lump-sum cooperative loan disbursement pattern (Agricultural Crop Loan EMI)""]",completed,2026-09-14 12:43:00.000000,2026-09-16 18:32:55
791,TXN-100791,50,TRANSFER,424.48,79172.62,78748.14,65905.47,66329.95,0,0,71,115,IMPS,Mobile - Android (CoopPay App),Bengaluru,Karnataka,12.9585,77.5941,Micro-Savings Recurring Deposit,,24.2,low,0.43214087672660195,"[""Normal transaction parameters consistent with account baseline""]",completed,2026-09-14 12:40:00.000000,2026-09-16 18:32:55
792,TXN-100792,50,PAYMENT,550.02,168233.97,167683.95,211655.53,212205.55,0,0,41,198,Micro-ATM,Branch Terminal POS,Hyderabad,Telangana,17.413700000000002,78.4645,Tractor Equipment Finance,,27.1,low,0.4422626553407922,"[""Normal transaction parameters consistent with account baseline""]",completed,2026-09-14 12:35:00.000000,2026-09-16 18:32:55
793,TXN-100793,50,PAYMENT,1309.99,18904.87,17594.88,425254.52,426564.51,0,0,104,200,UPI,Mobile - Android (CoopPay App),Mysuru,Karnataka,12.3281,76.6031,Micro-Savings Recurring Deposit,,18.9,low,0.413727076026817,"[""Normal transaction parameters consistent with account baseline""]",completed,2026-09-14 12:44:00.000000,2026-09-16 18:32:55
794,TXN-100794,50,PAYMENT,8012.01,55507.62,47495.61,138490.45,146502.46,0,0,9,191,Micro-ATM,Branch Terminal POS,Hyderabad,Telangana,17.375400000000003,78.5259,Fertilizer & Seed Procurement,,20.3,low,0.41843652340080895,"[""Normal transaction parameters consistent with account baseline""]",completed,2026-09-14 12:43:00.000000,2026-09-16 18:32:55
795,TXN-100795,50,TRANSFER,17058.29,75109.91,58051.62,49425.25,66483.54,0,0,66,26,RTGS,Branch Terminal POS,Pune,Maharashtra,18.5121,73.8739,Emergency Healthcare Advance,,11.7,low,0.3884796948835116,"[""Normal transaction parameters consistent with account baseline""]",completed,2026-09-14 12:31:00.000000,2026-09-16 18:32:55
796,TXN-100796,50,TRANSFER,16260.62,72553.62,56293.0,17594.88,33855.5,0,0,74,104,NEFT,Branch Terminal POS,Warangal,Telangana,17.953400000000002,79.6006,Emergency Healthcare Advance,,9.9,low,0.38214832300513674,"[""Normal transaction parameters consistent with account baseline""]",completed,2026-09-14 12:37:00.000000,2026-09-16 18:32:55
797,TXN-100797,50,TRANSFER,8147.76,86710.28,78562.52,34351.51,42499.27,0,0,82,47,RTGS,Branch Terminal POS,Pune,Maharashtra,18.5259,73.8215,Emergency Healthcare Advance,,11.1,low,0.3864992065153347,"[""Normal transaction parameters consistent with account baseline""]",completed,2026-09-14 12:41:00.000000,2026-09-16 18:32:55
798,TXN-100798,50,CASH_OUT,461.46,74352.1,73890.64,93511.97,93973.43,0,0,92,90,Branch Cashier,Branch Terminal POS,Ahmedabad,Gujarat,23.024,72.5812,Fertilizer & Seed Procurement,,51.9,medium,0.52857139635322,"[""Multi-dimensional behavioral anomaly flagged by Isolation Forest scoring engine""]",completed,2026-09-14 12:40:00.000000,2026-09-16 18:32:55
799,TXN-100799,50,CASH_OUT,2067.06,50104.04,48036.98,58342.69,60409.75,0,0,116,12,Branch Cashier,Branch Terminal POS,Chennai,Tamil Nadu,13.0614,80.23270000000001,Fertilizer & Seed Procurement,,24.2,low,0.43228720465556475,"[""Normal transaction parameters consistent with account baseline""]",completed,2026-09-14 12:31:00.000000,2026-09-16 18:32:55
800,TXN-100800,50,TRANSFER,18942.51,84847.98,65905.47,86695.05,105637.56,0,0,115,21,UPI,Mobile - Android (CoopPay App),Nagpur,Maharashtra,21.142200000000003,79.102,Fertilizer & Seed Procurement,,15.4,low,0.4014681106954512,"[""Normal transaction parameters consistent with account baseline""]",completed,2026-09-14 12:41:00.000000,2026-09-16 18:32:55
801,TXN-100801,51,TRANSFER,8585.89,0.0,0.0,108154.53,116740.42,0,0,83,75,RTGS,Branch Terminal POS,Nagpur,Maharashtra,21.125,79.0924,Solar Pump Subsidy Disbursal,,49.8,medium,0.5213935282126008,[],completed,2026-09-14 12:46:00.000000,2026-09-16 18:32:55
802,TXN-100802,51,PAYMENT,847.59,33298.97,32451.38,388585.19,389432.78,0,0,79,195,Micro-ATM,Branch Terminal POS,Lucknow,Uttar Pradesh,26.883899999999997,80.9264,Fertilizer & Seed Procurement,,28.3,low,0.44652282482287065,"[""Normal transaction parameters consistent with account baseline""]",completed,2026-09-14 12:57:00.000000,2026-09-16 18:32:55
803,TXN-100803,51,TRANSFER,6095.56,105637.56,99542.0,71396.82,77492.38,0,0,21,92,RTGS,Branch Terminal POS,Coimbatore,Tamil Nadu,11.0199,76.9737,Micro-Savings Recurring Deposit,,2.0,low,0.35486082902934135,"[""Normal transaction parameters consistent with account baseline""]",completed,2026-09-14 12:54:00.000000,2026-09-16 18:32:55
804,TXN-100804,51,TRANSFER,218862.91,296297.01,77434.1,451343.9,670206.81,1,1,8,12,UPI,Mobile - Android (CoopPay App),Mysuru,Karnataka,12.3119,76.6541,Fertilizer & Seed Procurement,,58.8,medium,0.5527416481422672,"[""Transaction amount represents 333% of total recorded cooperative savings balance""]",completed,2026-09-14 12:54:00.000000,2026-09-16 18:32:55
805,TXN-100805,51,TRANSFER,1035.11,66329.95,65294.84,39012.03,40047.14,0,0,115,11,RTGS,Branch Terminal POS,Nagpur,Maharashtra,21.142200000000003,79.102,Dairy Cooperative Milk Payout,,11.4,low,0.38750188310033934,"[""Normal transaction parameters consistent with account baseline""]",completed,2026-09-14 12:52:00.000000,2026-09-16 18:32:55
806,TXN-100806,51,TRANSFER,1898.95,105391.3,103492.35,49544.52,51443.47,0,0,29,68,RTGS,Branch Terminal POS,Surat,Gujarat,21.1842,72.80990000000001,Solar Pump Subsidy Disbursal,,6.9,low,0.37190801144949165,"[""Normal transaction parameters consistent with account baseline""]",completed,2026-09-14 12:59:00.000000,2026-09-16 18:32:55
807,TXN-100807,51,TRANSFER,720.49,66727.83,66007.34,80448.05,81168.54,0,0,33,72,UPI,Mobile - Android (CoopPay App),Mumbai,Maharashtra,19.102700000000002,72.894,Tractor Equipment Finance,,27.7,low,0.4441792187047978,"[""Normal transaction parameters consistent with account baseline""]",completed,2026-09-14 12:45:00.000000,2026-09-16 18:32:55
808,TXN-100808,51,TRANSFER,7945.91,98959.84,91013.93,95144.4,103090.31,0,0,36,40,NEFT,Branch Terminal POS,Chennai,Tamil Nadu,13.1044,80.2817,Agricultural Crop Loan EMI,LON-98857,0.7,low,0.3503411653531872,"[""Normal transaction parameters consistent with account baseline""]",completed,2026-09-14 12:55:00.000000,2026-09-16 18:32:55
809,TXN-100809,51,TRANSFER,18966.63,11810.81,0.0,31951.95,50918.58,0,0,83,60,IMPS,Mobile - Android (CoopPay App),Nagpur,Maharashtra,21.125,79.0924,Micro-Savings Recurring Deposit,,67.1,high,0.5816038625958084,"[""Rapid near-complete balance drainage detected (\u20b911,811 \u2192 \u20b90)""]",flagged,2026-09-14 12:53:00.000000,2026-09-16 18:32:55
810,TXN-100810,51,PAYMENT,1257.15,72140.98,70883.83,350200.4,351457.55,0,0,88,189,UPI,Mobile - Android (CoopPay App),Mysuru,Karnataka,12.3215,76.6455,Emergency Healthcare Advance,,15.8,low,0.4026809097972247,"[""Normal transaction parameters consistent with account baseline""]",completed,2026-09-14 12:53:00.000000,2026-09-16 18:32:55
811,TXN-100811,51,TRANSFER,11676.38,50545.78,38869.4,84358.77,96035.15,0,0,112,16,IMPS,Mobile - Android (CoopPay App),Kochi,Kerala,9.8984,76.2509,Solar Pump Subsidy Disbursal,,8.4,low,0.3770767463391299,"[""Normal transaction parameters consistent with account baseline""]",completed,2026-09-14 12:55:00.000000,2026-09-16 18:32:55
812,TXN-100812,51,TRANSFER,2698.21,57306.45,54608.24,7779.28,10477.49,0,0,17,118,RTGS,Branch Terminal POS,Mumbai,Maharashtra,19.0552,72.857,Fertilizer & Seed Procurement,,4.2,low,0.36238586465236083,"[""Normal transaction parameters consistent with account baseline""]",completed,2026-09-14 12:50:00.000000,2026-09-16 18:32:55
813,TXN-100813,51,TRANSFER,445.11,6632.77,6187.66,20579.05,21024.16,0,0,67,22,UPI,Mobile - Android (CoopPay App),Nagpur,Maharashtra,21.1738,79.0962,Agricultural Crop Loan EMI,LON-94331,35.5,medium,0.47164725010021963,[],completed,2026-09-14 12:58:00.000000,2026-09-16 18:32:55
814,TXN-100814,51,TRANSFER,23226.05,56293.0,33066.95,167683.95,190910.0,0,0,74,41,IMPS,Mobile - Android (CoopPay App),Warangal,Telangana,17.953400000000002,79.6006,Self-Help Group (SHG) Pool Contribution,,13.6,low,0.395342787585093,"[""Normal transaction parameters consistent with account baseline""]",completed,2026-09-14 12:59:00.000000,2026-09-16 18:32:55
815,TXN-100815,51,CASH_OUT,13075.27,43784.0,30708.73,78748.14,91823.41,0,0,113,71,Branch Cashier,Branch Terminal POS,Mumbai,Maharashtra,19.078500000000002,72.91080000000001,Solar Pump Subsidy Disbursal,,30.9,low,0.45530739535592546,[],completed,2026-09-14 12:58:00.000000,2026-09-16 18:32:55
816,TXN-100816,51,PAYMENT,3450.57,78562.52,75111.95,432067.48,435518.05,0,0,82,199,Micro-ATM,Branch Terminal POS,Pune,Maharashtra,18.5259,73.8215,Fertilizer & Seed Procurement,,19.4,low,0.41525349299058983,"[""Normal transaction parameters consistent with account baseline""]",completed,2026-09-14 12:58:00.000000,2026-09-16 18:32:55
817,TXN-100817,52,TRANSFER,639.33,38383.42,37744.09,37838.85,38478.18,0,0,20,81,RTGS,Branch Terminal POS,Chennai,Tamil Nadu,13.099300000000001,80.2354,Micro-Savings Recurring Deposit,,19.2,low,0.4145943381602097,"[""Normal transaction parameters consistent with account baseline""]",completed,2026-09-14 13:01:00.000000,2026-09-16 18:32:55
818,TXN-100818,52,TRANSFER,339.74,19348.62,19008.88,88041.94,88381.68,0,0,59,8,NEFT,Branch Terminal POS,Delhi,Delhi,28.732400000000002,77.1388,Tractor Equipment Finance,,37.8,medium,0.47943740446680694,[],completed,2026-09-14 13:03:00.000000,2026-09-16 18:32:55
819,TXN-100819,52,TRANSFER,6590.86,33066.95,26476.09,40597.01,47187.87,0,0,74,27,IMPS,Mobile - Android (CoopPay App),Warangal,Telangana,17.953400000000002,79.6006,Self-Help Group (SHG) Pool Contribution,,9.9,low,0.3824364123595633,"[""Normal transaction parameters consistent with account baseline""]",completed,2026-09-14 13:00:00.000000,2026-09-16 18:32:55
820,TXN-100820,52,TRANSFER,218862.91,670206.81,451343.9,163323.12,382186.03,1,1,12,62,RTGS,Branch Terminal POS,Ahmedabad,Gujarat,23.022000000000002,72.5919,Emergency Healthcare Advance,,58.3,medium,0.550765727447334,"[""Transaction amount represents 378% of total recorded cooperative savings balance"", ""Instant high-value outbound settlement via RTGS""]",completed,2026-09-14 13:10:00.000000,2026-09-16 18:32:55
821,TXN-100821,52,DEBIT,5240.25,113666.94,108426.69,31533.1,36773.35,0,0,108,6,Branch Cashier,Branch Terminal POS,Ahmedabad,Gujarat,23.0595,72.58659999999999,Member Share Capital Dividend,,8.6,low,0.37775506952770577,"[""Normal transaction parameters consistent with account baseline""]",completed,2026-09-14 13:13:00.000000,2026-09-16 18:32:55
822,TXN-100822,52,PAYMENT,577.39,38478.18,37900.79,240318.43,240895.82,0,0,81,197,Micro-ATM,Branch Terminal POS,Mumbai,Maharashtra,19.0993,72.8558,Solar Pump Subsidy Disbursal,,23.1,low,0.4284311314875162,"[""Normal transaction parameters consistent with account baseline""]",completed,2026-09-14 13:01:00.000000,2026-09-16 18:32:55
823,TXN-100823,52,TRANSFER,6418.92,75111.95,68693.03,65294.84,71713.76,0,0,82,115,RTGS,Branch Terminal POS,Pune,Maharashtra,18.5259,73.8215,Dairy Cooperative Milk Payout,,0.8,low,0.3505031301501795,"[""Normal transaction parameters consistent with account baseline""]",completed,2026-09-14 13:12:00.000000,2026-09-16 18:32:55
824,TXN-100824,52,PAYMENT,4008.45,63808.63,59800.18,385173.83,389182.28,0,0,99,196,Micro-ATM,Branch Terminal POS,Nagpur,Maharashtra,21.1654,79.1046,Solar Pump Subsidy Disbursal,,23.8,low,0.43079130708964775,"[""Normal transaction parameters consistent with account baseline""]",completed,2026-09-14 13:13:00.000000,2026-09-16 18:32:55
825,TXN-100825,52,TRANSFER,13700.88,99542.0,85841.12,34564.05,48264.93,0,0,21,63,UPI,Mobile - Android (CoopPay App),Coimbatore,Tamil Nadu,11.0199,76.9737,Solar Pump Subsidy Disbursal,,10.2,low,0.3833925236730991,"[""Normal transaction parameters consistent with account baseline""]",completed,2026-09-14 13:05:00.000000,2026-09-16 18:32:55
826,TXN-100826,52,TRANSFER,18386.95,36114.6,17727.65,24927.74,43314.69,0,0,19,93,UPI,Mobile - Android (CoopPay App),Nagpur,Maharashtra,21.125600000000002,79.05330000000001,Dairy Cooperative Milk Payout,,20.8,low,0.42018059914323547,"[""Normal transaction parameters consistent with account baseline""]",completed,2026-09-14 13:11:00.000000,2026-09-16 18:32:55
827,TXN-100827,52,PAYMENT,3773.77,33855.5,30081.73,146502.46,150276.23,0,0,104,191,Micro-ATM,Branch Terminal POS,Mysuru,Karnataka,12.3281,76.6031,Agricultural Crop Loan EMI,LON-83024,24.1,low,0.4318429045143868,"[""Normal transaction parameters consistent with account baseline""]",completed,2026-09-14 13:06:00.000000,2026-09-16 18:32:55
828,TXN-100828,52,PAYMENT,144.47,52337.69,52193.22,435518.05,435662.52,0,0,39,199,UPI,Mobile - Android (CoopPay App),Bengaluru,Karnataka,13.0097,77.6195,Dairy Cooperative Milk Payout,,55.2,medium,0.5402045828867866,"[""Multi-dimensional behavioral anomaly flagged by Isolation Forest scoring engine""]",completed,2026-09-14 13:08:00.000000,2026-09-16 18:32:55
829,TXN-100829,52,DEBIT,2694.89,36773.35,34078.46,38308.97,41003.86,0,0,6,100,Branch Cashier,Branch Terminal POS,Madurai,Tamil Nadu,9.9087,78.1301,Tractor Equipment Finance,,14.1,low,0.3967809100053708,"[""Normal transaction parameters consistent with account baseline""]",completed,2026-09-14 13:12:00.000000,2026-09-16 18:32:55
830,TXN-100830,52,DEBIT,10366.63,47387.53,37020.9,40047.14,50413.77,0,0,106,11,Branch Cashier,Branch Terminal POS,Warangal,Telangana,17.9785,79.57339999999999,Self-Help Group (SHG) Pool Contribution,,7.4,low,0.3735748229833975,"[""Normal transaction parameters consistent with account baseline""]",completed,2026-09-14 13:14:00.000000,2026-09-16 18:32:55
831,TXN-100831,52,TRANSFER,5092.96,50918.58,45825.62,32451.38,37544.34,0,0,60,79,IMPS,Mobile - Android (CoopPay App),Ahmedabad,Gujarat,23.0094,72.5857,Solar Pump Subsidy Disbursal,,5.5,low,0.36710451981359987,"[""Normal transaction parameters consistent with account baseline""]",completed,2026-09-14 13:08:00.000000,2026-09-16 18:32:55
832,TXN-100832,52,DEBIT,2661.94,27589.68,24927.74,0.0,2661.94,0,0,93,44,Branch Cashier,Branch Terminal POS,Surat,Gujarat,21.1399,72.869,Micro-Savings Recurring Deposit,,15.7,low,0.40241664517931813,"[""Normal transaction parameters consistent with account baseline""]",completed,2026-09-14 13:05:00.000000,2026-09-16 18:32:55
833,TXN-100833,53,TRANSFER,8895.82,51222.11,42326.29,48363.9,57259.72,0,0,64,51,UPI,Mobile - Android (CoopPay App),Kochi,Kerala,9.936300000000001,76.24470000000001,Member Share Capital Dividend,,6.7,low,0.37120880680095375,"[""Normal transaction parameters consistent with account baseline""]",completed,2026-09-14 13:28:00.000000,2026-09-16 18:32:55
834,TXN-100834,53,PAYMENT,1073.59,85841.12,84767.53,389432.78,390506.37,0,0,21,195,Micro-ATM,Branch Terminal POS,Coimbatore,Tamil Nadu,11.0199,76.9737,Micro-Savings Recurring Deposit,,19.8,low,0.41681104165191213,"[""Normal transaction parameters consistent with account baseline""]",completed,2026-09-14 13:28:00.000000,2026-09-16 18:32:55
835,TXN-100835,53,DEBIT,6618.96,61572.98,54954.02,120065.45,126684.41,0,0,50,55,Branch Cashier,Branch Terminal POS,Pune,Maharashtra,18.5342,73.8347,Solar Pump Subsidy Disbursal,,6.3,low,0.3699028031599203,"[""Normal transaction parameters consistent with account baseline""]",completed,2026-09-14 13:23:00.000000,2026-09-16 18:32:55
836,TXN-100836,53,TRANSFER,9704.28,43314.69,33610.41,59800.18,69504.46,0,0,93,99,NEFT,Branch Terminal POS,Surat,Gujarat,21.1399,72.869,Solar Pump Subsidy Disbursal,,10.1,low,0.3829526978466353,"[""Normal transaction parameters consistent with account baseline""]",completed,2026-09-14 13:26:00.000000,2026-09-16 18:32:55
837,TXN-100837,53,TRANSFER,27112.58,21104.29,0.0,26476.09,53588.67,0,0,105,74,UPI,Mobile - Android (CoopPay App),Hyderabad,Telangana,17.387500000000003,78.492,Member Share Capital Dividend,,54.7,medium,0.5384249594329652,"[""Rapid near-complete balance drainage detected (\u20b921,104 \u2192 \u20b90)""]",completed,2026-09-14 13:16:00.000000,2026-09-16 18:32:55
838,TXN-100838,53,CASH_IN,21968.25,15000.0,36968.25,53274.94,75243.19,0,0,131,32,Branch Cashier,Branch Terminal POS,Nagpur,Maharashtra,21.163500000000003,79.0654,Micro-Savings Recurring Deposit,,56.7,medium,0.5451931439185953,"[""Multi-dimensional behavioral anomaly flagged by Isolation Forest scoring engine""]",completed,2026-09-14 13:15:00.000000,2026-09-16 18:32:55
839,TXN-100839,53,CASH_IN,24950.42,15000.0,39950.42,48938.96,73889.38,0,0,129,45,Branch Cashier,Branch Terminal POS,Mumbai,Maharashtra,19.0618,72.84960000000001,Tractor Equipment Finance,,57.3,medium,0.5475768018650226,"[""Multi-dimensional behavioral anomaly flagged by Isolation Forest scoring engine""]",completed,2026-09-14 13:20:00.000000,2026-09-16 18:32:55
840,TXN-100840,53,TRANSFER,4448.97,17727.65,13278.68,52193.22,56642.19,0,0,19,39,NEFT,Branch Terminal POS,Nagpur,Maharashtra,21.125600000000002,79.05330000000001,Dairy Cooperative Milk Payout,,5.9,low,0.3682621847576035,"[""Normal transaction parameters consistent with account baseline""]",completed,2026-09-14 13:23:00.000000,2026-09-16 18:32:55
841,TXN-100841,53,TRANSFER,3541.32,96035.15,92493.83,66007.34,69548.66,0,0,16,33,IMPS,Mobile - Android (CoopPay App),Kochi,Kerala,9.952200000000001,76.27050000000001,Solar Pump Subsidy Disbursal,,2.6,low,0.3569556348403714,"[""Normal transaction parameters consistent with account baseline""]",completed,2026-09-14 13:15:00.000000,2026-09-16 18:32:55
842,TXN-100842,53,TRANSFER,9673.91,25664.88,15990.97,52621.97,62295.88,0,0,14,61,RTGS,Branch Terminal POS,Jaipur,Rajasthan,26.9339,75.7745,Dairy Cooperative Milk Payout,,6.3,low,0.36972348647299097,"[""Normal transaction parameters consistent with account baseline""]",completed,2026-09-14 13:17:00.000000,2026-09-16 18:32:55
843,TXN-100843,53,PAYMENT,1084.73,45825.62,44740.89,150276.23,151360.96,0,0,60,191,UPI,Mobile - Android (CoopPay App),Ahmedabad,Gujarat,23.0094,72.5857,Member Share Capital Dividend,,18.0,low,0.41051634789207603,"[""Normal transaction parameters consistent with account baseline""]",completed,2026-09-14 13:19:00.000000,2026-09-16 18:32:55
844,TXN-100844,53,PAYMENT,310.72,97779.53,97468.81,332038.78,332349.5,0,0,28,187,Micro-ATM,Branch Terminal POS,Ahmedabad,Gujarat,22.9871,72.57809999999999,Member Share Capital Dividend,,37.2,medium,0.47748324350378446,[],completed,2026-09-14 13:16:00.000000,2026-09-16 18:32:55
845,TXN-100845,53,CASH_OUT,10621.92,190910.0,180288.08,38869.4,49491.32,0,0,41,112,Branch Cashier,Branch Terminal POS,Hyderabad,Telangana,17.413700000000002,78.4645,Member Share Capital Dividend,,24.8,low,0.43432077282668685,"[""Normal transaction parameters consistent with account baseline""]",completed,2026-09-14 13:22:00.000000,2026-09-16 18:32:55
846,TXN-100846,53,TRANSFER,3007.21,96779.92,93772.71,81168.54,84175.75,0,0,98,72,NEFT,Branch Terminal POS,Pune,Maharashtra,18.5246,73.8602,Dairy Cooperative Milk Payout,,2.5,low,0.3563882085105709,"[""Normal transaction parameters consistent with account baseline""]",completed,2026-09-14 13:26:00.000000,2026-09-16 18:32:55
847,TXN-100847,53,PAYMENT,591.09,31694.94,31103.85,517203.8,517794.89,0,0,65,190,Micro-ATM,Branch Terminal POS,Mumbai,Maharashtra,19.098200000000002,72.8508,Agricultural Crop Loan EMI,LON-93000,20.0,low,0.4173247478027915,"[""Normal transaction parameters consistent with account baseline""]",completed,2026-09-14 13:27:00.000000,2026-09-16 18:32:55
848,TXN-100848,54,TRANSFER,28799.86,72384.39,43584.53,101764.81,130564.67,0,0,52,73,UPI,Mobile - Android (CoopPay App),Chennai,Tamil Nadu,13.097700000000001,80.30210000000001,Solar Pump Subsidy Disbursal,,18.6,low,0.4127716262284214,"[""Normal transaction parameters consistent with account baseline""]",completed,2026-09-14 13:43:00.000000,2026-09-16 18:32:55
849,TXN-100849,54,TRANSFER,317.23,93772.71,93455.48,34078.46,34395.69,0,0,98,6,IMPS,Mobile - Android (CoopPay App),Pune,Maharashtra,18.5246,73.8602,Solar Pump Subsidy Disbursal,,52.7,medium,0.5312449177185493,"[""Multi-dimensional behavioral anomaly flagged by Isolation Forest scoring engine""]",completed,2026-09-14 13:37:00.000000,2026-09-16 18:32:55
850,TXN-100850,54,PAYMENT,543.21,66125.51,65582.3,101994.59,102537.8,0,0,80,188,UPI,Mobile - Android (CoopPay App),Kochi,Kerala,9.941600000000001,76.2316,Self-Help Group (SHG) Pool Contribution,,20.4,low,0.41877648018873254,"[""Normal transaction parameters consistent with account baseline""]",completed,2026-09-14 13:30:00.000000,2026-09-16 18:32:55
851,TXN-100851,54,TRANSFER,3046.48,55674.36,52627.88,108926.15,111972.63,0,0,7,78,RTGS,Branch Terminal POS,Bengaluru,Karnataka,13.0009,77.585,Solar Pump Subsidy Disbursal,,9.1,low,0.3794991064072528,"[""Normal transaction parameters consistent with account baseline""]",completed,2026-09-14 13:44:00.000000,2026-09-16 18:32:55
852,TXN-100852,54,TRANSFER,1929.4,50354.86,48425.46,40727.24,42656.64,0,0,109,18,IMPS,Mobile - Android (CoopPay App),Surat,Gujarat,21.158900000000003,72.8148,Fertilizer & Seed Procurement,,4.2,low,0.362472507814952,"[""Normal transaction parameters consistent with account baseline""]",completed,2026-09-14 13:44:00.000000,2026-09-16 18:32:55
853,TXN-100853,54,TRANSFER,3828.43,86076.51,82248.08,69637.84,73466.27,0,0,25,38,IMPS,Mobile - Android (CoopPay App),Hyderabad,Telangana,17.422500000000003,78.5208,Dairy Cooperative Milk Payout,,9.8,low,0.3820425421758061,"[""Normal transaction parameters consistent with account baseline""]",completed,2026-09-14 13:41:00.000000,2026-09-16 18:32:55
854,TXN-100854,54,TRANSFER,3352.75,67587.87,64235.12,19008.88,22361.63,0,0,10,59,NEFT,Branch Terminal POS,Warangal,Telangana,17.961000000000002,79.5594,Self-Help Group (SHG) Pool Contribution,,10.5,low,0.38422470413914184,"[""Normal transaction parameters consistent with account baseline""]",completed,2026-09-14 13:36:00.000000,2026-09-16 18:32:55
855,TXN-100855,54,PAYMENT,2149.0,93455.48,91306.48,426564.51,428713.51,0,0,98,200,Micro-ATM,Branch Terminal POS,Pune,Maharashtra,18.5246,73.8602,Emergency Healthcare Advance,,34.4,low,0.46754453804413315,[],completed,2026-09-14 13:44:00.000000,2026-09-16 18:32:55
856,TXN-100856,54,TRANSFER,2484.2,62295.88,59811.68,51205.37,53689.57,0,0,61,2,IMPS,Mobile - Android (CoopPay App),Surat,Gujarat,21.151,72.8173,Tractor Equipment Finance,,5.3,low,0.3662998860484228,"[""Normal transaction parameters consistent with account baseline""]",completed,2026-09-14 13:39:00.000000,2026-09-16 18:32:55
857,TXN-100857,54,CASH_OUT,2400.96,30708.73,28307.77,38656.89,41057.85,0,0,113,87,Branch Cashier,Branch Terminal POS,Mumbai,Maharashtra,19.078500000000002,72.91080000000001,Micro-Savings Recurring Deposit,,37.5,medium,0.47843608748987243,[],completed,2026-09-14 13:36:00.000000,2026-09-16 18:32:55
858,TXN-100858,54,TRANSFER,479.53,28307.77,27828.24,42499.27,42978.8,0,0,113,47,RTGS,Branch Terminal POS,Mumbai,Maharashtra,19.078500000000002,72.91080000000001,Fertilizer & Seed Procurement,,49.1,medium,0.5187248792211644,[],completed,2026-09-14 13:34:00.000000,2026-09-16 18:32:55
859,TXN-100859,54,CASH_OUT,10232.05,1156.35,0.0,2661.94,12893.99,0,0,48,44,Branch Cashier,Branch Terminal POS,Kochi,Kerala,9.925600000000001,76.2737,Emergency Healthcare Advance,,48.8,medium,0.5179461930504105,[],completed,2026-09-14 13:32:00.000000,2026-09-16 18:32:55
860,TXN-100860,54,CASH_IN,23799.07,15000.0,38799.07,54608.24,78407.31,0,0,158,17,Branch Cashier,Branch Terminal POS,Jaipur,Rajasthan,26.8926,75.8154,Self-Help Group (SHG) Pool Contribution,,94.3,critical,0.6762962139001022,"[""Transaction amount represents 1280% of total recorded cooperative savings balance""]",frozen,2026-09-14 13:39:00.000000,2026-09-16 18:32:55
861,TXN-100861,54,DEBIT,808.81,84175.75,83366.94,91306.48,92115.29,0,0,72,98,Branch Cashier,Branch Terminal POS,Mysuru,Karnataka,12.3262,76.65549999999999,Self-Help Group (SHG) Pool Contribution,,16.4,low,0.4048444256998816,"[""Normal transaction parameters consistent with account baseline""]",completed,2026-09-14 13:34:00.000000,2026-09-16 18:32:55
862,TXN-100862,54,TRANSFER,3713.67,13278.68,9565.01,6187.66,9901.33,0,0,19,67,NEFT,Branch Terminal POS,Nagpur,Maharashtra,21.125600000000002,79.05330000000001,Self-Help Group (SHG) Pool Contribution,,16.1,low,0.4040438746431068,"[""Normal transaction parameters consistent with account baseline""]",completed,2026-09-14 13:43:00.000000,2026-09-16 18:32:55
863,TXN-100863,55,CASH_OUT,1913.0,40539.79,38626.79,64914.18,66827.18,0,0,95,76,Branch Cashier,Branch Terminal POS,Lucknow,Uttar Pradesh,26.885099999999998,80.9257,Member Share Capital Dividend,,16.8,low,0.40628643405443454,"[""Normal transaction parameters consistent with account baseline""]",completed,2026-09-14 13:55:00.000000,2026-09-16 18:32:55
864,TXN-100864,55,PAYMENT,5248.02,31915.14,26667.12,392317.08,397565.1,0,0,44,195,UPI,Mobile - Android (CoopPay App),Ahmedabad,Gujarat,23.0102,72.5943,Tractor Equipment Finance,,23.0,low,0.42808363539601557,"[""Normal transaction parameters consistent with account baseline""]",completed,2026-09-14 13:48:00.000000,2026-09-16 18:32:55
865,TXN-100865,55,PAYMENT,572.02,93026.91,92454.89,435662.52,436234.54,0,0,54,199,Micro-ATM,Branch Terminal POS,Madurai,Tamil Nadu,9.9328,78.1558,Fertilizer & Seed Procurement,,27.5,low,0.44358915812791566,"[""Normal transaction parameters consistent with account baseline""]",completed,2026-09-14 13:55:00.000000,2026-09-16 18:32:55
866,TXN-100866,55,TRANSFER,4872.54,0.0,0.0,55678.27,60550.81,0,0,48,15,IMPS,Mobile - Android (CoopPay App),Kochi,Kerala,9.925600000000001,76.2737,Self-Help Group (SHG) Pool Contribution,,35.5,medium,0.47149743984915243,[],completed,2026-09-14 13:56:00.000000,2026-09-16 18:32:55
867,TXN-100867,55,TRANSFER,19021.15,117121.5,98100.35,12893.99,31915.14,0,0,5,44,NEFT,Branch Terminal POS,Coimbatore,Tamil Nadu,11.0072,76.94449999999999,Dairy Cooperative Milk Payout,,9.5,low,0.3807679073026275,"[""Normal transaction parameters consistent with account baseline""]",completed,2026-09-14 13:53:00.000000,2026-09-16 18:32:55
868,TXN-100868,55,PAYMENT,3903.3,43584.53,39681.23,332349.5,336252.8,0,0,52,187,Micro-ATM,Branch Terminal POS,Chennai,Tamil Nadu,13.097700000000001,80.30210000000001,Self-Help Group (SHG) Pool Contribution,,19.1,low,0.41441405362361017,"[""Normal transaction parameters consistent with account baseline""]",completed,2026-09-14 13:57:00.000000,2026-09-16 18:32:55
869,TXN-100869,55,PAYMENT,1987.86,0.0,0.0,389182.28,391170.14,0,0,69,196,Micro-ATM,Branch Terminal POS,Coimbatore,Tamil Nadu,11.0334,76.9506,Self-Help Group (SHG) Pool Contribution,,41.7,medium,0.49317732948335546,[],completed,2026-09-14 13:52:00.000000,2026-09-16 18:32:55
870,TXN-100870,55,PAYMENT,1784.48,56642.19,54857.71,336252.8,338037.28,0,0,39,187,Micro-ATM,Branch Terminal POS,Bengaluru,Karnataka,13.0097,77.6195,Agricultural Crop Loan EMI,LON-78515,16.5,low,0.40529131342739716,"[""Normal transaction parameters consistent with account baseline""]",completed,2026-09-14 13:49:00.000000,2026-09-16 18:32:55
871,TXN-100871,55,PAYMENT,1233.98,59150.14,57916.16,398026.83,399260.81,0,0,103,194,UPI,Mobile - Android (CoopPay App),Bengaluru,Karnataka,12.9864,77.5776,Emergency Healthcare Advance,,11.9,low,0.3891658572504243,"[""Normal transaction parameters consistent with account baseline""]",completed,2026-09-14 13:46:00.000000,2026-09-16 18:32:55
872,TXN-100872,55,PAYMENT,1810.71,37744.09,35933.38,390506.37,392317.08,0,0,20,195,UPI,Mobile - Android (CoopPay App),Chennai,Tamil Nadu,13.099300000000001,80.2354,Agricultural Crop Loan EMI,LON-36201,16.8,low,0.4062851976662807,"[""Normal transaction parameters consistent with account baseline""]",completed,2026-09-14 13:47:00.000000,2026-09-16 18:32:55
873,TXN-100873,55,TRANSFER,30941.39,180288.08,149346.69,66970.26,97911.65,0,0,41,80,IMPS,Mobile - Android (CoopPay App),Hyderabad,Telangana,17.413700000000002,78.4645,Tractor Equipment Finance,,26.4,low,0.43981038702794123,"[""Normal transaction parameters consistent with account baseline""]",completed,2026-09-14 13:49:00.000000,2026-09-16 18:32:55
874,TXN-100874,55,TRANSFER,1387.96,42656.64,41268.68,65582.3,66970.26,0,0,18,80,NEFT,Branch Terminal POS,Pune,Maharashtra,18.5184,73.86070000000001,Fertilizer & Seed Procurement,,14.2,low,0.3973400104158025,"[""Normal transaction parameters consistent with account baseline""]",completed,2026-09-14 13:55:00.000000,2026-09-16 18:32:55
875,TXN-100875,55,CASH_OUT,1462.47,48036.98,46574.51,27008.43,28470.9,0,0,116,89,Branch Cashier,Branch Terminal POS,Chennai,Tamil Nadu,13.0614,80.23270000000001,Agricultural Crop Loan EMI,LON-48684,29.3,low,0.44976635671330484,"[""Normal transaction parameters consistent with account baseline""]",completed,2026-09-14 13:58:00.000000,2026-09-16 18:32:55
876,TXN-100876,55,CASH_IN,5474.52,15000.0,20474.52,28909.38,34383.9,0,0,186,34,Branch Cashier,Branch Terminal POS,Warangal,Telangana,17.931700000000003,79.5595,Self-Help Group (SHG) Pool Contribution,,64.5,high,0.5724185406873947,"[""Multi-dimensional behavioral anomaly flagged by Isolation Forest scoring engine""]",flagged,2026-09-14 13:48:00.000000,2026-09-16 18:32:55
877,TXN-100877,55,TRANSFER,1819.05,37900.79,36081.74,59811.68,61630.73,0,0,81,61,NEFT,Branch Terminal POS,Mumbai,Maharashtra,19.0993,72.8558,Solar Pump Subsidy Disbursal,,6.7,low,0.37124197957373417,"[""Normal transaction parameters consistent with account baseline""]",completed,2026-09-14 13:45:00.000000,2026-09-16 18:32:55
878,TXN-100878,56,CASH_OUT,3479.78,31103.85,27624.07,93454.72,96934.5,0,0,65,119,Branch Cashier,Branch Terminal POS,Mumbai,Maharashtra,19.098200000000002,72.8508,Self-Help Group (SHG) Pool Contribution,,15.9,low,0.403129239064904,"[""Normal transaction parameters consistent with account baseline""]",completed,2026-09-14 14:01:00.000000,2026-09-16 18:32:55
879,TXN-100879,56,PAYMENT,443.86,66193.12,65749.26,465008.05,465451.91,0,0,53,193,UPI,Mobile - Android (CoopPay App),Coimbatore,Tamil Nadu,10.9808,76.9357,Self-Help Group (SHG) Pool Contribution,,28.3,low,0.44654328586614467,"[""Normal transaction parameters consistent with account baseline""]",completed,2026-09-14 14:13:00.000000,2026-09-16 18:32:55
880,TXN-100880,56,TRANSFER,7940.17,61830.17,53890.0,41268.68,49208.85,0,0,94,18,IMPS,Mobile - Android (CoopPay App),Jaipur,Rajasthan,26.951800000000002,75.8203,Self-Help Group (SHG) Pool Contribution,,10.7,low,0.38501555320752445,"[""Normal transaction parameters consistent with account baseline""]",completed,2026-09-14 14:06:00.000000,2026-09-16 18:32:55
881,TXN-100881,56,PAYMENT,3145.44,59907.08,56761.64,465451.91,468597.35,0,0,85,193,Micro-ATM,Branch Terminal POS,Coimbatore,Tamil Nadu,11.0411,76.9316,Agricultural Crop Loan EMI,LON-60014,16.5,low,0.40544677160308734,"[""Normal transaction parameters consistent with account baseline""]",completed,2026-09-14 14:12:00.000000,2026-09-16 18:32:55
882,TXN-100882,56,TRANSFER,1286.23,9901.33,8615.1,99758.82,101045.05,0,0,67,42,RTGS,Branch Terminal POS,Nagpur,Maharashtra,21.1738,79.0962,Micro-Savings Recurring Deposit,,16.6,low,0.4056558571891339,"[""Normal transaction parameters consistent with account baseline""]",completed,2026-09-14 14:06:00.000000,2026-09-16 18:32:55
883,TXN-100883,56,TRANSFER,17279.75,93973.43,76693.68,90160.27,107440.02,0,0,90,3,UPI,Mobile - Android (CoopPay App),Warangal,Telangana,17.997500000000002,79.5805,Agricultural Crop Loan EMI,LON-42943,9.1,low,0.3795193926282931,"[""Normal transaction parameters consistent with account baseline""]",completed,2026-09-14 14:08:00.000000,2026-09-16 18:32:55
884,TXN-100884,56,TRANSFER,14190.09,70883.83,56693.74,43559.11,57749.2,0,0,88,74,RTGS,Branch Terminal POS,Mysuru,Karnataka,12.3215,76.6455,Member Share Capital Dividend,,13.1,low,0.39344216527903353,"[""Normal transaction parameters consistent with account baseline""]",completed,2026-09-14 14:03:00.000000,2026-09-16 18:32:55
885,TXN-100885,56,CASH_OUT,587.29,36081.74,35494.45,92660.12,93247.41,0,0,81,101,Branch Cashier,Branch Terminal POS,Mumbai,Maharashtra,19.0993,72.8558,Micro-Savings Recurring Deposit,,29.9,low,0.4520976762455842,"[""Normal transaction parameters consistent with account baseline""]",completed,2026-09-14 14:14:00.000000,2026-09-16 18:32:55
886,TXN-100886,56,TRANSFER,22801.05,108426.69,85625.64,37020.9,59821.95,0,0,108,106,IMPS,Mobile - Android (CoopPay App),Ahmedabad,Gujarat,23.0595,72.58659999999999,Member Share Capital Dividend,,13.0,low,0.3929911221773371,"[""Normal transaction parameters consistent with account baseline""]",completed,2026-09-14 14:12:00.000000,2026-09-16 18:32:55
887,TXN-100887,56,CASH_IN,6386.57,15000.0,21386.57,149346.69,155733.26,0,0,169,41,Branch Cashier,Branch Terminal POS,Hyderabad,Telangana,17.3749,78.4776,Solar Pump Subsidy Disbursal,,57.7,medium,0.548801208533162,"[""Multi-dimensional behavioral anomaly flagged by Isolation Forest scoring engine""]",completed,2026-09-14 14:04:00.000000,2026-09-16 18:32:55
888,TXN-100888,56,PAYMENT,556.06,42138.45,41582.39,398440.86,398996.92,0,0,117,195,UPI,Mobile - Android (CoopPay App),Coimbatore,Tamil Nadu,11.0496,76.94,Fertilizer & Seed Procurement,,23.1,low,0.4281680038379863,"[""Normal transaction parameters consistent with account baseline""]",completed,2026-09-14 14:02:00.000000,2026-09-16 18:32:55
889,TXN-100889,56,PAYMENT,875.76,116740.42,115864.66,397565.1,398440.86,0,0,75,195,UPI,Mobile - Android (CoopPay App),Delhi,Delhi,28.6858,77.0826,Emergency Healthcare Advance,,18.2,low,0.4112850923154745,"[""Normal transaction parameters consistent with account baseline""]",completed,2026-09-14 14:02:00.000000,2026-09-16 18:32:55
890,TXN-100890,56,TRANSFER,10029.56,53588.67,43559.11,52627.88,62657.44,0,0,74,7,RTGS,Branch Terminal POS,Warangal,Telangana,17.953400000000002,79.6006,Tractor Equipment Finance,,2.3,low,0.35594540060037255,"[""Normal transaction parameters consistent with account baseline""]",completed,2026-09-14 14:00:00.000000,2026-09-16 18:32:55
891,TXN-100891,56,TRANSFER,34520.32,41167.57,6647.25,35933.38,70453.7,0,0,57,20,NEFT,Branch Terminal POS,Hyderabad,Telangana,17.375600000000002,78.4589,Fertilizer & Seed Procurement,,25.3,low,0.43592308657395507,"[""Normal transaction parameters consistent with account baseline""]",completed,2026-09-14 14:08:00.000000,2026-09-16 18:32:55
892,TXN-100892,56,DEBIT,9428.72,61630.73,52202.01,42319.08,51747.8,0,0,61,96,Branch Cashier,Branch Terminal POS,Surat,Gujarat,21.151,72.8173,Tractor Equipment Finance,,13.0,low,0.3930805329274804,"[""Normal transaction parameters consistent with account baseline""]",completed,2026-09-14 14:02:00.000000,2026-09-16 18:32:55
893,TXN-100893,57,CASH_IN,20428.39,15000.0,35428.39,71713.76,92142.15,0,0,152,115,Branch Cashier,Branch Terminal POS,Mysuru,Karnataka,12.2912,76.6236,Micro-Savings Recurring Deposit,,52.1,medium,0.529349495073318,"[""Multi-dimensional behavioral anomaly flagged by Isolation Forest scoring engine""]",completed,2026-09-14 14:15:00.000000,2026-09-16 18:32:55
894,TXN-100894,57,CASH_OUT,7121.93,67297.9,60175.97,73466.27,80588.2,0,0,99,38,Branch Cashier,Branch Terminal POS,Nagpur,Maharashtra,21.1654,79.1046,Fertilizer & Seed Procurement,,41.8,medium,0.49351787156004334,[],completed,2026-09-14 14:22:00.000000,2026-09-16 18:32:55
895,TXN-100895,57,TRANSFER,5402.7,34395.69,28992.99,11440.68,16843.38,0,0,6,93,IMPS,Mobile - Android (CoopPay App),Madurai,Tamil Nadu,9.9087,78.1301,Micro-Savings Recurring Deposit,,10.8,low,0.38529859569539604,"[""Normal transaction parameters consistent with account baseline""]",completed,2026-09-14 14:15:00.000000,2026-09-16 18:32:55
896,TXN-100896,57,TRANSFER,791.53,50413.77,49622.24,76579.51,77371.04,0,0,11,58,UPI,Mobile - Android (CoopPay App),Delhi,Delhi,28.6853,77.0822,Tractor Equipment Finance,,18.9,low,0.41353907680705115,"[""Normal transaction parameters consistent with account baseline""]",completed,2026-09-14 14:24:00.000000,2026-09-16 18:32:55
897,TXN-100897,57,PAYMENT,3666.57,57749.2,54082.63,468597.35,472263.92,0,0,74,193,Micro-ATM,Branch Terminal POS,Warangal,Telangana,17.953400000000002,79.6006,Dairy Cooperative Milk Payout,,13.6,low,0.3950549473724366,"[""Normal transaction parameters consistent with account baseline""]",completed,2026-09-14 14:22:00.000000,2026-09-16 18:32:55
898,TXN-100898,57,TRANSFER,20451.9,31892.58,11440.68,92493.83,112945.73,0,0,93,16,NEFT,Branch Terminal POS,Surat,Gujarat,21.1399,72.869,Self-Help Group (SHG) Pool Contribution,,35.0,medium,0.4697837431040977,[],completed,2026-09-14 14:27:00.000000,2026-09-16 18:32:55
899,TXN-100899,57,TRANSFER,13845.61,83366.94,69521.33,54857.71,68703.32,0,0,72,39,IMPS,Mobile - Android (CoopPay App),Mysuru,Karnataka,12.3262,76.65549999999999,Self-Help Group (SHG) Pool Contribution,,15.1,low,0.40026729082141255,"[""Normal transaction parameters consistent with account baseline""]",completed,2026-09-14 14:18:00.000000,2026-09-16 18:32:55
900,TXN-100900,57,TRANSFER,2206.56,69504.46,67297.9,47187.87,49394.43,0,0,99,27,IMPS,Mobile - Android (CoopPay App),Nagpur,Maharashtra,21.1654,79.1046,Emergency Healthcare Advance,,32.5,low,0.46088703539730413,[],completed,2026-09-14 14:16:00.000000,2026-09-16 18:32:55
901,TXN-100901,57,TRANSFER,5840.09,28470.9,22630.81,81578.7,87418.79,0,0,89,62,RTGS,Branch Terminal POS,Hyderabad,Telangana,17.3958,78.486,Dairy Cooperative Milk Payout,,21.5,low,0.4228148700714085,"[""Normal transaction parameters consistent with account baseline""]",completed,2026-09-14 14:23:00.000000,2026-09-16 18:32:55
902,TXN-100902,57,CASH_IN,3195.68,15000.0,18195.68,82248.08,85443.76,0,0,140,25,Branch Cashier,Branch Terminal POS,Ahmedabad,Gujarat,22.9949,72.59179999999999,Member Share Capital Dividend,,68.3,high,0.5857853293959326,"[""Multi-dimensional behavioral anomaly flagged by Isolation Forest scoring engine""]",flagged,2026-09-14 14:20:00.000000,2026-09-16 18:32:55
903,TXN-100903,57,CASH_OUT,1101.58,22630.81,21529.23,155733.26,156834.84,0,0,89,41,Branch Cashier,Branch Terminal POS,Hyderabad,Telangana,17.3958,78.486,Member Share Capital Dividend,,41.7,medium,0.49311342629368654,[],completed,2026-09-14 14:29:00.000000,2026-09-16 18:32:55
904,TXN-100904,57,TRANSFER,3612.59,70604.68,66992.09,72945.06,76557.65,0,0,84,62,NEFT,Branch Terminal POS,Chennai,Tamil Nadu,13.045300000000001,80.25370000000001,Micro-Savings Recurring Deposit,,0.0,low,0.34781478297140395,"[""Normal transaction parameters consistent with account baseline""]",completed,2026-09-14 14:25:00.000000,2026-09-16 18:32:55
905,TXN-100905,57,PAYMENT,1717.83,33610.41,31892.58,436234.54,437952.37,0,0,93,199,Micro-ATM,Branch Terminal POS,Surat,Gujarat,21.1399,72.869,Member Share Capital Dividend,,45.3,medium,0.5056174538629666,[],completed,2026-09-14 14:20:00.000000,2026-09-16 18:32:55
906,TXN-100906,57,PAYMENT,1485.95,72031.13,70545.18,428713.51,430199.46,0,0,46,200,Micro-ATM,Branch Terminal POS,Jaipur,Rajasthan,26.8975,75.8151,Self-Help Group (SHG) Pool Contribution,,12.6,low,0.39167370233338317,"[""Normal transaction parameters consistent with account baseline""]",completed,2026-09-14 14:27:00.000000,2026-09-16 18:32:55
907,TXN-100907,57,TRANSFER,14473.73,87418.79,72945.06,57916.16,72389.89,0,0,62,103,UPI,Mobile - Android (CoopPay App),Jaipur,Rajasthan,26.91,75.80720000000001,Dairy Cooperative Milk Payout,,5.7,low,0.3676344465039314,"[""Normal transaction parameters consistent with account baseline""]",completed,2026-09-14 14:28:00.000000,2026-09-16 18:32:55
908,TXN-100908,58,DEBIT,2978.22,88381.68,85403.46,71895.21,74873.43,0,0,8,13,Branch Cashier,Branch Terminal POS,Mysuru,Karnataka,12.3119,76.6541,Micro-Savings Recurring Deposit,,5.8,low,0.36807202784327503,"[""Normal transaction parameters consistent with account baseline""]",completed,2026-09-14 14:40:00.000000,2026-09-16 18:32:55
909,TXN-100909,58,PAYMENT,1715.48,76557.65,74842.17,437952.37,439667.85,0,0,62,199,UPI,Mobile - Android (CoopPay App),Jaipur,Rajasthan,26.91,75.80720000000001,Member Share Capital Dividend,,18.9,low,0.4135105021916359,"[""Normal transaction parameters consistent with account baseline""]",completed,2026-09-14 14:37:00.000000,2026-09-16 18:32:55
910,TXN-100910,58,TRANSFER,11517.46,43666.18,32148.72,71634.76,83152.22,0,0,37,84,NEFT,Branch Terminal POS,Coimbatore,Tamil Nadu,10.9857,76.9914,Emergency Healthcare Advance,,8.7,low,0.378126349051672,"[""Normal transaction parameters consistent with account baseline""]",completed,2026-09-14 14:30:00.000000,2026-09-16 18:32:55
911,TXN-100911,58,PAYMENT,2139.86,83152.22,81012.36,399249.06,401388.92,0,0,84,195,UPI,Mobile - Android (CoopPay App),Chennai,Tamil Nadu,13.045300000000001,80.25370000000001,Emergency Healthcare Advance,,15.0,low,0.3999920025376577,"[""Normal transaction parameters consistent with account baseline""]",completed,2026-09-14 14:44:00.000000,2026-09-16 18:32:55
912,TXN-100912,58,DEBIT,4457.86,19260.55,14802.69,51487.31,55945.17,0,0,120,61,Branch Cashier,Branch Terminal POS,Mysuru,Karnataka,12.2584,76.62899999999999,Self-Help Group (SHG) Pool Contribution,,5.5,low,0.36693538375904744,"[""Normal transaction parameters consistent with account baseline""]",completed,2026-09-14 14:34:00.000000,2026-09-16 18:32:55
913,TXN-100913,58,TRANSFER,12583.79,49208.85,36625.06,69521.33,82105.12,0,0,18,72,NEFT,Branch Terminal POS,Pune,Maharashtra,18.5184,73.86070000000001,Agricultural Crop Loan EMI,LON-77746,11.3,low,0.3870778331621743,"[""Normal transaction parameters consistent with account baseline""]",completed,2026-09-14 14:41:00.000000,2026-09-16 18:32:55
914,TXN-100914,58,TRANSFER,4642.67,96934.5,92291.83,66992.09,71634.76,0,0,119,84,NEFT,Branch Terminal POS,Bengaluru,Karnataka,12.9786,77.6127,Self-Help Group (SHG) Pool Contribution,,1.7,low,0.3535639171863558,"[""Normal transaction parameters consistent with account baseline""]",completed,2026-09-14 14:43:00.000000,2026-09-16 18:32:55
915,TXN-100915,58,PAYMENT,547.65,103492.35,102944.7,338037.28,338584.93,0,0,29,187,Micro-ATM,Branch Terminal POS,Surat,Gujarat,21.1842,72.80990000000001,Solar Pump Subsidy Disbursal,,24.1,low,0.43162579531006084,"[""Normal transaction parameters consistent with account baseline""]",completed,2026-09-14 14:42:00.000000,2026-09-16 18:32:55
916,TXN-100916,58,TRANSFER,8554.16,67337.72,58783.56,97911.65,106465.81,0,0,35,80,NEFT,Branch Terminal POS,Nagpur,Maharashtra,21.174,79.0886,Member Share Capital Dividend,,23.6,low,0.4301194848920412,"[""Normal transaction parameters consistent with account baseline""]",completed,2026-09-14 14:30:00.000000,2026-09-16 18:32:55
917,TXN-100917,58,PAYMENT,1332.88,38626.79,37293.91,517794.89,519127.77,0,0,95,190,UPI,Mobile - Android (CoopPay App),Lucknow,Uttar Pradesh,26.885099999999998,80.9257,Dairy Cooperative Milk Payout,,15.8,low,0.40302249136145707,"[""Normal transaction parameters consistent with account baseline""]",completed,2026-09-14 14:35:00.000000,2026-09-16 18:32:55
918,TXN-100918,58,PAYMENT,252.14,62657.44,62405.3,398996.92,399249.06,0,0,7,195,UPI,Mobile - Android (CoopPay App),Bengaluru,Karnataka,13.0009,77.585,Dairy Cooperative Milk Payout,,47.4,medium,0.5129703614619885,[],completed,2026-09-14 14:32:00.000000,2026-09-16 18:32:55
919,TXN-100919,58,TRANSFER,714.7,52202.01,51487.31,41003.86,41718.56,0,0,61,100,IMPS,Mobile - Android (CoopPay App),Surat,Gujarat,21.151,72.8173,Emergency Healthcare Advance,,16.5,low,0.4052229509036683,"[""Normal transaction parameters consistent with account baseline""]",completed,2026-09-14 14:33:00.000000,2026-09-16 18:32:55
920,TXN-100920,58,TRANSFER,7672.86,79568.07,71895.21,16843.38,24516.24,0,0,13,93,UPI,Mobile - Android (CoopPay App),Surat,Gujarat,21.161,72.8388,Member Share Capital Dividend,,5.1,low,0.36541129568438774,"[""Normal transaction parameters consistent with account baseline""]",completed,2026-09-14 14:43:00.000000,2026-09-16 18:32:55
921,TXN-100921,58,TRANSFER,3231.03,97468.81,94237.78,135377.56,138608.59,0,0,28,70,RTGS,Branch Terminal POS,Ahmedabad,Gujarat,22.9871,72.57809999999999,Dairy Cooperative Milk Payout,,7.7,low,0.374721540984014,"[""Normal transaction parameters consistent with account baseline""]",completed,2026-09-14 14:38:00.000000,2026-09-16 18:32:55
922,TXN-100922,58,DEBIT,2155.02,69492.74,67337.72,78569.53,80724.55,0,0,35,91,Branch Cashier,Branch Terminal POS,Nagpur,Maharashtra,21.174,79.0886,Fertilizer & Seed Procurement,,25.9,low,0.4380833364151355,"[""Normal transaction parameters consistent with account baseline""]",completed,2026-09-14 14:41:00.000000,2026-09-16 18:32:55
923,TXN-100923,59,PAYMENT,2252.04,138608.59,136356.55,472171.14,474423.18,0,0,70,201,Micro-ATM,Branch Terminal POS,Madurai,Tamil Nadu,9.9517,78.0867,Micro-Savings Recurring Deposit,,12.2,low,0.3904686142890319,"[""Normal transaction parameters consistent with account baseline""]",completed,2026-09-14 14:45:00.000000,2026-09-16 18:32:55
924,TXN-100924,59,DEBIT,7609.18,36625.06,29015.88,55945.17,63554.35,0,0,18,61,Branch Cashier,Branch Terminal POS,Pune,Maharashtra,18.5184,73.86070000000001,Dairy Cooperative Milk Payout,,12.2,low,0.3903489799818715,"[""Normal transaction parameters consistent with account baseline""]",completed,2026-09-14 14:45:00.000000,2026-09-16 18:32:55
925,TXN-100925,59,TRANSFER,9281.93,39769.62,30487.69,44740.89,54022.82,0,0,43,60,UPI,Mobile - Android (CoopPay App),Delhi,Delhi,28.6906,77.0647,Fertilizer & Seed Procurement,,22.5,low,0.4263445936382937,"[""Normal transaction parameters consistent with account baseline""]",completed,2026-09-14 14:46:00.000000,2026-09-16 18:32:55
926,TXN-100926,59,TRANSFER,6465.59,58783.56,52317.97,60550.81,67016.4,0,0,35,15,NEFT,Branch Terminal POS,Nagpur,Maharashtra,21.174,79.0886,Self-Help Group (SHG) Pool Contribution,,5.3,low,0.36632311017382735,"[""Normal transaction parameters consistent with account baseline""]",completed,2026-09-14 14:57:00.000000,2026-09-16 18:32:55
927,TXN-100927,59,TRANSFER,1322.51,0.0,0.0,97444.49,98767.0,0,0,83,24,IMPS,Mobile - Android (CoopPay App),Nagpur,Maharashtra,21.125,79.0924,Tractor Equipment Finance,,37.6,medium,0.4788049067602528,[],completed,2026-09-14 14:46:00.000000,2026-09-16 18:32:55
928,TXN-100928,59,CASH_OUT,14029.05,53689.57,39660.52,72389.89,86418.94,0,0,2,103,Branch Cashier,Branch Terminal POS,Pune,Maharashtra,18.487399999999997,73.8505,Emergency Healthcare Advance,,19.8,low,0.41686630115465795,"[""Normal transaction parameters consistent with account baseline""]",completed,2026-09-14 14:51:00.000000,2026-09-16 18:32:55
929,TXN-100929,59,TRANSFER,11991.56,51761.18,39769.62,81012.36,93003.92,0,0,43,84,RTGS,Branch Terminal POS,Delhi,Delhi,28.6906,77.0647,Emergency Healthcare Advance,,24.4,low,0.43268256546268086,"[""Normal transaction parameters consistent with account baseline""]",completed,2026-09-14 14:52:00.000000,2026-09-16 18:32:55
930,TXN-100930,59,DEBIT,2219.21,41582.39,39363.18,92454.89,94674.1,0,0,117,54,Branch Cashier,Branch Terminal POS,Coimbatore,Tamil Nadu,11.0496,76.94,Agricultural Crop Loan EMI,LON-61052,7.4,low,0.3734424558809088,"[""Normal transaction parameters consistent with account baseline""]",completed,2026-09-14 14:50:00.000000,2026-09-16 18:32:55
931,TXN-100931,59,CASH_OUT,13907.92,27828.24,13920.32,92291.83,106199.75,0,0,113,119,Branch Cashier,Branch Terminal POS,Mumbai,Maharashtra,19.078500000000002,72.91080000000001,Dairy Cooperative Milk Payout,,49.9,medium,0.5217640682122026,[],completed,2026-09-14 14:55:00.000000,2026-09-16 18:32:55
932,TXN-100932,59,CASH_IN,20138.22,15000.0,35138.22,103721.96,123860.18,0,0,161,5,Branch Cashier,Branch Terminal POS,Mumbai,Maharashtra,19.0607,72.91380000000001,Agricultural Crop Loan EMI,LON-94072,68.8,high,0.5873036561645318,"[""Multi-dimensional behavioral anomaly flagged by Isolation Forest scoring engine""]",flagged,2026-09-14 14:53:00.000000,2026-09-16 18:32:55
933,TXN-100933,59,PAYMENT,2033.68,93247.41,91213.73,467819.42,469853.1,0,0,101,201,UPI,Mobile - Android (CoopPay App),Coimbatore,Tamil Nadu,11.0096,76.9682,Agricultural Crop Loan EMI,LON-19514,13.0,low,0.39316994633597574,"[""Normal transaction parameters consistent with account baseline""]",completed,2026-09-14 14:56:00.000000,2026-09-16 18:32:55
934,TXN-100934,59,CASH_IN,21413.96,15000.0,36413.96,51747.8,73161.76,0,0,142,96,Branch Cashier,Branch Terminal POS,Jaipur,Rajasthan,26.919900000000002,75.7895,Self-Help Group (SHG) Pool Contribution,,70.0,high,0.5917022564046616,"[""Transaction amount represents 221% of total recorded cooperative savings balance""]",flagged,2026-09-14 14:50:00.000000,2026-09-16 18:32:55
935,TXN-100935,59,TRANSFER,13327.53,13920.32,592.79,68703.32,82030.85,0,0,113,39,NEFT,Branch Terminal POS,Mumbai,Maharashtra,19.078500000000002,72.91080000000001,Tractor Equipment Finance,,36.1,medium,0.4735652493615304,"[""Rapid near-complete balance drainage detected (\u20b913,920 \u2192 \u20b9593)""]",completed,2026-09-14 14:46:00.000000,2026-09-16 18:32:55
936,TXN-100936,59,PAYMENT,2318.04,130564.67,128246.63,469853.1,472171.14,0,0,73,201,UPI,Mobile - Android (CoopPay App),Hyderabad,Telangana,17.405700000000003,78.50189999999999,Tractor Equipment Finance,,19.7,low,0.4165080775189402,"[""Normal transaction parameters consistent with account baseline""]",completed,2026-09-14 14:54:00.000000,2026-09-16 18:32:55
937,TXN-100937,59,CASH_OUT,5621.61,37293.91,31672.3,98100.35,103721.96,0,0,95,5,Branch Cashier,Branch Terminal POS,Lucknow,Uttar Pradesh,26.885099999999998,80.9257,Solar Pump Subsidy Disbursal,,18.4,low,0.4118282173914934,"[""Normal transaction parameters consistent with account baseline""]",completed,2026-09-14 14:57:00.000000,2026-09-16 18:32:55
938,TXN-100938,60,PAYMENT,3798.11,80588.2,76790.09,439667.85,443465.96,0,0,38,199,Micro-ATM,Branch Terminal POS,Madurai,Tamil Nadu,9.9571,78.0966,Agricultural Crop Loan EMI,LON-72126,24.5,low,0.43315288352367093,"[""Normal transaction parameters consistent with account baseline""]",completed,2026-09-14 15:06:00.000000,2026-09-16 18:32:55
939,TXN-100939,60,PAYMENT,111.53,42978.8,42867.27,338584.93,338696.46,0,0,47,187,UPI,Mobile - Android (CoopPay App),Lucknow,Uttar Pradesh,26.8599,80.93650000000001,Fertilizer & Seed Procurement,,62.8,high,0.5665439847680958,"[""Multi-dimensional behavioral anomaly flagged by Isolation Forest scoring engine""]",flagged,2026-09-14 15:02:00.000000,2026-09-16 18:32:55
940,TXN-100940,60,TRANSFER,4803.27,54082.63,49279.36,56761.64,61564.91,0,0,74,85,RTGS,Branch Terminal POS,Warangal,Telangana,17.953400000000002,79.6006,Self-Help Group (SHG) Pool Contribution,,3.0,low,0.35829191678536065,"[""Normal transaction parameters consistent with account baseline""]",completed,2026-09-14 15:11:00.000000,2026-09-16 18:32:55
941,TXN-100941,60,TRANSFER,2399.13,7893.37,5494.24,103090.31,105489.44,0,0,86,40,IMPS,Mobile - Android (CoopPay App),Madurai,Tamil Nadu,9.9589,78.11489999999999,Tractor Equipment Finance,,6.1,low,0.36916962008005916,"[""Normal transaction parameters consistent with account baseline""]",completed,2026-09-14 15:04:00.000000,2026-09-16 18:32:55
942,TXN-100942,60,TRANSFER,6436.94,84767.53,78330.59,58051.62,64488.56,0,0,21,66,NEFT,Branch Terminal POS,Coimbatore,Tamil Nadu,11.0199,76.9737,Agricultural Crop Loan EMI,LON-82551,5.0,low,0.36524090654573854,"[""Normal transaction parameters consistent with account baseline""]",completed,2026-09-14 15:10:00.000000,2026-09-16 18:32:55
943,TXN-100943,60,TRANSFER,6694.58,60175.97,53481.39,112945.73,119640.31,0,0,99,16,IMPS,Mobile - Android (CoopPay App),Nagpur,Maharashtra,21.1654,79.1046,Dairy Cooperative Milk Payout,,6.4,low,0.37013062393165697,"[""Normal transaction parameters consistent with account baseline""]",completed,2026-09-14 15:13:00.000000,2026-09-16 18:32:55
944,TXN-100944,60,DEBIT,26025.56,106199.75,80174.19,80724.55,106750.11,0,0,119,91,Branch Cashier,Branch Terminal POS,Bengaluru,Karnataka,12.9786,77.6127,Agricultural Crop Loan EMI,LON-85067,19.9,low,0.41698001343155805,"[""Normal transaction parameters consistent with account baseline""]",completed,2026-09-14 15:00:00.000000,2026-09-16 18:32:55
945,TXN-100945,60,TRANSFER,392.94,85443.76,85050.82,26073.04,26465.98,0,0,25,111,RTGS,Branch Terminal POS,Hyderabad,Telangana,17.422500000000003,78.5208,Self-Help Group (SHG) Pool Contribution,,34.9,low,0.46954734515600705,[],completed,2026-09-14 15:09:00.000000,2026-09-16 18:32:55
946,TXN-100946,60,DEBIT,11559.71,68693.03,57133.32,44052.84,55612.55,0,0,82,107,Branch Cashier,Branch Terminal POS,Pune,Maharashtra,18.5259,73.8215,Dairy Cooperative Milk Payout,,9.6,low,0.38120460814201096,"[""Normal transaction parameters consistent with account baseline""]",completed,2026-09-14 15:08:00.000000,2026-09-16 18:32:55
947,TXN-100947,60,PAYMENT,348.34,126684.41,126336.07,102537.8,102886.14,0,0,55,188,UPI,Mobile - Android (CoopPay App),Bengaluru,Karnataka,12.991100000000001,77.5926,Micro-Savings Recurring Deposit,,25.2,low,0.4354989791706751,"[""Normal transaction parameters consistent with account baseline""]",completed,2026-09-14 15:04:00.000000,2026-09-16 18:32:55
948,TXN-100948,60,PAYMENT,834.66,39681.23,38846.57,351457.55,352292.21,0,0,52,189,Micro-ATM,Branch Terminal POS,Chennai,Tamil Nadu,13.097700000000001,80.30210000000001,Self-Help Group (SHG) Pool Contribution,,16.2,low,0.404126298737203,"[""Normal transaction parameters consistent with account baseline""]",completed,2026-09-14 15:03:00.000000,2026-09-16 18:32:55
949,TXN-100949,60,PAYMENT,2549.19,29015.88,26466.69,474423.18,476972.37,0,0,18,201,UPI,Mobile - Android (CoopPay App),Pune,Maharashtra,18.5184,73.86070000000001,Fertilizer & Seed Procurement,,19.9,low,0.4171559300602523,"[""Normal transaction parameters consistent with account baseline""]",completed,2026-09-14 15:02:00.000000,2026-09-16 18:32:55
950,TXN-100950,60,TRANSFER,1339.18,75243.19,73904.01,57259.72,58598.9,0,0,32,51,NEFT,Branch Terminal POS,Kochi,Kerala,9.9083,76.2485,Member Share Capital Dividend,,7.5,low,0.37389822301140824,"[""Normal transaction parameters consistent with account baseline""]",completed,2026-09-14 15:03:00.000000,2026-09-16 18:32:55
951,TXN-100951,60,TRANSFER,11273.19,93658.69,82385.5,91013.93,102287.12,0,0,31,36,IMPS,Mobile - Android (CoopPay App),Lucknow,Uttar Pradesh,26.8307,80.9315,Agricultural Crop Loan EMI,LON-81939,9.7,low,0.38163861675718075,"[""Normal transaction parameters consistent with account baseline""]",completed,2026-09-14 15:01:00.000000,2026-09-16 18:32:55
952,TXN-100952,60,TRANSFER,11799.84,30487.69,18687.85,53890.0,65689.84,0,0,43,94,UPI,Mobile - Android (CoopPay App),Delhi,Delhi,28.6906,77.0647,Tractor Equipment Finance,,5.2,low,0.36575977558656475,"[""Normal transaction parameters consistent with account baseline""]",completed,2026-09-14 15:07:00.000000,2026-09-16 18:32:55
953,TXN-100953,60,TRANSFER,91873.13,75243.32,0.0,149881.1,241754.23,1,0,102,3,UPI,Mobile - Android (CoopPay App),Madurai,Tamil Nadu,9.9372,78.14789999999999,Tractor Equipment Finance,,65.8,high,0.576877272917358,"[""Transaction amount represents 150% of total recorded cooperative savings balance"", ""Rapid near-complete balance drainage detected (\u20b975,243 \u2192 \u20b90)""]",flagged,2026-09-14 15:10:00.000000,2026-09-16 18:32:55
954,TXN-100954,61,PAYMENT,1909.25,0.0,0.0,519127.77,521037.02,0,0,48,190,UPI,Mobile - Android (CoopPay App),Kochi,Kerala,9.925600000000001,76.2737,Solar Pump Subsidy Disbursal,,39.4,medium,0.4851290904516119,[],completed,2026-09-14 15:16:00.000000,2026-09-16 18:32:55
955,TXN-100955,61,CASH_OUT,2919.31,49491.32,46572.01,51443.47,54362.78,0,0,112,68,Branch Cashier,Branch Terminal POS,Kochi,Kerala,9.8984,76.2509,Micro-Savings Recurring Deposit,,17.4,low,0.40853521358282957,"[""Normal transaction parameters consistent with account baseline""]",completed,2026-09-14 15:20:00.000000,2026-09-16 18:32:55
956,TXN-100956,61,CASH_OUT,9504.16,63554.35,54050.19,30081.73,39585.89,0,0,61,104,Branch Cashier,Branch Terminal POS,Surat,Gujarat,21.151,72.8173,Member Share Capital Dividend,,27.2,low,0.44246867701475706,"[""Normal transaction parameters consistent with account baseline""]",completed,2026-09-14 15:17:00.000000,2026-09-16 18:32:55
957,TXN-100957,61,CASH_OUT,5265.36,5494.24,228.88,53481.39,58746.75,0,0,86,99,Branch Cashier,Branch Terminal POS,Madurai,Tamil Nadu,9.9589,78.11489999999999,Tractor Equipment Finance,,19.4,low,0.4154146209549335,"[""Rapid near-complete balance drainage detected (\u20b95,494 \u2192 \u20b9229)""]",completed,2026-09-14 15:16:00.000000,2026-09-16 18:32:55
958,TXN-100958,61,TRANSFER,18193.65,27624.07,9430.42,136356.55,154550.2,0,0,65,70,UPI,Mobile - Android (CoopPay App),Mumbai,Maharashtra,19.098200000000002,72.8508,Member Share Capital Dividend,,17.5,low,0.40877717803156677,"[""Normal transaction parameters consistent with account baseline""]",completed,2026-09-14 15:24:00.000000,2026-09-16 18:32:55
959,TXN-100959,61,TRANSFER,656.61,8615.1,7958.49,21529.23,22185.84,0,0,67,89,RTGS,Branch Terminal POS,Nagpur,Maharashtra,21.1738,79.0962,Solar Pump Subsidy Disbursal,,29.8,low,0.4517713973319994,"[""Normal transaction parameters consistent with account baseline""]",completed,2026-09-14 15:20:00.000000,2026-09-16 18:32:55
960,TXN-100960,61,TRANSFER,7768.51,70453.7,62685.19,26465.98,34234.49,0,0,20,111,NEFT,Branch Terminal POS,Chennai,Tamil Nadu,13.099300000000001,80.2354,Fertilizer & Seed Procurement,,1.9,low,0.35432609616504473,"[""Normal transaction parameters consistent with account baseline""]",completed,2026-09-14 15:20:00.000000,2026-09-16 18:32:55
961,TXN-100961,61,DEBIT,2155.46,57133.32,54977.86,76790.09,78945.55,0,0,82,38,Branch Cashier,Branch Terminal POS,Pune,Maharashtra,18.5259,73.8215,Micro-Savings Recurring Deposit,,5.8,low,0.3680800184604441,"[""Normal transaction parameters consistent with account baseline""]",completed,2026-09-14 15:24:00.000000,2026-09-16 18:32:55
962,TXN-100962,61,CASH_OUT,902.99,85403.46,84500.47,39363.18,40266.17,0,0,8,117,Branch Cashier,Branch Terminal POS,Mysuru,Karnataka,12.3119,76.6541,Micro-Savings Recurring Deposit,,25.2,low,0.4356956860282322,"[""Normal transaction parameters consistent with account baseline""]",completed,2026-09-14 15:27:00.000000,2026-09-16 18:32:55
963,TXN-100963,61,CASH_IN,19716.29,15000.0,34716.29,73161.76,92878.05,0,0,154,96,Branch Cashier,Branch Terminal POS,Warangal,Telangana,17.9753,79.6304,Fertilizer & Seed Procurement,,57.3,medium,0.5475174250203005,"[""Multi-dimensional behavioral anomaly flagged by Isolation Forest scoring engine""]",completed,2026-09-14 15:21:00.000000,2026-09-16 18:32:55
964,TXN-100964,61,PAYMENT,1497.69,26466.69,24969.0,399260.81,400758.5,0,0,18,194,Micro-ATM,Branch Terminal POS,Pune,Maharashtra,18.5184,73.86070000000001,Member Share Capital Dividend,,16.1,low,0.40380116923726656,"[""Normal transaction parameters consistent with account baseline""]",completed,2026-09-14 15:15:00.000000,2026-09-16 18:32:55
965,TXN-100965,61,TRANSFER,91873.13,241754.23,149881.1,0.0,91873.13,1,0,3,49,IMPS,Mobile - Android (CoopPay App),Nagpur,Maharashtra,21.1217,79.1002,Emergency Healthcare Advance,,44.6,medium,0.5033185472276779,"[""Transaction amount represents 222% of total recorded cooperative savings balance""]",completed,2026-09-14 15:27:00.000000,2026-09-16 18:32:55
966,TXN-100966,61,PAYMENT,6033.92,73904.01,67870.09,391170.14,397204.06,0,0,32,196,Micro-ATM,Branch Terminal POS,Kochi,Kerala,9.9083,76.2485,Fertilizer & Seed Procurement,,24.3,low,0.43255048185842554,"[""Normal transaction parameters consistent with account baseline""]",completed,2026-09-14 15:19:00.000000,2026-09-16 18:32:55
967,TXN-100967,61,DEBIT,17676.3,64235.12,46558.82,119640.31,137316.61,0,0,10,16,Branch Cashier,Branch Terminal POS,Warangal,Telangana,17.961000000000002,79.5594,Micro-Savings Recurring Deposit,,31.0,low,0.4559245798726635,"[""Transaction amount represents 163% of total recorded cooperative savings balance""]",completed,2026-09-14 15:25:00.000000,2026-09-16 18:32:55
968,TXN-100968,61,PAYMENT,1902.45,77371.04,75468.59,317155.12,319057.57,0,0,58,192,Micro-ATM,Branch Terminal POS,Warangal,Telangana,17.9339,79.6207,Solar Pump Subsidy Disbursal,,8.8,low,0.3785843501964177,"[""Normal transaction parameters consistent with account baseline""]",completed,2026-09-14 15:29:00.000000,2026-09-16 18:32:55
969,TXN-100969,61,CASH_OUT,935.46,94674.1,93738.64,10477.49,11412.95,0,0,54,118,Branch Cashier,Branch Terminal POS,Madurai,Tamil Nadu,9.9328,78.1558,Micro-Savings Recurring Deposit,,25.9,low,0.43802428846274055,"[""Normal transaction parameters consistent with account baseline""]",completed,2026-09-14 15:22:00.000000,2026-09-16 18:32:55
970,TXN-100970,62,TRANSFER,653.22,39585.89,38932.67,78407.31,79060.53,0,0,104,17,NEFT,Branch Terminal POS,Mysuru,Karnataka,12.3281,76.6031,Solar Pump Subsidy Disbursal,,45.1,medium,0.5048394901480178,[],completed,2026-09-14 15:42:00.000000,2026-09-16 18:32:55
971,TXN-100971,62,CASH_OUT,2527.34,49394.43,46867.09,42326.29,44853.63,0,0,27,64,Branch Cashier,Branch Terminal POS,Delhi,Delhi,28.717,77.10140000000001,Dairy Cooperative Milk Payout,,20.6,low,0.41948694890263627,"[""Normal transaction parameters consistent with account baseline""]",completed,2026-09-14 15:38:00.000000,2026-09-16 18:32:55
972,TXN-100972,62,DEBIT,8205.34,52439.58,44234.24,22361.63,30566.97,0,0,12,59,Branch Cashier,Branch Terminal POS,Ahmedabad,Gujarat,23.022000000000002,72.5919,Dairy Cooperative Milk Payout,,5.2,low,0.365876729556853,"[""Normal transaction parameters consistent with account baseline""]",completed,2026-09-14 15:32:00.000000,2026-09-16 18:32:55
973,TXN-100973,62,CASH_IN,1530.97,15000.0,16530.97,0.0,1530.97,0,0,156,48,Branch Cashier,Branch Terminal POS,Ahmedabad,Gujarat,23.0618,72.5733,Tractor Equipment Finance,,74.7,high,0.6081281898090541,"[""Multi-dimensional behavioral anomaly flagged by Isolation Forest scoring engine""]",flagged,2026-09-14 15:43:00.000000,2026-09-16 18:32:55
974,TXN-100974,62,PAYMENT,144.81,65689.84,65545.03,472263.92,472408.73,0,0,94,193,UPI,Mobile - Android (CoopPay App),Jaipur,Rajasthan,26.951800000000002,75.8203,Self-Help Group (SHG) Pool Contribution,,60.8,high,0.559554943242543,"[""Multi-dimensional behavioral anomaly flagged by Isolation Forest scoring engine""]",flagged,2026-09-14 15:43:00.000000,2026-09-16 18:32:55
975,TXN-100975,62,PAYMENT,6345.7,47495.61,41149.91,338696.46,345042.16,0,0,9,187,Micro-ATM,Branch Terminal POS,Hyderabad,Telangana,17.375400000000003,78.5259,Dairy Cooperative Milk Payout,,22.4,low,0.4257777281420417,"[""Normal transaction parameters consistent with account baseline""]",completed,2026-09-14 15:33:00.000000,2026-09-16 18:32:55
976,TXN-100976,62,DEBIT,9201.87,14802.69,5600.82,54050.19,63252.06,0,0,120,61,Branch Cashier,Branch Terminal POS,Mysuru,Karnataka,12.2584,76.62899999999999,Dairy Cooperative Milk Payout,,9.5,low,0.3808139757605705,"[""Normal transaction parameters consistent with account baseline""]",completed,2026-09-14 15:41:00.000000,2026-09-16 18:32:55
977,TXN-100977,62,TRANSFER,1105.85,123860.18,122754.33,85050.82,86156.67,0,0,5,25,UPI,Mobile - Android (CoopPay App),Coimbatore,Tamil Nadu,11.0072,76.94449999999999,Self-Help Group (SHG) Pool Contribution,,10.2,low,0.3833988004772669,"[""Normal transaction parameters consistent with account baseline""]",completed,2026-09-14 15:44:00.000000,2026-09-16 18:32:55
978,TXN-100978,62,TRANSFER,9429.39,58746.75,49317.36,0.0,9429.39,0,0,99,83,UPI,Mobile - Android (CoopPay App),Nagpur,Maharashtra,21.1654,79.1046,Emergency Healthcare Advance,,11.0,low,0.38628620852826145,"[""Normal transaction parameters consistent with account baseline""]",completed,2026-09-14 15:40:00.000000,2026-09-16 18:32:55
979,TXN-100979,62,PAYMENT,864.04,84500.47,83636.43,240895.82,241759.86,0,0,8,197,UPI,Mobile - Android (CoopPay App),Mysuru,Karnataka,12.3119,76.6541,Agricultural Crop Loan EMI,LON-82298,18.3,low,0.41169315960970443,"[""Normal transaction parameters consistent with account baseline""]",completed,2026-09-14 15:42:00.000000,2026-09-16 18:32:55
980,TXN-100980,62,TRANSFER,5872.43,64488.56,58616.13,49279.36,55151.79,0,0,66,74,RTGS,Branch Terminal POS,Pune,Maharashtra,18.5121,73.8739,Fertilizer & Seed Procurement,,2.0,low,0.35481002485314733,"[""Normal transaction parameters consistent with account baseline""]",completed,2026-09-14 15:34:00.000000,2026-09-16 18:32:55
981,TXN-100981,62,TRANSFER,504.34,58598.9,58094.56,76530.11,77034.45,0,0,51,1,RTGS,Branch Terminal POS,Nagpur,Maharashtra,21.142200000000003,79.1191,Member Share Capital Dividend,,23.9,low,0.43107865428144326,"[""Normal transaction parameters consistent with account baseline""]",completed,2026-09-14 15:35:00.000000,2026-09-16 18:32:55
982,TXN-100982,62,TRANSFER,6504.98,38932.67,32427.69,107440.02,113945.0,0,0,104,3,NEFT,Branch Terminal POS,Mysuru,Karnataka,12.3281,76.6031,Fertilizer & Seed Procurement,,27.1,low,0.4422934564903123,"[""Normal transaction parameters consistent with account baseline""]",completed,2026-09-14 15:44:00.000000,2026-09-16 18:32:55
983,TXN-100983,62,TRANSFER,23796.26,28992.99,5196.73,106750.11,130546.37,0,0,6,91,UPI,Mobile - Android (CoopPay App),Madurai,Tamil Nadu,9.9087,78.1301,Emergency Healthcare Advance,,27.3,low,0.44278496496177333,"[""Normal transaction parameters consistent with account baseline""]",completed,2026-09-14 15:37:00.000000,2026-09-16 18:32:55
984,TXN-100984,62,TRANSFER,13538.73,92878.05,79339.32,46558.82,60097.55,0,0,96,10,UPI,Mobile - Android (CoopPay App),Kochi,Kerala,9.9603,76.24940000000001,Member Share Capital Dividend,,12.2,low,0.3902298483729956,"[""Normal transaction parameters consistent with account baseline""]",completed,2026-09-14 15:35:00.000000,2026-09-16 18:32:55
985,TXN-100985,62,TRANSFER,91873.13,91873.13,0.0,0.0,91873.13,1,0,49,102,IMPS,Mobile - Android (CoopPay App),Mumbai,Maharashtra,19.073900000000002,72.9098,Self-Help Group (SHG) Pool Contribution,,63.3,high,0.5682079842175426,"[""Transaction amount represents 220% of total recorded cooperative savings balance"", ""Rapid near-complete balance drainage detected (\u20b991,873 \u2192 \u20b90)""]",flagged,2026-09-14 15:43:00.000000,2026-09-16 18:32:55
986,TXN-100986,63,DEBIT,7673.61,93003.92,85330.31,137316.61,144990.22,0,0,84,16,Branch Cashier,Branch Terminal POS,Chennai,Tamil Nadu,13.045300000000001,80.25370000000001,Solar Pump Subsidy Disbursal,,5.7,low,0.3676324021128176,"[""Normal transaction parameters consistent with account baseline""]",completed,2026-09-14 15:47:00.000000,2026-09-16 18:32:55
987,TXN-100987,63,TRANSFER,4559.47,29731.45,25171.98,22185.84,26745.31,0,0,49,89,IMPS,Mobile - Android (CoopPay App),Mumbai,Maharashtra,19.073900000000002,72.9098,Fertilizer & Seed Procurement,,9.5,low,0.3809257574414412,"[""Normal transaction parameters consistent with account baseline""]",completed,2026-09-14 15:47:00.000000,2026-09-16 18:32:55
988,TXN-100988,63,DEBIT,2741.41,75468.59,72727.18,11412.95,14154.36,0,0,58,118,Branch Cashier,Branch Terminal POS,Warangal,Telangana,17.9339,79.6207,Solar Pump Subsidy Disbursal,,5.0,low,0.36508010421384735,"[""Normal transaction parameters consistent with account baseline""]",completed,2026-09-14 15:56:00.000000,2026-09-16 18:32:55
989,TXN-100989,63,DEBIT,7616.47,38801.21,31184.74,82385.5,90001.97,0,0,114,31,Branch Cashier,Branch Terminal POS,Pune,Maharashtra,18.517899999999997,73.8227,Agricultural Crop Loan EMI,LON-38681,5.0,low,0.3653189510634597,"[""Normal transaction parameters consistent with account baseline""]",completed,2026-09-14 15:50:00.000000,2026-09-16 18:32:55
990,TXN-100990,63,PAYMENT,254.75,93738.64,93483.89,476972.37,477227.12,0,0,54,201,Micro-ATM,Branch Terminal POS,Madurai,Tamil Nadu,9.9328,78.1558,Member Share Capital Dividend,,37.6,medium,0.4788351600698136,[],completed,2026-09-14 15:57:00.000000,2026-09-16 18:32:55
991,TXN-100991,63,TRANSFER,1821.42,67016.4,65194.98,228.88,2050.3,0,0,15,86,NEFT,Branch Terminal POS,Lucknow,Uttar Pradesh,26.847299999999997,80.91470000000001,Micro-Savings Recurring Deposit,,16.0,low,0.40341082026232844,"[""Normal transaction parameters consistent with account baseline""]",completed,2026-09-14 15:46:00.000000,2026-09-16 18:32:55
992,TXN-100992,63,TRANSFER,1361.4,59821.95,58460.55,30566.97,31928.37,0,0,106,59,UPI,Mobile - Android (CoopPay App),Warangal,Telangana,17.9785,79.57339999999999,Member Share Capital Dividend,,7.0,low,0.3723011077816819,"[""Normal transaction parameters consistent with account baseline""]",completed,2026-09-14 15:48:00.000000,2026-09-16 18:32:55
993,TXN-100993,63,TRANSFER,10494.81,73889.38,63394.57,86156.67,96651.48,0,0,45,25,NEFT,Branch Terminal POS,Surat,Gujarat,21.130300000000002,72.86510000000001,Emergency Healthcare Advance,,3.6,low,0.3602118248357931,"[""Normal transaction parameters consistent with account baseline""]",completed,2026-09-14 15:53:00.000000,2026-09-16 18:32:55
994,TXN-100994,63,DEBIT,9764.42,61564.91,51800.49,24969.0,34733.42,0,0,85,18,Branch Cashier,Branch Terminal POS,Coimbatore,Tamil Nadu,11.0411,76.9316,Solar Pump Subsidy Disbursal,,15.3,low,0.40097910756991867,"[""Normal transaction parameters consistent with account baseline""]",completed,2026-09-14 15:52:00.000000,2026-09-16 18:32:55
995,TXN-100995,63,TRANSFER,2277.99,54362.78,52084.79,102944.7,105222.69,0,0,68,29,UPI,Mobile - Android (CoopPay App),Chennai,Tamil Nadu,13.083200000000001,80.25800000000001,Agricultural Crop Loan EMI,LON-95003,2.2,low,0.3555773581354812,"[""Normal transaction parameters consistent with account baseline""]",completed,2026-09-14 15:59:00.000000,2026-09-16 18:32:55
996,TXN-100996,63,TRANSFER,38234.94,55612.55,17377.61,113945.0,152179.94,0,0,107,3,UPI,Mobile - Android (CoopPay App),Delhi,Delhi,28.736,77.09970000000001,Self-Help Group (SHG) Pool Contribution,,34.3,low,0.46724627472613184,[],completed,2026-09-14 15:50:00.000000,2026-09-16 18:32:55
997,TXN-100997,63,CASH_IN,11701.66,15000.0,26701.66,36862.22,48563.88,0,0,157,23,Branch Cashier,Branch Terminal POS,Surat,Gujarat,21.1845,72.79530000000001,Tractor Equipment Finance,,51.1,medium,0.5258204841241778,"[""Multi-dimensional behavioral anomaly flagged by Isolation Forest scoring engine""]",completed,2026-09-14 15:55:00.000000,2026-09-16 18:32:55
998,TXN-100998,63,TRANSFER,4102.35,154550.2,150447.85,25171.98,29274.33,0,0,70,49,NEFT,Branch Terminal POS,Madurai,Tamil Nadu,9.9517,78.0867,Self-Help Group (SHG) Pool Contribution,,1.8,low,0.3540745534833025,"[""Normal transaction parameters consistent with account baseline""]",completed,2026-09-14 15:58:00.000000,2026-09-16 18:32:55
999,TXN-100999,63,PAYMENT,1099.8,82030.85,80931.05,212205.55,213305.35,0,0,39,198,UPI,Mobile - Android (CoopPay App),Bengaluru,Karnataka,13.0097,77.6195,Emergency Healthcare Advance,,16.3,low,0.40469104455254756,"[""Normal transaction parameters consistent with account baseline""]",completed,2026-09-14 15:54:00.000000,2026-09-16 18:32:55
1000,TXN-101000,63,DEBIT,7890.36,5600.82,0.0,92115.29,100005.65,0,0,120,98,Branch Cashier,Branch Terminal POS,Mysuru,Karnataka,12.2584,76.62899999999999,Emergency Healthcare Advance,,54.4,medium,0.5371682490552613,"[""Rapid near-complete balance drainage detected (\u20b95,601 \u2192 \u20b90)""]",completed,2026-09-14 15:55:00.000000,2026-09-16 18:32:55
1001,TXN-101001,64,TRANSFER,60156.42,77195.9,17039.48,22835.18,82991.6,1,0,51,93,UPI,Mobile - Android (CoopPay App),Nagpur,Maharashtra,21.142200000000003,79.1191,Self-Help Group (SHG) Pool Contribution,,40.7,medium,0.4897184135606366,"[""Transaction amount represents 215% of total recorded cooperative savings balance""]",completed,2026-09-14 16:05:00.000000,2026-09-16 18:32:55
1002,TXN-101002,64,CASH_OUT,18891.19,34234.49,15343.3,34733.42,53624.61,0,0,111,18,Branch Cashier,Branch Terminal POS,Lucknow,Uttar Pradesh,26.8219,80.9263,Emergency Healthcare Advance,,43.8,medium,0.5004504025292499,[],completed,2026-09-14 16:04:00.000000,2026-09-16 18:32:55
1003,TXN-101003,64,PAYMENT,1012.28,156834.84,155822.56,444585.16,445597.44,0,0,41,199,UPI,Mobile - Android (CoopPay App),Hyderabad,Telangana,17.413700000000002,78.4645,Self-Help Group (SHG) Pool Contribution,,27.4,low,0.44339688301355784,"[""Normal transaction parameters consistent with account baseline""]",completed,2026-09-14 16:14:00.000000,2026-09-16 18:32:55
1004,TXN-101004,64,DEBIT,6814.17,0.0,0.0,55151.79,61965.96,0,0,105,74,Branch Cashier,Branch Terminal POS,Hyderabad,Telangana,17.387500000000003,78.492,Micro-Savings Recurring Deposit,,33.3,low,0.46388447849245296,[],completed,2026-09-14 16:06:00.000000,2026-09-16 18:32:55
1005,TXN-101005,64,CASH_IN,11073.46,15000.0,26073.46,9430.42,20503.88,0,0,134,65,Branch Cashier,Branch Terminal POS,Madurai,Tamil Nadu,9.9116,78.0896,Micro-Savings Recurring Deposit,,62.4,high,0.5653394764329875,"[""Multi-dimensional behavioral anomaly flagged by Isolation Forest scoring engine""]",flagged,2026-09-14 16:13:00.000000,2026-09-16 18:32:55
1006,TXN-101006,64,TRANSFER,63006.82,114878.69,51871.87,141147.23,204154.05,1,0,4,93,RTGS,Branch Terminal POS,Chennai,Tamil Nadu,13.1034,80.24350000000001,Agricultural Crop Loan EMI,LON-75776,27.1,low,0.44218935965640815,"[""Transaction amount represents 152% of total recorded cooperative savings balance"", ""Unusual lump-sum cooperative loan disbursement pattern (Agricultural Crop Loan EMI)""]",completed,2026-09-14 16:07:00.000000,2026-09-16 18:32:55
1007,TXN-101007,64,TRANSFER,7108.17,46867.09,39758.92,111972.63,119080.8,0,0,27,78,IMPS,Mobile - Android (CoopPay App),Delhi,Delhi,28.717,77.10140000000001,Solar Pump Subsidy Disbursal,,11.7,low,0.3884349436415791,"[""Normal transaction parameters consistent with account baseline""]",completed,2026-09-14 16:14:00.000000,2026-09-16 18:32:55
1008,TXN-101008,64,TRANSFER,2274.71,122754.33,120479.62,56693.74,58968.45,0,0,5,88,IMPS,Mobile - Android (CoopPay App),Coimbatore,Tamil Nadu,11.0072,76.94449999999999,Dairy Cooperative Milk Payout,,2.2,low,0.35541733506326545,"[""Normal transaction parameters consistent with account baseline""]",completed,2026-09-14 16:02:00.000000,2026-09-16 18:32:55
1009,TXN-101009,64,TRANSFER,1264.47,31672.3,30407.83,6647.25,7911.72,0,0,95,57,NEFT,Branch Terminal POS,Lucknow,Uttar Pradesh,26.885099999999998,80.9257,Member Share Capital Dividend,,7.4,low,0.37356659632619815,"[""Normal transaction parameters consistent with account baseline""]",completed,2026-09-14 16:08:00.000000,2026-09-16 18:32:55
1010,TXN-101010,64,DEBIT,19785.5,130546.37,110760.87,67870.09,87655.59,0,0,91,32,Branch Cashier,Branch Terminal POS,Delhi,Delhi,28.6893,77.08840000000001,Fertilizer & Seed Procurement,,21.0,low,0.42094384943579405,"[""Normal transaction parameters consistent with account baseline""]",completed,2026-09-14 16:02:00.000000,2026-09-16 18:32:55
1011,TXN-101011,64,PAYMENT,531.39,35494.45,34963.06,401388.92,401920.31,0,0,81,195,Micro-ATM,Branch Terminal POS,Mumbai,Maharashtra,19.0993,72.8558,Dairy Cooperative Milk Payout,,27.1,low,0.44215667527256836,"[""Normal transaction parameters consistent with account baseline""]",completed,2026-09-14 16:02:00.000000,2026-09-16 18:32:55
1012,TXN-101012,64,CASH_OUT,1898.49,592.79,0.0,48563.88,50462.37,0,0,113,23,Branch Cashier,Branch Terminal POS,Mumbai,Maharashtra,19.078500000000002,72.91080000000001,Member Share Capital Dividend,,39.1,medium,0.48405403443346373,[],completed,2026-09-14 16:10:00.000000,2026-09-16 18:32:55
1013,TXN-101013,64,TRANSFER,14794.14,102287.12,87492.98,16731.75,31525.89,0,0,36,77,NEFT,Branch Terminal POS,Chennai,Tamil Nadu,13.1044,80.2817,Dairy Cooperative Milk Payout,,4.1,low,0.36195853673428535,"[""Normal transaction parameters consistent with account baseline""]",completed,2026-09-14 16:06:00.000000,2026-09-16 18:32:55
1014,TXN-101014,64,TRANSFER,3622.28,7958.49,4336.21,53861.54,57483.82,0,0,67,39,RTGS,Branch Terminal POS,Nagpur,Maharashtra,21.1738,79.0962,Solar Pump Subsidy Disbursal,,15.8,low,0.4030195928848349,"[""Normal transaction parameters consistent with account baseline""]",completed,2026-09-14 16:07:00.000000,2026-09-16 18:32:55
1015,TXN-101015,64,DEBIT,27069.51,80931.05,53861.54,2050.3,29119.81,0,0,39,86,Branch Cashier,Branch Terminal POS,Bengaluru,Karnataka,13.0097,77.6195,Fertilizer & Seed Procurement,,47.9,medium,0.514547109958099,[],completed,2026-09-14 16:03:00.000000,2026-09-16 18:32:55
1016,TXN-101016,64,CASH_OUT,2283.26,41057.85,38774.59,90001.97,92285.23,0,0,87,31,Branch Cashier,Branch Terminal POS,Bengaluru,Karnataka,12.990400000000001,77.6029,Emergency Healthcare Advance,,19.5,low,0.4157980315117523,"[""Normal transaction parameters consistent with account baseline""]",completed,2026-09-14 16:10:00.000000,2026-09-16 18:32:55
1017,TXN-101017,64,PAYMENT,1119.2,93272.74,92153.54,443465.96,444585.16,0,0,30,199,UPI,Mobile - Android (CoopPay App),Jaipur,Rajasthan,26.9142,75.8221,Agricultural Crop Loan EMI,LON-26762,17.7,low,0.4093701330150203,"[""Normal transaction parameters consistent with account baseline""]",completed,2026-09-14 16:00:00.000000,2026-09-16 18:32:55
1018,TXN-101018,65,TRANSFER,58155.63,40830.38,0.0,82991.6,141147.23,1,0,64,93,IMPS,Mobile - Android (CoopPay App),Kochi,Kerala,9.936300000000001,76.24470000000001,Fertilizer & Seed Procurement,,74.5,high,0.6072500547264648,"[""Rapid near-complete balance drainage detected (\u20b940,830 \u2192 \u20b90)""]",flagged,2026-09-14 16:24:00.000000,2026-09-16 18:32:55
1019,TXN-101019,65,TRANSFER,12309.06,69548.66,57239.6,85330.31,97639.37,0,0,33,84,UPI,Mobile - Android (CoopPay App),Mumbai,Maharashtra,19.102700000000002,72.894,Fertilizer & Seed Procurement,,24.8,low,0.4342176454213241,"[""Normal transaction parameters consistent with account baseline""]",completed,2026-09-14 16:25:00.000000,2026-09-16 18:32:55
1020,TXN-101020,65,CASH_OUT,22612.54,92285.23,69672.69,105489.44,128101.98,0,0,31,40,Branch Cashier,Branch Terminal POS,Lucknow,Uttar Pradesh,26.8307,80.9315,Fertilizer & Seed Procurement,,46.7,medium,0.5105077524515654,[],completed,2026-09-14 16:15:00.000000,2026-09-16 18:32:55
1021,TXN-101021,65,PAYMENT,1998.27,9429.39,7431.12,445597.44,447595.71,0,0,83,199,UPI,Mobile - Android (CoopPay App),Nagpur,Maharashtra,21.125,79.0924,Self-Help Group (SHG) Pool Contribution,,20.3,low,0.4185961921066581,"[""Normal transaction parameters consistent with account baseline""]",completed,2026-09-14 16:19:00.000000,2026-09-16 18:32:55
1022,TXN-101022,65,TRANSFER,49382.14,35731.84,0.0,204154.05,253536.19,1,0,49,93,UPI,Mobile - Android (CoopPay App),Mumbai,Maharashtra,19.073900000000002,72.9098,Tractor Equipment Finance,,75.7,high,0.6113613753079663,"[""Rapid near-complete balance drainage detected (\u20b935,732 \u2192 \u20b90)""]",flagged,2026-09-14 16:21:00.000000,2026-09-16 18:32:55
1023,TXN-101023,65,TRANSFER,1114.51,17377.61,16263.1,52317.97,53432.48,0,0,107,35,IMPS,Mobile - Android (CoopPay App),Delhi,Delhi,28.736,77.09970000000001,Solar Pump Subsidy Disbursal,,14.0,low,0.3966084060081719,"[""Normal transaction parameters consistent with account baseline""]",completed,2026-09-14 16:16:00.000000,2026-09-16 18:32:55
1024,TXN-101024,65,PAYMENT,159.52,42459.63,42300.11,397204.06,397363.58,0,0,49,196,Micro-ATM,Branch Terminal POS,Mumbai,Maharashtra,19.073900000000002,72.9098,Solar Pump Subsidy Disbursal,,71.2,high,0.5958249793769372,"[""Multi-dimensional behavioral anomaly flagged by Isolation Forest scoring engine""]",flagged,2026-09-14 16:24:00.000000,2026-09-16 18:32:55
1025,TXN-101025,65,TRANSFER,9779.0,48896.75,39117.75,87655.59,97434.59,0,0,68,32,IMPS,Mobile - Android (CoopPay App),Chennai,Tamil Nadu,13.083200000000001,80.25800000000001,Emergency Healthcare Advance,,27.7,low,0.4441855394056088,"[""Normal transaction parameters consistent with account baseline""]",completed,2026-09-14 16:17:00.000000,2026-09-16 18:32:55
1026,TXN-101026,65,TRANSFER,80437.23,25140.18,0.0,203936.3,284373.53,1,1,120,60,IMPS,Mobile - Android (CoopPay App),Mysuru,Karnataka,12.2584,76.62899999999999,Fertilizer & Seed Procurement,,81.2,critical,0.6307491337872572,"[""Transaction amount represents 404% of total recorded cooperative savings balance"", ""Rapid near-complete balance drainage detected (\u20b925,140 \u2192 \u20b90)""]",flagged,2026-09-14 16:24:00.000000,2026-09-16 18:32:55
1027,TXN-101027,65,TRANSFER,86303.38,58702.66,0.0,33531.52,119834.9,1,1,7,60,NEFT,Branch Terminal POS,Bengaluru,Karnataka,13.0009,77.585,Fertilizer & Seed Procurement,,68.5,high,0.5863113287902298,"[""Transaction amount represents 243% of total recorded cooperative savings balance"", ""Rapid near-complete balance drainage detected (\u20b958,703 \u2192 \u20b90)""]",flagged,2026-09-14 16:24:00.000000,2026-09-16 18:32:55
1028,TXN-101028,65,CASH_IN,19638.32,15000.0,34638.32,52563.96,72202.28,0,0,183,53,Branch Cashier,Branch Terminal POS,Bengaluru,Karnataka,12.975200000000001,77.5803,Micro-Savings Recurring Deposit,,53.6,medium,0.5344876469454531,"[""Multi-dimensional behavioral anomaly flagged by Isolation Forest scoring engine""]",completed,2026-09-14 16:26:00.000000,2026-09-16 18:32:55
1029,TXN-101029,65,DEBIT,9504.05,49622.24,40118.19,35543.16,45047.21,0,0,11,110,Branch Cashier,Branch Terminal POS,Delhi,Delhi,28.6853,77.0822,Solar Pump Subsidy Disbursal,,24.3,low,0.4325106681248569,"[""Normal transaction parameters consistent with account baseline""]",completed,2026-09-14 16:29:00.000000,2026-09-16 18:32:55
1030,TXN-101030,65,TRANSFER,6596.58,1530.97,0.0,65545.03,72141.61,0,0,48,94,UPI,Mobile - Android (CoopPay App),Kochi,Kerala,9.925600000000001,76.2737,Member Share Capital Dividend,,26.9,low,0.4414380384350121,"[""Normal transaction parameters consistent with account baseline""]",completed,2026-09-14 16:24:00.000000,2026-09-16 18:32:55
1031,TXN-101031,65,DEBIT,13392.96,54022.82,40629.86,128246.63,141639.59,0,0,60,73,Branch Cashier,Branch Terminal POS,Ahmedabad,Gujarat,23.0094,72.5857,Emergency Healthcare Advance,,13.5,low,0.39478834770494187,"[""Normal transaction parameters consistent with account baseline""]",completed,2026-09-14 16:21:00.000000,2026-09-16 18:32:55
1032,TXN-101032,65,CASH_OUT,1533.88,37077.04,35543.16,32427.69,33961.57,0,0,110,104,Branch Cashier,Branch Terminal POS,Jaipur,Rajasthan,26.934700000000003,75.8252,Dairy Cooperative Milk Payout,,28.5,low,0.44717202355711877,"[""Normal transaction parameters consistent with account baseline""]",completed,2026-09-14 16:17:00.000000,2026-09-16 18:32:55
1033,TXN-101033,65,TRANSFER,405.59,44853.63,44448.04,63394.57,63800.16,0,0,64,45,IMPS,Mobile - Android (CoopPay App),Kochi,Kerala,9.936300000000001,76.24470000000001,Self-Help Group (SHG) Pool Contribution,,48.2,medium,0.5158851426228781,[],completed,2026-09-14 16:15:00.000000,2026-09-16 18:32:55
1034,TXN-101034,65,TRANSFER,13185.3,65749.26,52563.96,29274.33,42459.63,0,0,53,49,RTGS,Branch Terminal POS,Coimbatore,Tamil Nadu,10.9808,76.9357,Fertilizer & Seed Procurement,,4.8,low,0.364418816289624,"[""Normal transaction parameters consistent with account baseline""]",completed,2026-09-14 16:28:00.000000,2026-09-16 18:32:55
1035,TXN-101035,65,CASH_OUT,4366.2,98767.0,94400.8,74842.17,79208.37,0,0,24,62,Branch Cashier,Branch Terminal POS,Mysuru,Karnataka,12.2928,76.6694,Dairy Cooperative Milk Payout,,17.7,low,0.4095903059807547,"[""Normal transaction parameters consistent with account baseline""]",completed,2026-09-14 16:24:00.000000,2026-09-16 18:32:55
1036,TXN-101036,65,TRANSFER,3188.04,52084.79,48896.75,93483.89,96671.93,0,0,68,54,RTGS,Branch Terminal POS,Chennai,Tamil Nadu,13.083200000000001,80.25800000000001,Agricultural Crop Loan EMI,LON-79655,23.2,low,0.4286399717716666,"[""Normal transaction parameters consistent with account baseline""]",completed,2026-09-14 16:17:00.000000,2026-09-16 18:32:55
1037,TXN-101037,66,PAYMENT,2966.09,29119.81,26153.72,400758.5,403724.59,0,0,86,194,UPI,Mobile - Android (CoopPay App),Madurai,Tamil Nadu,9.9589,78.11489999999999,Dairy Cooperative Milk Payout,,11.8,low,0.38903362241677814,"[""Normal transaction parameters consistent with account baseline""]",completed,2026-09-14 16:38:00.000000,2026-09-16 18:32:55
1038,TXN-101038,66,DEBIT,3857.26,79208.37,75351.11,110760.87,114618.13,0,0,62,91,Branch Cashier,Branch Terminal POS,Jaipur,Rajasthan,26.91,75.80720000000001,Fertilizer & Seed Procurement,,7.8,low,0.3749443030829648,"[""Normal transaction parameters consistent with account baseline""]",completed,2026-09-14 16:37:00.000000,2026-09-16 18:32:55
1039,TXN-101039,66,CASH_OUT,1654.7,119080.8,117426.1,58094.56,59749.26,0,0,78,51,Branch Cashier,Branch Terminal POS,Jaipur,Rajasthan,26.9234,75.8075,Self-Help Group (SHG) Pool Contribution,,17.0,low,0.4071895654023655,"[""Normal transaction parameters consistent with account baseline""]",completed,2026-09-14 16:44:00.000000,2026-09-16 18:32:55
1040,TXN-101040,66,DEBIT,16686.49,5196.73,0.0,66483.54,83170.03,0,0,6,26,Branch Cashier,Branch Terminal POS,Madurai,Tamil Nadu,9.9087,78.1301,Agricultural Crop Loan EMI,LON-98940,68.0,high,0.584587276172024,"[""Rapid near-complete balance drainage detected (\u20b95,197 \u2192 \u20b90)""]",flagged,2026-09-14 16:43:00.000000,2026-09-16 18:32:55
1041,TXN-101041,66,PAYMENT,768.86,30948.49,30179.63,430199.46,430968.32,0,0,93,200,Micro-ATM,Branch Terminal POS,Surat,Gujarat,21.1399,72.869,Self-Help Group (SHG) Pool Contribution,,43.0,medium,0.4977531828753846,[],completed,2026-09-14 16:40:00.000000,2026-09-16 18:32:55
1042,TXN-101042,66,PAYMENT,2975.15,44448.04,41472.89,447595.71,450570.86,0,0,64,199,Micro-ATM,Branch Terminal POS,Kochi,Kerala,9.936300000000001,76.24470000000001,Agricultural Crop Loan EMI,LON-79444,22.5,low,0.4261406081378842,"[""Normal transaction parameters consistent with account baseline""]",completed,2026-09-14 16:36:00.000000,2026-09-16 18:32:55
1043,TXN-101043,66,PAYMENT,1669.97,0.0,0.0,151360.96,153030.93,0,0,69,191,UPI,Mobile - Android (CoopPay App),Coimbatore,Tamil Nadu,11.0334,76.9506,Solar Pump Subsidy Disbursal,,40.5,medium,0.48899410807531535,[],completed,2026-09-14 16:36:00.000000,2026-09-16 18:32:55
1044,TXN-101044,66,TRANSFER,46808.02,100493.42,53685.4,284373.53,331181.55,1,0,75,60,RTGS,Branch Terminal POS,Delhi,Delhi,28.6858,77.0826,Micro-Savings Recurring Deposit,,28.6,low,0.4473489595962803,"[""Normal transaction parameters consistent with account baseline""]",completed,2026-09-14 16:42:00.000000,2026-09-16 18:32:55
1045,TXN-101045,66,TRANSFER,631.36,41718.56,41087.2,40629.86,41261.22,0,0,100,60,UPI,Mobile - Android (CoopPay App),Chennai,Tamil Nadu,13.119900000000001,80.2573,Emergency Healthcare Advance,,15.4,low,0.4014603285836897,"[""Normal transaction parameters consistent with account baseline""]",completed,2026-09-14 16:39:00.000000,2026-09-16 18:32:55
1046,TXN-101046,66,TRANSFER,84101.4,22726.31,0.0,119834.9,203936.3,1,1,22,60,NEFT,Branch Terminal POS,Madurai,Tamil Nadu,9.9379,78.1081,Solar Pump Subsidy Disbursal,,81.4,critical,0.6315146043786045,"[""Transaction amount represents 414% of total recorded cooperative savings balance"", ""Rapid near-complete balance drainage detected (\u20b922,726 \u2192 \u20b90)""]",flagged,2026-09-14 16:32:00.000000,2026-09-16 18:32:55
1047,TXN-101047,66,CASH_IN,3815.4,15000.0,18815.4,57483.82,61299.22,0,0,121,39,Branch Cashier,Branch Terminal POS,Hyderabad,Telangana,17.4171,78.4983,Member Share Capital Dividend,,66.9,high,0.5810111047266664,"[""Multi-dimensional behavioral anomaly flagged by Isolation Forest scoring engine""]",flagged,2026-09-14 16:42:00.000000,2026-09-16 18:32:55
1048,TXN-101048,66,DEBIT,1069.33,94237.78,93168.45,79339.32,80408.65,0,0,28,96,Branch Cashier,Branch Terminal POS,Ahmedabad,Gujarat,22.9871,72.57809999999999,Dairy Cooperative Milk Payout,,12.2,low,0.39044196024427896,"[""Normal transaction parameters consistent with account baseline""]",completed,2026-09-14 16:44:00.000000,2026-09-16 18:32:55
1049,TXN-101049,66,CASH_OUT,6432.25,86418.94,79986.69,24516.24,30948.49,0,0,103,93,Branch Cashier,Branch Terminal POS,Bengaluru,Karnataka,12.9864,77.5776,Self-Help Group (SHG) Pool Contribution,,17.2,low,0.40758049499621346,"[""Normal transaction parameters consistent with account baseline""]",completed,2026-09-14 16:34:00.000000,2026-09-16 18:32:55
1050,TXN-101050,66,TRANSFER,2236.66,34383.9,32147.24,31184.74,33421.4,0,0,34,114,NEFT,Branch Terminal POS,Pune,Maharashtra,18.5016,73.8879,Member Share Capital Dividend,,7.5,low,0.37386855423810966,"[""Normal transaction parameters consistent with account baseline""]",completed,2026-09-14 16:36:00.000000,2026-09-16 18:32:55
1051,TXN-101051,66,CASH_OUT,7720.36,144990.22,137269.86,100005.65,107726.01,0,0,16,98,Branch Cashier,Branch Terminal POS,Kochi,Kerala,9.952200000000001,76.27050000000001,Agricultural Crop Loan EMI,LON-85757,16.7,low,0.40586224350067857,"[""Normal transaction parameters consistent with account baseline""]",completed,2026-09-14 16:30:00.000000,2026-09-16 18:32:55
1052,TXN-101052,66,TRANSFER,4597.09,14154.36,9557.27,101045.05,105642.14,0,0,118,42,UPI,Mobile - Android (CoopPay App),Madurai,Tamil Nadu,9.893,78.1508,Self-Help Group (SHG) Pool Contribution,,6.0,low,0.3687463517519402,"[""Normal transaction parameters consistent with account baseline""]",completed,2026-09-14 16:38:00.000000,2026-09-16 18:32:55
1053,TXN-101053,66,TRANSFER,240859.38,253536.19,12676.81,80425.46,321284.84,1,1,93,24,RTGS,Branch Terminal POS,Surat,Gujarat,21.1399,72.869,Member Share Capital Dividend,,100.0,critical,0.6961589001370467,"[""Transaction amount represents 786% of total recorded cooperative savings balance"", ""Instant high-value outbound settlement via RTGS""]",blocked,2026-09-14 16:30:00.000000,2026-09-16 18:32:55
1054,TXN-101054,66,DEBIT,4469.58,39758.92,35289.34,26667.12,31136.7,0,0,27,44,Branch Cashier,Branch Terminal POS,Delhi,Delhi,28.717,77.10140000000001,Micro-Savings Recurring Deposit,,10.5,low,0.38436656330126273,"[""Normal transaction parameters consistent with account baseline""]",completed,2026-09-14 16:41:00.000000,2026-09-16 18:32:55
1055,TXN-101055,67,PAYMENT,598.84,33421.4,32822.56,243997.15,244595.99,0,0,114,197,Micro-ATM,Branch Terminal POS,Pune,Maharashtra,18.517899999999997,73.8227,Dairy Cooperative Milk Payout,,22.8,low,0.42730531921087517,"[""Normal transaction parameters consistent with account baseline""]",completed,2026-09-14 16:51:00.000000,2026-09-16 18:32:55
1056,TXN-101056,67,PAYMENT,299.54,150447.85,150148.31,477227.12,477526.66,0,0,70,201,Micro-ATM,Branch Terminal POS,Madurai,Tamil Nadu,9.9517,78.0867,Tractor Equipment Finance,,38.0,medium,0.4802651603019962,[],completed,2026-09-14 16:47:00.000000,2026-09-16 18:32:55
1057,TXN-101057,67,TRANSFER,12985.42,31136.7,18151.28,16263.1,29248.52,0,0,44,107,RTGS,Branch Terminal POS,Ahmedabad,Gujarat,23.0102,72.5943,Micro-Savings Recurring Deposit,,8.7,low,0.37821861850988003,"[""Normal transaction parameters consistent with account baseline""]",completed,2026-09-14 16:49:00.000000,2026-09-16 18:32:55
1058,TXN-101058,67,CASH_IN,19716.42,15000.0,34716.42,48264.93,67981.35,0,0,173,63,Branch Cashier,Branch Terminal POS,Surat,Gujarat,21.166800000000002,72.80000000000001,Tractor Equipment Finance,,55.1,medium,0.5397696115874608,"[""Multi-dimensional behavioral anomaly flagged by Isolation Forest scoring engine""]",completed,2026-09-14 16:54:00.000000,2026-09-16 18:32:55
1059,TXN-101059,67,TRANSFER,3439.55,152179.94,148740.39,66827.18,70266.73,0,0,3,76,RTGS,Branch Terminal POS,Nagpur,Maharashtra,21.1217,79.1002,Member Share Capital Dividend,,17.1,low,0.4073982263989166,"[""Normal transaction parameters consistent with account baseline""]",completed,2026-09-14 16:55:00.000000,2026-09-16 18:32:55
1060,TXN-101060,67,TRANSFER,6156.22,62685.19,56528.97,69672.69,75828.91,0,0,20,31,RTGS,Branch Terminal POS,Chennai,Tamil Nadu,13.099300000000001,80.2354,Fertilizer & Seed Procurement,,1.5,low,0.3531358349472733,"[""Normal transaction parameters consistent with account baseline""]",completed,2026-09-14 16:51:00.000000,2026-09-16 18:32:55
1061,TXN-101061,67,TRANSFER,688.83,15343.3,14654.47,9565.01,10253.84,0,0,111,19,RTGS,Branch Terminal POS,Lucknow,Uttar Pradesh,26.8219,80.9263,Tractor Equipment Finance,,20.1,low,0.4176729539600674,"[""Normal transaction parameters consistent with account baseline""]",completed,2026-09-14 16:50:00.000000,2026-09-16 18:32:55
1062,TXN-101062,67,DEBIT,4147.93,155822.56,151674.63,42300.11,46448.04,0,0,41,49,Branch Cashier,Branch Terminal POS,Hyderabad,Telangana,17.413700000000002,78.4645,Micro-Savings Recurring Deposit,,30.4,low,0.45375487756466887,[],completed,2026-09-14 16:49:00.000000,2026-09-16 18:32:55
1063,TXN-101063,67,PAYMENT,7870.93,83636.43,75765.5,430968.32,438839.25,0,0,8,200,Micro-ATM,Branch Terminal POS,Mysuru,Karnataka,12.3119,76.6541,Fertilizer & Seed Procurement,,14.5,low,0.39844560700084025,"[""Normal transaction parameters consistent with account baseline""]",completed,2026-09-14 16:57:00.000000,2026-09-16 18:32:55
1064,TXN-101064,67,TRANSFER,4456.86,70545.18,66088.32,72141.61,76598.47,0,0,46,94,UPI,Mobile - Android (CoopPay App),Jaipur,Rajasthan,26.8975,75.8151,Member Share Capital Dividend,,2.7,low,0.3571137294534657,"[""Normal transaction parameters consistent with account baseline""]",completed,2026-09-14 16:58:00.000000,2026-09-16 18:32:55
1065,TXN-101065,67,TRANSFER,275.98,151674.63,151398.65,61965.96,62241.94,0,0,41,74,IMPS,Mobile - Android (CoopPay App),Hyderabad,Telangana,17.413700000000002,78.4645,Dairy Cooperative Milk Payout,,57.3,medium,0.5475619918677677,"[""Multi-dimensional behavioral anomaly flagged by Isolation Forest scoring engine""]",completed,2026-09-14 16:52:00.000000,2026-09-16 18:32:55
1066,TXN-101066,67,CASH_OUT,4449.76,115864.66,111414.9,78945.55,83395.31,0,0,75,38,Branch Cashier,Branch Terminal POS,Delhi,Delhi,28.6858,77.0826,Self-Help Group (SHG) Pool Contribution,,14.2,low,0.3971942674777715,"[""Normal transaction parameters consistent with account baseline""]",completed,2026-09-14 16:48:00.000000,2026-09-16 18:32:55
1067,TXN-101067,67,TRANSFER,314622.47,331181.55,16559.08,85128.69,399751.16,1,1,60,110,NEFT,Branch Terminal POS,Ahmedabad,Gujarat,23.0094,72.5857,Self-Help Group (SHG) Pool Contribution,,82.7,critical,0.6359366290601635,"[""High single-transaction volume (\u20b9314,622.47) exceeding standard cooperative threshold"", ""Transaction amount represents 561% of total recorded cooperative savings balance""]",flagged,2026-09-14 16:51:00.000000,2026-09-16 18:32:55
1068,TXN-101068,67,PAYMENT,720.7,46448.04,45727.34,521037.02,521757.72,0,0,49,190,UPI,Mobile - Android (CoopPay App),Mumbai,Maharashtra,19.073900000000002,72.9098,Fertilizer & Seed Procurement,,22.5,low,0.4262515295974902,"[""Normal transaction parameters consistent with account baseline""]",completed,2026-09-14 16:54:00.000000,2026-09-16 18:32:55
1069,TXN-101069,67,PAYMENT,2237.29,41472.89,39235.6,241759.86,243997.15,0,0,64,197,UPI,Mobile - Android (CoopPay App),Kochi,Kerala,9.936300000000001,76.24470000000001,Dairy Cooperative Milk Payout,,14.8,low,0.3993178634321147,"[""Normal transaction parameters consistent with account baseline""]",completed,2026-09-14 16:51:00.000000,2026-09-16 18:32:55
1070,TXN-101070,67,TRANSFER,462.76,31928.37,31465.61,79986.69,80449.45,0,0,59,103,IMPS,Mobile - Android (CoopPay App),Delhi,Delhi,28.732400000000002,77.1388,Solar Pump Subsidy Disbursal,,32.3,low,0.4603817795837719,[],completed,2026-09-14 16:58:00.000000,2026-09-16 18:32:55
1071,TXN-101071,68,DEBIT,2768.86,21462.7,18693.84,9557.27,12326.13,0,0,86,118,Branch Cashier,Branch Terminal POS,Madurai,Tamil Nadu,9.9589,78.11489999999999,Emergency Healthcare Advance,,29.4,low,0.45039697231901366,"[""Normal transaction parameters consistent with account baseline""]",completed,2026-09-14 17:14:00.000000,2026-09-16 18:32:55
1072,TXN-101072,68,TRANSFER,5648.74,39117.75,33469.01,96651.48,102300.22,0,0,68,25,UPI,Mobile - Android (CoopPay App),Chennai,Tamil Nadu,13.083200000000001,80.25800000000001,Tractor Equipment Finance,,3.5,low,0.3601061768143277,"[""Normal transaction parameters consistent with account baseline""]",completed,2026-09-14 17:01:00.000000,2026-09-16 18:32:55
1073,TXN-101073,68,PAYMENT,265.54,81725.47,81459.93,472408.73,472674.27,0,0,1,193,Micro-ATM,Branch Terminal POS,Mumbai,Maharashtra,19.0872,72.83970000000001,Dairy Cooperative Milk Payout,,40.3,medium,0.48804020677658083,[],completed,2026-09-14 17:03:00.000000,2026-09-16 18:32:55
1074,TXN-101074,68,TRANSFER,263.82,0.0,0.0,7431.12,7694.94,0,0,48,83,UPI,Mobile - Android (CoopPay App),Kochi,Kerala,9.925600000000001,76.2737,Emergency Healthcare Advance,,56.4,medium,0.5444484994778273,"[""Multi-dimensional behavioral anomaly flagged by Isolation Forest scoring engine""]",completed,2026-09-14 17:09:00.000000,2026-09-16 18:32:55
1075,TXN-101075,68,TRANSFER,8079.45,92153.54,84074.09,56528.97,64608.42,0,0,30,20,RTGS,Branch Terminal POS,Jaipur,Rajasthan,26.9142,75.8221,Self-Help Group (SHG) Pool Contribution,,1.3,low,0.35233002551434206,"[""Normal transaction parameters consistent with account baseline""]",completed,2026-09-14 17:14:00.000000,2026-09-16 18:32:55
1076,TXN-101076,68,TRANSFER,5531.19,39660.52,34129.33,41261.22,46792.41,0,0,2,60,UPI,Mobile - Android (CoopPay App),Pune,Maharashtra,18.487399999999997,73.8505,Fertilizer & Seed Procurement,,22.5,low,0.42633371723602553,"[""Normal transaction parameters consistent with account baseline""]",completed,2026-09-14 17:04:00.000000,2026-09-16 18:32:55
1077,TXN-101077,68,PAYMENT,1412.58,75351.11,73938.53,345042.16,346454.74,0,0,62,187,Micro-ATM,Branch Terminal POS,Jaipur,Rajasthan,26.91,75.80720000000001,Solar Pump Subsidy Disbursal,,17.7,low,0.4093726743336959,"[""Normal transaction parameters consistent with account baseline""]",completed,2026-09-14 17:10:00.000000,2026-09-16 18:32:55
1078,TXN-101078,68,TRANSFER,6457.83,72202.28,65744.45,54977.86,61435.69,0,0,53,82,IMPS,Mobile - Android (CoopPay App),Coimbatore,Tamil Nadu,10.9808,76.9357,Self-Help Group (SHG) Pool Contribution,,3.5,low,0.3599974103569641,"[""Normal transaction parameters consistent with account baseline""]",completed,2026-09-14 17:00:00.000000,2026-09-16 18:32:55
1079,TXN-101079,68,TRANSFER,4691.02,26153.72,21462.7,77034.45,81725.47,0,0,86,1,IMPS,Mobile - Android (CoopPay App),Madurai,Tamil Nadu,9.9589,78.11489999999999,Agricultural Crop Loan EMI,LON-88579,23.9,low,0.4310918267127679,"[""Normal transaction parameters consistent with account baseline""]",completed,2026-09-14 17:04:00.000000,2026-09-16 18:32:55
1080,TXN-101080,68,TRANSFER,3487.12,38774.59,35287.47,12326.13,15813.25,0,0,87,118,IMPS,Mobile - Android (CoopPay App),Bengaluru,Karnataka,12.990400000000001,77.6029,Fertilizer & Seed Procurement,,4.7,low,0.3641139362457987,"[""Normal transaction parameters consistent with account baseline""]",completed,2026-09-14 17:08:00.000000,2026-09-16 18:32:55
1081,TXN-101081,68,PAYMENT,247.31,148740.39,148493.08,213305.35,213552.66,0,0,3,198,UPI,Mobile - Android (CoopPay App),Nagpur,Maharashtra,21.1217,79.1002,Micro-Savings Recurring Deposit,,51.9,medium,0.528688889124429,"[""Multi-dimensional behavioral anomaly flagged by Isolation Forest scoring engine""]",completed,2026-09-14 17:10:00.000000,2026-09-16 18:32:55
1082,TXN-101082,68,TRANSFER,3006.36,34129.33,31122.97,76598.47,79604.83,0,0,2,94,UPI,Mobile - Android (CoopPay App),Pune,Maharashtra,18.487399999999997,73.8505,Fertilizer & Seed Procurement,,23.1,low,0.42817600067893125,"[""Normal transaction parameters consistent with account baseline""]",completed,2026-09-14 17:03:00.000000,2026-09-16 18:32:55
1083,TXN-101083,68,TRANSFER,1125.53,50462.37,49336.84,74873.43,75998.96,0,0,23,13,NEFT,Branch Terminal POS,Bengaluru,Karnataka,12.9956,77.5633,Emergency Healthcare Advance,,11.4,low,0.38745584325411425,"[""Normal transaction parameters consistent with account baseline""]",completed,2026-09-14 17:01:00.000000,2026-09-16 18:32:55
1084,TXN-101084,68,PAYMENT,160.78,87492.98,87332.2,153030.93,153191.71,0,0,36,191,Micro-ATM,Branch Terminal POS,Chennai,Tamil Nadu,13.1044,80.2817,Emergency Healthcare Advance,,49.0,medium,0.51847915818735,[],completed,2026-09-14 17:05:00.000000,2026-09-16 18:32:55
1085,TXN-101085,68,TRANSFER,1199.24,48425.46,47226.22,0.0,1199.24,0,0,109,105,IMPS,Mobile - Android (CoopPay App),Surat,Gujarat,21.158900000000003,72.8148,Self-Help Group (SHG) Pool Contribution,,23.9,low,0.4310731062209523,"[""Normal transaction parameters consistent with account baseline""]",completed,2026-09-14 17:09:00.000000,2026-09-16 18:32:55
1086,TXN-101086,69,TRANSFER,6776.6,47226.22,40449.62,14654.47,21431.07,0,0,109,111,UPI,Mobile - Android (CoopPay App),Surat,Gujarat,21.158900000000003,72.8148,Dairy Cooperative Milk Payout,,21.2,low,0.42180872156908533,"[""Normal transaction parameters consistent with account baseline""]",completed,2026-09-14 17:15:00.000000,2026-09-16 18:32:55
1087,TXN-101087,69,TRANSFER,917.92,105222.69,104304.77,29248.52,30166.44,0,0,29,107,NEFT,Branch Terminal POS,Surat,Gujarat,21.1842,72.80990000000001,Self-Help Group (SHG) Pool Contribution,,11.8,low,0.38884165286323147,"[""Normal transaction parameters consistent with account baseline""]",completed,2026-09-14 17:23:00.000000,2026-09-16 18:32:55
1088,TXN-101088,69,TRANSFER,1651.65,40118.19,38466.54,65744.45,67396.1,0,0,11,53,NEFT,Branch Terminal POS,Delhi,Delhi,28.6853,77.0822,Micro-Savings Recurring Deposit,,11.1,low,0.386555021465387,"[""Normal transaction parameters consistent with account baseline""]",completed,2026-09-14 17:29:00.000000,2026-09-16 18:32:55
1089,TXN-101089,69,PAYMENT,2205.03,106465.81,104260.78,438839.25,441044.28,0,0,80,200,Micro-ATM,Branch Terminal POS,Kochi,Kerala,9.941600000000001,76.2316,Member Share Capital Dividend,,11.1,low,0.3866408029001894,"[""Normal transaction parameters consistent with account baseline""]",completed,2026-09-14 17:28:00.000000,2026-09-16 18:32:55
1090,TXN-101090,69,TRANSFER,10680.44,66088.32,55407.88,38846.57,49527.01,0,0,46,52,IMPS,Mobile - Android (CoopPay App),Jaipur,Rajasthan,26.8975,75.8151,Solar Pump Subsidy Disbursal,,3.5,low,0.3600317788765347,"[""Normal transaction parameters consistent with account baseline""]",completed,2026-09-14 17:24:00.000000,2026-09-16 18:32:55
1091,TXN-101091,69,PAYMENT,429.94,31465.61,31035.67,213552.66,213982.6,0,0,59,198,Micro-ATM,Branch Terminal POS,Delhi,Delhi,28.732400000000002,77.1388,Agricultural Crop Loan EMI,LON-44223,33.5,low,0.4645848437963204,[],completed,2026-09-14 17:29:00.000000,2026-09-16 18:32:55
1092,TXN-101092,69,PAYMENT,3012.61,46572.01,43559.4,397363.58,400376.19,0,0,112,196,Micro-ATM,Branch Terminal POS,Kochi,Kerala,9.8984,76.2509,Self-Help Group (SHG) Pool Contribution,,18.4,low,0.4119122743018545,"[""Normal transaction parameters consistent with account baseline""]",completed,2026-09-14 17:17:00.000000,2026-09-16 18:32:55
1093,TXN-101093,69,TRANSFER,8338.44,0.0,0.0,40266.17,48604.61,0,0,6,117,UPI,Mobile - Android (CoopPay App),Madurai,Tamil Nadu,9.9087,78.1301,Self-Help Group (SHG) Pool Contribution,,36.6,medium,0.47515497426841985,[],completed,2026-09-14 17:16:00.000000,2026-09-16 18:32:55
1094,TXN-101094,69,TRANSFER,408.62,49527.01,49118.39,82105.12,82513.74,0,0,52,72,NEFT,Branch Terminal POS,Chennai,Tamil Nadu,13.097700000000001,80.30210000000001,Dairy Cooperative Milk Payout,,21.0,low,0.42083937485891565,"[""Normal transaction parameters consistent with account baseline""]",completed,2026-09-14 17:19:00.000000,2026-09-16 18:32:55
1095,TXN-101095,69,CASH_OUT,8167.67,97639.37,89471.7,44234.24,52401.91,0,0,84,12,Branch Cashier,Branch Terminal POS,Chennai,Tamil Nadu,13.045300000000001,80.25370000000001,Self-Help Group (SHG) Pool Contribution,,21.1,low,0.42123718101023555,"[""Normal transaction parameters consistent with account baseline""]",completed,2026-09-14 17:27:00.000000,2026-09-16 18:32:55
1096,TXN-101096,69,TRANSFER,18089.26,63252.06,45162.8,31122.97,49212.23,0,0,61,2,NEFT,Branch Terminal POS,Surat,Gujarat,21.151,72.8173,Solar Pump Subsidy Disbursal,,14.2,low,0.3971546666066276,"[""Normal transaction parameters consistent with account baseline""]",completed,2026-09-14 17:19:00.000000,2026-09-16 18:32:55
1097,TXN-101097,69,DEBIT,13510.07,75998.96,62488.89,80174.19,93684.26,0,0,13,119,Branch Cashier,Branch Terminal POS,Surat,Gujarat,21.161,72.8388,Solar Pump Subsidy Disbursal,,9.4,low,0.38045391069546974,"[""Normal transaction parameters consistent with account baseline""]",completed,2026-09-14 17:21:00.000000,2026-09-16 18:32:55
1098,TXN-101098,69,TRANSFER,5265.78,40449.62,35183.84,91213.73,96479.51,0,0,109,101,IMPS,Mobile - Android (CoopPay App),Surat,Gujarat,21.158900000000003,72.8148,Micro-Savings Recurring Deposit,,19.6,low,0.416083991961019,"[""Normal transaction parameters consistent with account baseline""]",completed,2026-09-14 17:27:00.000000,2026-09-16 18:32:55
1099,TXN-101099,69,PAYMENT,2322.35,18687.85,16365.5,441044.28,443366.63,0,0,43,200,Micro-ATM,Branch Terminal POS,Delhi,Delhi,28.6906,77.0647,Solar Pump Subsidy Disbursal,,11.1,low,0.3865524647946456,"[""Normal transaction parameters consistent with account baseline""]",completed,2026-09-14 17:27:00.000000,2026-09-16 18:32:55
1100,TXN-101100,69,TRANSFER,546.91,76693.68,76146.77,39235.6,39782.51,0,0,90,64,UPI,Mobile - Android (CoopPay App),Warangal,Telangana,17.997500000000002,79.5805,Solar Pump Subsidy Disbursal,,25.5,low,0.4366157347415683,"[""Normal transaction parameters consistent with account baseline""]",completed,2026-09-14 17:29:00.000000,2026-09-16 18:32:55
1101,TXN-101101,70,CASH_OUT,4113.4,77492.38,73378.98,2895.44,7008.84,0,0,92,120,Branch Cashier,Branch Terminal POS,Ahmedabad,Gujarat,23.024,72.5812,Tractor Equipment Finance,,16.6,low,0.40565355157182326,"[""Normal transaction parameters consistent with account baseline""]",completed,2026-09-14 17:31:00.000000,2026-09-16 18:32:55
1102,TXN-101102,70,TRANSFER,14838.33,120479.62,105641.29,45047.21,59885.54,0,0,5,110,RTGS,Branch Terminal POS,Coimbatore,Tamil Nadu,11.0072,76.94449999999999,Member Share Capital Dividend,,3.5,low,0.3600692302250387,"[""Normal transaction parameters consistent with account baseline""]",completed,2026-09-14 17:31:00.000000,2026-09-16 18:32:55
1103,TXN-101103,70,TRANSFER,5355.62,151398.65,146043.03,35289.34,40644.96,0,0,41,27,IMPS,Mobile - Android (CoopPay App),Hyderabad,Telangana,17.413700000000002,78.4645,Micro-Savings Recurring Deposit,,17.4,low,0.4083204975462081,"[""Normal transaction parameters consistent with account baseline""]",completed,2026-09-14 17:40:00.000000,2026-09-16 18:32:55
1104,TXN-101104,70,PAYMENT,2467.43,54954.02,52486.59,401920.31,404387.74,0,0,50,195,Micro-ATM,Branch Terminal POS,Pune,Maharashtra,18.5342,73.8347,Self-Help Group (SHG) Pool Contribution,,15.6,low,0.40206591185644575,"[""Normal transaction parameters consistent with account baseline""]",completed,2026-09-14 17:36:00.000000,2026-09-16 18:32:55
1105,TXN-101105,70,PAYMENT,3135.62,60097.55,56961.93,153191.71,156327.33,0,0,10,191,UPI,Mobile - Android (CoopPay App),Warangal,Telangana,17.961000000000002,79.5594,Tractor Equipment Finance,,48.8,medium,0.5177613270558835,[],completed,2026-09-14 17:38:00.000000,2026-09-16 18:32:55
1106,TXN-101106,70,TRANSFER,2895.44,45162.8,42267.36,0.0,2895.44,0,0,61,120,NEFT,Branch Terminal POS,Surat,Gujarat,21.151,72.8173,Dairy Cooperative Milk Payout,,5.6,low,0.3674053278809641,"[""Normal transaction parameters consistent with account baseline""]",completed,2026-09-14 17:33:00.000000,2026-09-16 18:32:55
1107,TXN-101107,70,PAYMENT,250.31,46574.51,46324.2,244595.99,244846.3,0,0,116,197,Micro-ATM,Branch Terminal POS,Chennai,Tamil Nadu,13.0614,80.23270000000001,Dairy Cooperative Milk Payout,,45.7,medium,0.5068782448094986,[],completed,2026-09-14 17:36:00.000000,2026-09-16 18:32:55
1108,TXN-101108,70,TRANSFER,1329.77,63800.16,62470.39,7911.72,9241.49,0,0,45,57,IMPS,Mobile - Android (CoopPay App),Surat,Gujarat,21.130300000000002,72.86510000000001,Solar Pump Subsidy Disbursal,,6.6,low,0.37092450851328307,"[""Normal transaction parameters consistent with account baseline""]",completed,2026-09-14 17:38:00.000000,2026-09-16 18:32:55
1109,TXN-101109,70,CASH_OUT,13551.23,84074.09,70522.86,62470.39,76021.62,0,0,30,45,Branch Cashier,Branch Terminal POS,Jaipur,Rajasthan,26.9142,75.8221,Micro-Savings Recurring Deposit,,18.8,low,0.41321074990531254,"[""Normal transaction parameters consistent with account baseline""]",completed,2026-09-14 17:35:00.000000,2026-09-16 18:32:55
1110,TXN-101110,70,PAYMENT,1445.32,75828.91,74383.59,443366.63,444811.95,0,0,31,200,Micro-ATM,Branch Terminal POS,Lucknow,Uttar Pradesh,26.8307,80.9315,Fertilizer & Seed Procurement,,12.9,low,0.39263333891493857,"[""Normal transaction parameters consistent with account baseline""]",completed,2026-09-14 17:33:00.000000,2026-09-16 18:32:55
1111,TXN-101111,70,TRANSFER,6905.65,56961.93,50056.28,62241.94,69147.59,0,0,10,74,IMPS,Mobile - Android (CoopPay App),Warangal,Telangana,17.961000000000002,79.5594,Solar Pump Subsidy Disbursal,,31.6,low,0.4579570801824618,[],completed,2026-09-14 17:41:00.000000,2026-09-16 18:32:55
1112,TXN-101112,70,TRANSFER,11249.33,70266.73,59017.4,30166.44,41415.77,0,0,76,107,IMPS,Mobile - Android (CoopPay App),Ahmedabad,Gujarat,23.041600000000003,72.5535,Member Share Capital Dividend,,10.5,low,0.38440330224250835,"[""Normal transaction parameters consistent with account baseline""]",completed,2026-09-14 17:41:00.000000,2026-09-16 18:32:55
1113,TXN-101113,70,CASH_OUT,604.63,53624.61,53019.98,76146.77,76751.4,0,0,18,90,Branch Cashier,Branch Terminal POS,Pune,Maharashtra,18.5184,73.86070000000001,Member Share Capital Dividend,,34.1,low,0.46656771598791746,[],completed,2026-09-14 17:41:00.000000,2026-09-16 18:32:55
1114,TXN-101114,70,TRANSFER,2044.88,30179.63,28134.75,138153.75,140198.63,0,0,93,97,NEFT,Branch Terminal POS,Surat,Gujarat,21.1399,72.869,Member Share Capital Dividend,,12.4,low,0.3910723485330456,"[""Normal transaction parameters consistent with account baseline""]",completed,2026-09-14 17:43:00.000000,2026-09-16 18:32:55
1115,TXN-101115,70,TRANSFER,753.51,16365.5,15611.99,80408.65,81162.16,0,0,43,96,IMPS,Mobile - Android (CoopPay App),Delhi,Delhi,28.6906,77.0647,Member Share Capital Dividend,,14.9,low,0.3995562121823003,"[""Normal transaction parameters consistent with account baseline""]",completed,2026-09-14 17:33:00.000000,2026-09-16 18:32:55
1116,TXN-101116,71,CASH_OUT,1885.84,41045.3,39159.46,7694.94,9580.78,0,0,49,83,Branch Cashier,Branch Terminal POS,Mumbai,Maharashtra,19.073900000000002,72.9098,Micro-Savings Recurring Deposit,,37.3,medium,0.47765752256519,[],completed,2026-09-14 17:58:00.000000,2026-09-16 18:32:55
1117,TXN-101117,71,TRANSFER,24124.16,42867.27,18743.11,81459.93,105584.09,0,0,47,1,UPI,Mobile - Android (CoopPay App),Lucknow,Uttar Pradesh,26.8599,80.93650000000001,Dairy Cooperative Milk Payout,,17.8,low,0.4097847891873198,"[""Normal transaction parameters consistent with account baseline""]",completed,2026-09-14 17:47:00.000000,2026-09-16 18:32:55
1118,TXN-101118,71,TRANSFER,8455.77,50056.28,41600.51,78330.59,86786.36,0,0,10,21,UPI,Mobile - Android (CoopPay App),Warangal,Telangana,17.961000000000002,79.5594,Solar Pump Subsidy Disbursal,,16.7,low,0.4059284206615499,"[""Normal transaction parameters consistent with account baseline""]",completed,2026-09-14 17:59:00.000000,2026-09-16 18:32:55
1119,TXN-101119,71,PAYMENT,2035.03,94400.8,92365.77,244846.3,246881.33,0,0,24,197,UPI,Mobile - Android (CoopPay App),Mysuru,Karnataka,12.2928,76.6694,Self-Help Group (SHG) Pool Contribution,,42.4,medium,0.49559038306945874,[],completed,2026-09-14 17:54:00.000000,2026-09-16 18:32:55
1120,TXN-101120,71,CASH_OUT,36656.1,64608.42,27952.32,105642.14,142298.24,0,0,20,42,Branch Cashier,Branch Terminal POS,Chennai,Tamil Nadu,13.099300000000001,80.2354,Solar Pump Subsidy Disbursal,,48.3,medium,0.5160798931529702,"[""Transaction amount represents 158% of total recorded cooperative savings balance""]",completed,2026-09-14 17:45:00.000000,2026-09-16 18:32:55
1121,TXN-101121,71,PAYMENT,839.48,94173.88,93334.4,450570.86,451410.34,0,0,4,199,Micro-ATM,Branch Terminal POS,Chennai,Tamil Nadu,13.1034,80.24350000000001,Solar Pump Subsidy Disbursal,,20.3,low,0.4183566669876861,"[""Normal transaction parameters consistent with account baseline""]",completed,2026-09-14 17:50:00.000000,2026-09-16 18:32:55
1122,TXN-101122,71,CASH_IN,24420.77,15000.0,39420.77,59749.26,84170.03,0,0,148,51,Branch Cashier,Branch Terminal POS,Chennai,Tamil Nadu,13.102400000000001,80.2484,Tractor Equipment Finance,,60.5,high,0.5586151503066727,"[""Multi-dimensional behavioral anomaly flagged by Isolation Forest scoring engine""]",flagged,2026-09-14 17:59:00.000000,2026-09-16 18:32:55
1123,TXN-101123,71,CASH_OUT,1808.45,117426.1,115617.65,31525.89,33334.34,0,0,78,77,Branch Cashier,Branch Terminal POS,Jaipur,Rajasthan,26.9234,75.8075,Fertilizer & Seed Procurement,,16.2,low,0.40426661825172017,"[""Normal transaction parameters consistent with account baseline""]",completed,2026-09-14 17:52:00.000000,2026-09-16 18:32:55
1124,TXN-101124,71,PAYMENT,461.87,72727.18,72265.31,319057.57,319519.44,0,0,58,192,Micro-ATM,Branch Terminal POS,Warangal,Telangana,17.9339,79.6207,Emergency Healthcare Advance,,19.2,low,0.4145251370164367,"[""Normal transaction parameters consistent with account baseline""]",completed,2026-09-14 17:57:00.000000,2026-09-16 18:32:55
1125,TXN-101125,71,CASH_OUT,5468.24,83395.31,77927.07,28134.75,33602.99,0,0,38,93,Branch Cashier,Branch Terminal POS,Madurai,Tamil Nadu,9.9571,78.0966,Fertilizer & Seed Procurement,,16.7,low,0.40582569805095325,"[""Normal transaction parameters consistent with account baseline""]",completed,2026-09-14 17:48:00.000000,2026-09-16 18:32:55
1126,TXN-101126,71,DEBIT,10334.89,91823.41,81488.52,67264.9,77599.79,0,0,71,56,Branch Cashier,Branch Terminal POS,Bengaluru,Karnataka,12.9585,77.5941,Self-Help Group (SHG) Pool Contribution,,18.7,low,0.4130517563992509,"[""Normal transaction parameters consistent with account baseline""]",completed,2026-09-14 17:45:00.000000,2026-09-16 18:32:55
1127,TXN-101127,71,TRANSFER,7610.96,92365.77,84754.81,141639.59,149250.55,0,0,24,73,RTGS,Branch Terminal POS,Mysuru,Karnataka,12.2928,76.6694,Solar Pump Subsidy Disbursal,,27.3,low,0.44298701855833117,"[""Normal transaction parameters consistent with account baseline""]",completed,2026-09-14 17:57:00.000000,2026-09-16 18:32:55
1128,TXN-101128,71,TRANSFER,4682.04,45727.34,41045.3,34963.06,39645.1,0,0,49,81,UPI,Mobile - Android (CoopPay App),Mumbai,Maharashtra,19.073900000000002,72.9098,Self-Help Group (SHG) Pool Contribution,,25.1,low,0.4352344564317847,"[""Normal transaction parameters consistent with account baseline""]",completed,2026-09-14 17:53:00.000000,2026-09-16 18:32:55
1129,TXN-101129,71,TRANSFER,7029.9,128101.98,121072.08,49317.36,56347.26,0,0,40,99,RTGS,Branch Terminal POS,Mysuru,Karnataka,12.32,76.6685,Fertilizer & Seed Procurement,,16.1,low,0.4039551774183415,"[""Normal transaction parameters consistent with account baseline""]",completed,2026-09-14 17:50:00.000000,2026-09-16 18:32:55
1130,TXN-101130,71,TRANSFER,1646.72,53432.48,51785.76,52401.91,54048.63,0,0,35,12,UPI,Mobile - Android (CoopPay App),Nagpur,Maharashtra,21.174,79.0886,Self-Help Group (SHG) Pool Contribution,,8.5,low,0.3774084702722667,"[""Normal transaction parameters consistent with account baseline""]",completed,2026-09-14 17:52:00.000000,2026-09-16 18:32:55
1131,TXN-101131,72,TRANSFER,402.36,93334.4,92932.04,82278.85,82681.21,0,0,4,72,NEFT,Branch Terminal POS,Chennai,Tamil Nadu,13.1034,80.24350000000001,Agricultural Crop Loan EMI,LON-11549,22.3,low,0.42532967989755016,"[""Normal transaction parameters consistent with account baseline""]",completed,2026-09-14 18:07:00.000000,2026-09-16 18:32:55
1132,TXN-101132,72,TRANSFER,3952.77,37544.34,33591.57,15990.97,19943.74,0,0,79,14,IMPS,Mobile - Android (CoopPay App),Lucknow,Uttar Pradesh,26.883899999999997,80.9264,Emergency Healthcare Advance,,8.2,low,0.37626902431444026,"[""Normal transaction parameters consistent with account baseline""]",completed,2026-09-14 18:10:00.000000,2026-09-16 18:32:55
1133,TXN-101133,72,TRANSFER,2959.57,39159.46,36199.89,51785.76,54745.33,0,0,49,35,UPI,Mobile - Android (CoopPay App),Mumbai,Maharashtra,19.073900000000002,72.9098,Micro-Savings Recurring Deposit,,5.4,low,0.3667748784958567,"[""Normal transaction parameters consistent with account baseline""]",completed,2026-09-14 18:09:00.000000,2026-09-16 18:32:55
1134,TXN-101134,72,TRANSFER,3213.96,61299.22,58085.26,10253.84,13467.8,0,0,39,19,NEFT,Branch Terminal POS,Bengaluru,Karnataka,13.0097,77.6195,Fertilizer & Seed Procurement,,4.7,low,0.36434105588646265,"[""Normal transaction parameters consistent with account baseline""]",completed,2026-09-14 18:05:00.000000,2026-09-16 18:32:55
1135,TXN-101135,72,TRANSFER,28761.42,41149.91,12388.49,32148.72,60910.14,0,0,9,37,NEFT,Branch Terminal POS,Hyderabad,Telangana,17.375400000000003,78.5259,Member Share Capital Dividend,,16.9,low,0.4065971046031324,"[""Normal transaction parameters consistent with account baseline""]",completed,2026-09-14 18:08:00.000000,2026-09-16 18:32:55
1136,TXN-101136,72,TRANSFER,13314.68,41600.51,28285.83,57239.6,70554.28,0,0,10,33,RTGS,Branch Terminal POS,Warangal,Telangana,17.961000000000002,79.5594,Micro-Savings Recurring Deposit,,19.0,low,0.4140211103963882,"[""Normal transaction parameters consistent with account baseline""]",completed,2026-09-14 18:04:00.000000,2026-09-16 18:32:55
1137,TXN-101137,72,DEBIT,4236.86,142298.24,138061.38,49212.23,53449.09,0,0,42,2,Branch Cashier,Branch Terminal POS,Warangal,Telangana,17.960800000000003,79.57639999999999,Fertilizer & Seed Procurement,,3.0,low,0.3582353026504279,"[""Normal transaction parameters consistent with account baseline""]",completed,2026-09-14 18:05:00.000000,2026-09-16 18:32:55
1138,TXN-101138,72,PAYMENT,636.36,54048.63,53412.27,451410.34,452046.7,0,0,12,199,Micro-ATM,Branch Terminal POS,Ahmedabad,Gujarat,23.022000000000002,72.5919,Member Share Capital Dividend,,22.6,low,0.4266175336327967,"[""Normal transaction parameters consistent with account baseline""]",completed,2026-09-14 18:07:00.000000,2026-09-16 18:32:55
1139,TXN-101139,72,CASH_IN,18824.96,15000.0,33824.96,46324.2,65149.16,0,0,138,116,Branch Cashier,Branch Terminal POS,Warangal,Telangana,17.9294,79.6237,Micro-Savings Recurring Deposit,,59.5,medium,0.5550817174420576,"[""Multi-dimensional behavioral anomaly flagged by Isolation Forest scoring engine""]",completed,2026-09-14 18:06:00.000000,2026-09-16 18:32:55
1140,TXN-101140,72,TRANSFER,13375.63,77927.07,64551.44,96479.51,109855.14,0,0,38,101,RTGS,Branch Terminal POS,Madurai,Tamil Nadu,9.9571,78.0966,Tractor Equipment Finance,,3.9,low,0.36151681994932394,"[""Normal transaction parameters consistent with account baseline""]",completed,2026-09-14 18:05:00.000000,2026-09-16 18:32:55
1141,TXN-101141,72,PAYMENT,234.89,82513.74,82278.85,102886.14,103121.03,0,0,72,188,UPI,Mobile - Android (CoopPay App),Mysuru,Karnataka,12.3262,76.65549999999999,Fertilizer & Seed Procurement,,38.1,medium,0.4805275328642213,[],completed,2026-09-14 18:07:00.000000,2026-09-16 18:32:55
1142,TXN-101142,72,CASH_OUT,8642.87,38466.54,29823.67,149250.55,157893.42,0,0,11,73,Branch Cashier,Branch Terminal POS,Delhi,Delhi,28.6853,77.0822,Member Share Capital Dividend,,34.5,low,0.4679468020576013,[],completed,2026-09-14 18:09:00.000000,2026-09-16 18:32:55
1143,TXN-101143,72,PAYMENT,1097.64,69147.59,68049.95,246881.33,247978.97,0,0,74,197,UPI,Mobile - Android (CoopPay App),Warangal,Telangana,17.953400000000002,79.6006,Tractor Equipment Finance,,13.6,low,0.3952081866744893,"[""Normal transaction parameters consistent with account baseline""]",completed,2026-09-14 18:13:00.000000,2026-09-16 18:32:55
1144,TXN-101144,72,TRANSFER,466.08,96671.93,96205.85,77792.21,78258.29,0,0,54,102,IMPS,Mobile - Android (CoopPay App),Madurai,Tamil Nadu,9.9328,78.1558,Self-Help Group (SHG) Pool Contribution,,24.3,low,0.4325703592706097,"[""Normal transaction parameters consistent with account baseline""]",completed,2026-09-14 18:12:00.000000,2026-09-16 18:32:55
1145,TXN-101145,72,PAYMENT,1655.83,33602.99,31947.16,400376.19,402032.02,0,0,93,196,Micro-ATM,Branch Terminal POS,Surat,Gujarat,21.1399,72.869,Member Share Capital Dividend,,21.3,low,0.42195877745532195,"[""Normal transaction parameters consistent with account baseline""]",completed,2026-09-14 18:06:00.000000,2026-09-16 18:32:55
1146,TXN-101146,73,TRANSFER,8378.07,150148.31,141770.24,41087.2,49465.27,0,0,70,100,IMPS,Mobile - Android (CoopPay App),Madurai,Tamil Nadu,9.9517,78.0867,Solar Pump Subsidy Disbursal,,1.8,low,0.35419407265816333,"[""Normal transaction parameters consistent with account baseline""]",completed,2026-09-14 18:17:00.000000,2026-09-16 18:32:55
1147,TXN-101147,73,PAYMENT,353.92,7008.84,6654.92,403117.88,403471.8,0,0,120,196,UPI,Mobile - Android (CoopPay App),Mysuru,Karnataka,12.2584,76.62899999999999,Fertilizer & Seed Procurement,,31.6,low,0.45800918371219995,[],completed,2026-09-14 18:27:00.000000,2026-09-16 18:32:55
1148,TXN-101148,73,TRANSFER,8786.05,109855.14,101069.09,65194.98,73981.03,0,0,101,15,RTGS,Branch Terminal POS,Coimbatore,Tamil Nadu,11.0096,76.9682,Fertilizer & Seed Procurement,,6.7,low,0.37131390110226664,"[""Normal transaction parameters consistent with account baseline""]",completed,2026-09-14 18:21:00.000000,2026-09-16 18:32:55
1149,TXN-101149,73,TRANSFER,6690.11,138061.38,131371.27,58460.55,65150.66,0,0,42,106,NEFT,Branch Terminal POS,Warangal,Telangana,17.960800000000003,79.57639999999999,Solar Pump Subsidy Disbursal,,0.9,low,0.3510275307656269,"[""Normal transaction parameters consistent with account baseline""]",completed,2026-09-14 18:29:00.000000,2026-09-16 18:32:55
1150,TXN-101150,73,CASH_IN,15951.2,15000.0,30951.2,67981.35,83932.55,0,0,137,63,Branch Cashier,Branch Terminal POS,Hyderabad,Telangana,17.3471,78.521,Tractor Equipment Finance,,49.7,medium,0.5209418304681913,[],completed,2026-09-14 18:19:00.000000,2026-09-16 18:32:55
1151,TXN-101151,73,TRANSFER,15782.15,81488.52,65706.37,30407.83,46189.98,0,0,71,95,UPI,Mobile - Android (CoopPay App),Bengaluru,Karnataka,12.9585,77.5941,Emergency Healthcare Advance,,23.9,low,0.4310840586250374,"[""Normal transaction parameters consistent with account baseline""]",completed,2026-09-14 18:23:00.000000,2026-09-16 18:32:55
1152,TXN-101152,73,DEBIT,13634.89,80449.45,66814.56,9241.49,22876.38,0,0,103,57,Branch Cashier,Branch Terminal POS,Bengaluru,Karnataka,12.9864,77.5776,Fertilizer & Seed Procurement,,8.3,low,0.37680935429248025,"[""Normal transaction parameters consistent with account baseline""]",completed,2026-09-14 18:16:00.000000,2026-09-16 18:32:55
1153,TXN-101153,73,PAYMENT,1085.86,21431.07,20345.21,402032.02,403117.88,0,0,111,196,UPI,Mobile - Android (CoopPay App),Lucknow,Uttar Pradesh,26.8219,80.9263,Tractor Equipment Finance,,18.9,low,0.4135999567168384,"[""Normal transaction parameters consistent with account baseline""]",completed,2026-09-14 18:15:00.000000,2026-09-16 18:32:55
1154,TXN-101154,73,TRANSFER,15212.59,11077.57,0.0,41415.77,56628.36,0,0,43,107,UPI,Mobile - Android (CoopPay App),Delhi,Delhi,28.6906,77.0647,Solar Pump Subsidy Disbursal,,63.5,high,0.5690961516488924,"[""Rapid near-complete balance drainage detected (\u20b911,078 \u2192 \u20b90)""]",flagged,2026-09-14 18:22:00.000000,2026-09-16 18:32:55
1155,TXN-101155,73,TRANSFER,2306.7,44422.49,42115.79,33591.57,35898.27,0,0,18,79,NEFT,Branch Terminal POS,Pune,Maharashtra,18.5184,73.86070000000001,Tractor Equipment Finance,,30.2,low,0.45302765003658024,[],completed,2026-09-14 18:26:00.000000,2026-09-16 18:32:55
1156,TXN-101156,73,TRANSFER,6032.76,26745.31,20712.55,146043.03,152075.79,0,0,89,41,NEFT,Branch Terminal POS,Hyderabad,Telangana,17.3958,78.486,Self-Help Group (SHG) Pool Contribution,,5.2,low,0.36575809692685074,"[""Normal transaction parameters consistent with account baseline""]",completed,2026-09-14 18:20:00.000000,2026-09-16 18:32:55
1157,TXN-101157,73,CASH_IN,22896.72,15000.0,37896.72,49336.84,72233.56,0,0,147,23,Branch Cashier,Branch Terminal POS,Nagpur,Maharashtra,21.1129,79.11580000000001,Tractor Equipment Finance,,55.1,medium,0.5399112328826583,"[""Multi-dimensional behavioral anomaly flagged by Isolation Forest scoring engine""]",completed,2026-09-14 18:23:00.000000,2026-09-16 18:32:55
1158,TXN-101158,73,TRANSFER,8597.49,53019.98,44422.49,49118.39,57715.88,0,0,18,52,UPI,Mobile - Android (CoopPay App),Pune,Maharashtra,18.5184,73.86070000000001,Emergency Healthcare Advance,,27.0,low,0.4419504510810706,"[""Normal transaction parameters consistent with account baseline""]",completed,2026-09-14 18:20:00.000000,2026-09-16 18:32:55
1159,TXN-101159,73,CASH_OUT,4534.42,15611.99,11077.57,52486.59,57021.01,0,0,43,50,Branch Cashier,Branch Terminal POS,Delhi,Delhi,28.6906,77.0647,Micro-Savings Recurring Deposit,,37.1,medium,0.47696782488059564,[],completed,2026-09-14 18:16:00.000000,2026-09-16 18:32:55
1160,TXN-101160,73,CASH_OUT,1737.65,64551.44,62813.79,9580.78,11318.43,0,0,38,83,Branch Cashier,Branch Terminal POS,Madurai,Tamil Nadu,9.9571,78.0966,Member Share Capital Dividend,,18.3,low,0.411430386268906,"[""Normal transaction parameters consistent with account baseline""]",completed,2026-09-14 18:28:00.000000,2026-09-16 18:32:55
1161,TXN-101161,74,TRANSFER,2045.98,73378.98,71333.0,36199.89,38245.87,0,0,92,49,IMPS,Mobile - Android (CoopPay App),Ahmedabad,Gujarat,23.024,72.5812,Tractor Equipment Finance,,5.2,low,0.3660831130112274,"[""Normal transaction parameters consistent with account baseline""]",completed,2026-09-14 18:39:00.000000,2026-09-16 18:32:55
1162,TXN-101162,74,TRANSFER,22866.53,22118.3,0.0,11318.43,34184.96,0,0,86,83,NEFT,Branch Terminal POS,Madurai,Tamil Nadu,9.9589,78.11489999999999,Self-Help Group (SHG) Pool Contribution,,63.9,high,0.5703527833946287,"[""Rapid near-complete balance drainage detected (\u20b922,118 \u2192 \u20b90)""]",flagged,2026-09-14 18:35:00.000000,2026-09-16 18:32:55
1163,TXN-101163,74,TRANSFER,3093.08,0.0,0.0,105641.29,108734.37,0,0,89,5,RTGS,Branch Terminal POS,Hyderabad,Telangana,17.3958,78.486,Dairy Cooperative Milk Payout,,46.3,medium,0.5091784737740981,[],completed,2026-09-14 18:37:00.000000,2026-09-16 18:32:55
1164,TXN-101164,74,DEBIT,4900.99,20503.88,15602.89,0.0,4900.99,0,0,65,113,Branch Cashier,Branch Terminal POS,Mumbai,Maharashtra,19.098200000000002,72.8508,Tractor Equipment Finance,,10.4,low,0.3841903039079304,"[""Normal transaction parameters consistent with account baseline""]",completed,2026-09-14 18:36:00.000000,2026-09-16 18:32:55
1165,TXN-101165,74,PAYMENT,1160.81,73938.53,72777.72,404387.74,405548.55,0,0,62,195,UPI,Mobile - Android (CoopPay App),Jaipur,Rajasthan,26.91,75.80720000000001,Fertilizer & Seed Procurement,,19.1,low,0.4144123560498695,"[""Normal transaction parameters consistent with account baseline""]",completed,2026-09-14 18:37:00.000000,2026-09-16 18:32:55
1166,TXN-101166,74,PAYMENT,421.4,33334.34,32912.94,103121.03,103542.43,0,0,77,188,Micro-ATM,Branch Terminal POS,Surat,Gujarat,21.154400000000003,72.8477,Emergency Healthcare Advance,,21.7,low,0.42329585301303113,"[""Normal transaction parameters consistent with account baseline""]",completed,2026-09-14 18:40:00.000000,2026-09-16 18:32:55
1167,TXN-101167,74,CASH_OUT,3424.46,19943.74,16519.28,18693.84,22118.3,0,0,14,86,Branch Cashier,Branch Terminal POS,Jaipur,Rajasthan,26.9339,75.7745,Emergency Healthcare Advance,,27.1,low,0.4421058787501078,"[""Normal transaction parameters consistent with account baseline""]",completed,2026-09-14 18:40:00.000000,2026-09-16 18:32:55
1168,TXN-101168,74,CASH_IN,15230.82,15000.0,30230.82,76760.61,91991.43,0,0,177,102,Branch Cashier,Branch Terminal POS,Mumbai,Maharashtra,19.064600000000002,72.8431,Dairy Cooperative Milk Payout,,49.5,medium,0.520300550754192,[],completed,2026-09-14 18:43:00.000000,2026-09-16 18:32:55
1169,TXN-101169,74,TRANSFER,4605.84,74383.59,69777.75,27952.32,32558.16,0,0,31,20,IMPS,Mobile - Android (CoopPay App),Lucknow,Uttar Pradesh,26.8307,80.9315,Micro-Savings Recurring Deposit,,1.8,low,0.3539257508516004,"[""Normal transaction parameters consistent with account baseline""]",completed,2026-09-14 18:31:00.000000,2026-09-16 18:32:55
1170,TXN-101170,74,DEBIT,1487.42,46792.41,45304.99,40644.96,42132.38,0,0,60,27,Branch Cashier,Branch Terminal POS,Ahmedabad,Gujarat,23.0094,72.5857,Micro-Savings Recurring Deposit,,21.8,low,0.42389668015158394,"[""Normal transaction parameters consistent with account baseline""]",completed,2026-09-14 18:33:00.000000,2026-09-16 18:32:55
1171,TXN-101171,74,CASH_OUT,1962.86,22876.38,20913.52,85625.64,87588.5,0,0,57,108,Branch Cashier,Branch Terminal POS,Hyderabad,Telangana,17.375600000000002,78.4589,Tractor Equipment Finance,,23.2,low,0.42874219533251834,"[""Normal transaction parameters consistent with account baseline""]",completed,2026-09-14 18:35:00.000000,2026-09-16 18:32:55
1172,TXN-101172,74,TRANSFER,23302.15,20712.55,0.0,59885.54,83187.69,0,0,89,110,NEFT,Branch Terminal POS,Hyderabad,Telangana,17.3958,78.486,Emergency Healthcare Advance,,68.7,high,0.5870016683481478,"[""Rapid near-complete balance drainage detected (\u20b920,713 \u2192 \u20b90)""]",flagged,2026-09-14 18:41:00.000000,2026-09-16 18:32:55
1173,TXN-101173,74,CASH_OUT,1497.68,78258.29,76760.61,35287.47,36785.15,0,0,102,87,Branch Cashier,Branch Terminal POS,Madurai,Tamil Nadu,9.9372,78.14789999999999,Solar Pump Subsidy Disbursal,,19.3,low,0.4150370118196105,"[""Normal transaction parameters consistent with account baseline""]",completed,2026-09-14 18:34:00.000000,2026-09-16 18:32:55
1174,TXN-101174,74,TRANSFER,12724.13,39782.51,27058.38,58085.26,70809.39,0,0,64,39,NEFT,Branch Terminal POS,Kochi,Kerala,9.936300000000001,76.24470000000001,Self-Help Group (SHG) Pool Contribution,,12.2,low,0.39022326234997795,"[""Normal transaction parameters consistent with account baseline""]",completed,2026-09-14 18:42:00.000000,2026-09-16 18:32:55
1175,TXN-101175,74,TRANSFER,13499.04,28285.83,14786.79,115617.65,129116.69,0,0,10,78,RTGS,Branch Terminal POS,Warangal,Telangana,17.961000000000002,79.5594,Fertilizer & Seed Procurement,,23.9,low,0.43107624381851534,"[""Normal transaction parameters consistent with account baseline""]",completed,2026-09-14 18:37:00.000000,2026-09-16 18:32:55
1176,TXN-101176,75,DEBIT,4967.74,96205.85,91238.11,29823.67,34791.41,0,0,54,11,Branch Cashier,Branch Terminal POS,Madurai,Tamil Nadu,9.9328,78.1558,Agricultural Crop Loan EMI,LON-26389,6.0,low,0.36879100408351567,"[""Normal transaction parameters consistent with account baseline""]",completed,2026-09-14 18:47:00.000000,2026-09-16 18:32:55
1177,TXN-101177,75,CASH_OUT,3863.9,31035.67,27171.77,33469.01,37332.91,0,0,59,68,Branch Cashier,Branch Terminal POS,Delhi,Delhi,28.732400000000002,77.1388,Member Share Capital Dividend,,29.4,low,0.4502636805474754,"[""Normal transaction parameters consistent with account baseline""]",completed,2026-09-14 18:56:00.000000,2026-09-16 18:32:55
1178,TXN-101178,75,TRANSFER,2058.8,72777.72,70718.92,62488.89,64547.69,0,0,62,13,NEFT,Branch Terminal POS,Jaipur,Rajasthan,26.91,75.80720000000001,Dairy Cooperative Milk Payout,,4.4,low,0.36321280870408224,"[""Normal transaction parameters consistent with account baseline""]",completed,2026-09-14 18:55:00.000000,2026-09-16 18:32:55
1179,TXN-101179,75,TRANSFER,11675.16,13467.8,1792.64,76021.62,87696.78,0,0,19,45,IMPS,Mobile - Android (CoopPay App),Nagpur,Maharashtra,21.125600000000002,79.05330000000001,Emergency Healthcare Advance,,10.2,low,0.38335710385939303,"[""Normal transaction parameters consistent with account baseline""]",completed,2026-09-14 18:48:00.000000,2026-09-16 18:32:55
1180,TXN-101180,75,CASH_OUT,2871.4,73981.03,71109.63,46189.98,49061.38,0,0,15,95,Branch Cashier,Branch Terminal POS,Lucknow,Uttar Pradesh,26.847299999999997,80.91470000000001,Dairy Cooperative Milk Payout,,28.7,low,0.4476651830483255,"[""Normal transaction parameters consistent with account baseline""]",completed,2026-09-14 18:46:00.000000,2026-09-16 18:32:55
1181,TXN-101181,75,PAYMENT,434.87,92932.04,92497.17,156327.33,156762.2,0,0,4,191,Micro-ATM,Branch Terminal POS,Chennai,Tamil Nadu,13.1034,80.24350000000001,Self-Help Group (SHG) Pool Contribution,,24.5,low,0.4330105410556947,"[""Normal transaction parameters consistent with account baseline""]",completed,2026-09-14 18:46:00.000000,2026-09-16 18:32:55
1182,TXN-101182,75,TRANSFER,4130.88,103952.29,99821.41,57715.88,61846.76,0,0,29,52,UPI,Mobile - Android (CoopPay App),Surat,Gujarat,21.1842,72.80990000000001,Emergency Healthcare Advance,,21.3,low,0.42210665553750953,"[""Normal transaction parameters consistent with account baseline""]",completed,2026-09-14 18:45:00.000000,2026-09-16 18:32:55
1183,TXN-101183,75,CASH_OUT,1950.15,45304.99,43354.84,32912.94,34863.09,0,0,60,77,Branch Cashier,Branch Terminal POS,Ahmedabad,Gujarat,23.0094,72.5857,Dairy Cooperative Milk Payout,,19.6,low,0.41624741289485245,"[""Normal transaction parameters consistent with account baseline""]",completed,2026-09-14 18:53:00.000000,2026-09-16 18:32:55
1184,TXN-101184,75,PAYMENT,2024.66,36785.15,34760.49,452046.7,454071.36,0,0,87,199,Micro-ATM,Branch Terminal POS,Bengaluru,Karnataka,12.990400000000001,77.6029,Fertilizer & Seed Procurement,,24.8,low,0.4340962737238752,"[""Normal transaction parameters consistent with account baseline""]",completed,2026-09-14 18:46:00.000000,2026-09-16 18:32:55
1185,TXN-101185,75,PAYMENT,237.41,0.0,0.0,319519.44,319756.85,0,0,89,192,Micro-ATM,Branch Terminal POS,Hyderabad,Telangana,17.3958,78.486,Tractor Equipment Finance,,56.6,medium,0.5450023903302881,"[""Multi-dimensional behavioral anomaly flagged by Isolation Forest scoring engine""]",completed,2026-09-14 18:46:00.000000,2026-09-16 18:32:55
1186,TXN-101186,75,CASH_IN,8804.56,15000.0,23804.56,0.0,8804.56,0,0,165,43,Branch Cashier,Branch Terminal POS,Coimbatore,Tamil Nadu,11.0062,76.99159999999999,Member Share Capital Dividend,,66.5,high,0.5793353533293005,"[""Multi-dimensional behavioral anomaly flagged by Isolation Forest scoring engine""]",flagged,2026-09-14 18:48:00.000000,2026-09-16 18:32:55
1187,TXN-101187,75,TRANSFER,9851.8,16519.28,6667.48,54745.33,64597.13,0,0,14,35,NEFT,Branch Terminal POS,Jaipur,Rajasthan,26.9339,75.7745,Solar Pump Subsidy Disbursal,,7.0,low,0.3721137187561341,"[""Normal transaction parameters consistent with account baseline""]",completed,2026-09-14 18:56:00.000000,2026-09-16 18:32:55
1188,TXN-101188,75,PAYMENT,352.48,104304.77,103952.29,405548.55,405901.03,0,0,29,195,UPI,Mobile - Android (CoopPay App),Surat,Gujarat,21.1842,72.80990000000001,Fertilizer & Seed Procurement,,53.7,medium,0.5348603416532804,"[""Multi-dimensional behavioral anomaly flagged by Isolation Forest scoring engine""]",completed,2026-09-14 18:55:00.000000,2026-09-16 18:32:55
1189,TXN-101189,75,PAYMENT,6401.1,82681.21,76280.11,403471.8,409872.9,0,0,72,196,UPI,Mobile - Android (CoopPay App),Mysuru,Karnataka,12.3262,76.65549999999999,Agricultural Crop Loan EMI,LON-14607,28.8,low,0.448061773011454,"[""Normal transaction parameters consistent with account baseline""]",completed,2026-09-14 18:53:00.000000,2026-09-16 18:32:55
1190,TXN-101190,75,TRANSFER,2140.81,35898.27,33757.46,89471.7,91612.51,0,0,79,84,NEFT,Branch Terminal POS,Lucknow,Uttar Pradesh,26.883899999999997,80.9264,Micro-Savings Recurring Deposit,,12.4,low,0.3911723687274685,"[""Normal transaction parameters consistent with account baseline""]",completed,2026-09-14 18:55:00.000000,2026-09-16 18:32:55
1191,TXN-101191,76,TRANSFER,2243.39,91991.43,89748.04,8060.0,10303.39,0,0,102,14,RTGS,Branch Terminal POS,Madurai,Tamil Nadu,9.9372,78.14789999999999,Solar Pump Subsidy Disbursal,,5.2,low,0.3657575305511764,"[""Normal transaction parameters consistent with account baseline""]",completed,2026-09-14 19:13:00.000000,2026-09-16 18:32:55
1192,TXN-101192,76,PAYMENT,3748.62,72265.31,68516.69,472674.27,476422.89,0,0,58,193,Micro-ATM,Branch Terminal POS,Warangal,Telangana,17.9339,79.6207,Self-Help Group (SHG) Pool Contribution,,15.2,low,0.4006088556993592,"[""Normal transaction parameters consistent with account baseline""]",completed,2026-09-14 19:13:00.000000,2026-09-16 18:32:55
1193,TXN-101193,76,CASH_OUT,1698.07,105584.09,103886.02,93168.45,94866.52,0,0,1,28,Branch Cashier,Branch Terminal POS,Mumbai,Maharashtra,19.0872,72.83970000000001,Fertilizer & Seed Procurement,,20.6,low,0.4195575157324138,"[""Normal transaction parameters consistent with account baseline""]",completed,2026-09-14 19:07:00.000000,2026-09-16 18:32:55
1194,TXN-101194,76,TRANSFER,1392.52,35183.84,33791.32,6667.48,8060.0,0,0,109,14,IMPS,Mobile - Android (CoopPay App),Surat,Gujarat,21.158900000000003,72.8148,Solar Pump Subsidy Disbursal,,6.9,low,0.3719708548090968,"[""Normal transaction parameters consistent with account baseline""]",completed,2026-09-14 19:11:00.000000,2026-09-16 18:32:55
1195,TXN-101195,76,CASH_OUT,442.84,34760.49,34317.65,81162.16,81605.0,0,0,87,96,Branch Cashier,Branch Terminal POS,Bengaluru,Karnataka,12.990400000000001,77.6029,Emergency Healthcare Advance,,34.3,low,0.4671501917543247,[],completed,2026-09-14 19:10:00.000000,2026-09-16 18:32:55
1196,TXN-101196,76,CASH_OUT,1388.02,33961.57,32573.55,148493.08,149881.1,0,0,104,3,Branch Cashier,Branch Terminal POS,Mysuru,Karnataka,12.3281,76.6031,Self-Help Group (SHG) Pool Contribution,,24.8,low,0.43420949245396023,"[""Normal transaction parameters consistent with account baseline""]",completed,2026-09-14 19:08:00.000000,2026-09-16 18:32:55
1197,TXN-101197,76,CASH_OUT,971.5,87332.2,86360.7,1199.24,2170.74,0,0,36,105,Branch Cashier,Branch Terminal POS,Chennai,Tamil Nadu,13.1044,80.2817,Micro-Savings Recurring Deposit,,42.0,medium,0.49411234305435725,[],completed,2026-09-14 19:04:00.000000,2026-09-16 18:32:55
1198,TXN-101198,76,CASH_OUT,6440.64,20913.52,14472.88,27171.77,33612.41,0,0,57,59,Branch Cashier,Branch Terminal POS,Hyderabad,Telangana,17.375600000000002,78.4589,Self-Help Group (SHG) Pool Contribution,,15.2,low,0.40071010250966366,"[""Normal transaction parameters consistent with account baseline""]",completed,2026-09-14 19:07:00.000000,2026-09-16 18:32:55
1199,TXN-101199,76,PAYMENT,1684.6,49061.38,47376.78,521757.72,523442.32,0,0,95,190,UPI,Mobile - Android (CoopPay App),Lucknow,Uttar Pradesh,26.885099999999998,80.9257,Solar Pump Subsidy Disbursal,,16.3,low,0.40463587208514495,"[""Normal transaction parameters consistent with account baseline""]",completed,2026-09-14 19:03:00.000000,2026-09-16 18:32:55
1200,TXN-101200,76,PAYMENT,2499.99,97434.59,94934.6,405901.03,408401.02,0,0,32,195,Micro-ATM,Branch Terminal POS,Kochi,Kerala,9.9083,76.2485,Emergency Healthcare Advance,,18.0,low,0.4106784298063021,"[""Normal transaction parameters consistent with account baseline""]",completed,2026-09-14 19:04:00.000000,2026-09-16 18:32:55
1201,TXN-101201,76,TRANSFER,7285.41,86786.36,79500.95,77599.79,84885.2,0,0,21,56,IMPS,Mobile - Android (CoopPay App),Coimbatore,Tamil Nadu,11.0199,76.9737,Tractor Equipment Finance,,12.2,low,0.3901687598407402,"[""Normal transaction parameters consistent with account baseline""]",completed,2026-09-14 19:04:00.000000,2026-09-16 18:32:55
1202,TXN-101202,76,TRANSFER,10848.29,51800.49,40952.2,92497.17,103345.46,0,0,85,4,UPI,Mobile - Android (CoopPay App),Coimbatore,Tamil Nadu,11.0411,76.9316,Self-Help Group (SHG) Pool Contribution,,11.9,low,0.3891704680819553,"[""Normal transaction parameters consistent with account baseline""]",completed,2026-09-14 19:00:00.000000,2026-09-16 18:32:55
1203,TXN-101203,76,TRANSFER,8174.35,152075.79,143901.44,0.0,8174.35,0,0,41,6,IMPS,Mobile - Android (CoopPay App),Hyderabad,Telangana,17.413700000000002,78.4645,Micro-Savings Recurring Deposit,,8.3,low,0.37672104273980916,"[""Normal transaction parameters consistent with account baseline""]",completed,2026-09-14 19:13:00.000000,2026-09-16 18:32:55
1204,TXN-101204,76,TRANSFER,4383.75,43354.84,38971.09,61846.76,66230.51,0,0,60,52,RTGS,Branch Terminal POS,Ahmedabad,Gujarat,23.0094,72.5857,Self-Help Group (SHG) Pool Contribution,,4.5,low,0.3634509580068532,"[""Normal transaction parameters consistent with account baseline""]",completed,2026-09-14 19:04:00.000000,2026-09-16 18:32:55
1205,TXN-101205,76,TRANSFER,12283.45,39645.1,27361.65,34184.96,46468.41,0,0,81,83,RTGS,Branch Terminal POS,Mumbai,Maharashtra,19.0993,72.8558,Solar Pump Subsidy Disbursal,,5.5,low,0.3671132739387406,"[""Normal transaction parameters consistent with account baseline""]",completed,2026-09-14 19:00:00.000000,2026-09-16 18:32:55
1206,TXN-101206,77,TRANSFER,476.0,59017.4,58541.4,42115.79,42591.79,0,0,76,18,UPI,Mobile - Android (CoopPay App),Ahmedabad,Gujarat,23.041600000000003,72.5535,Emergency Healthcare Advance,,31.0,low,0.4558421649013019,[],completed,2026-09-14 19:19:00.000000,2026-09-16 18:32:55
1207,TXN-101207,77,CASH_OUT,17855.36,55407.88,37552.52,27361.65,45217.01,0,0,46,81,Branch Cashier,Branch Terminal POS,Jaipur,Rajasthan,26.8975,75.8151,Tractor Equipment Finance,,23.5,low,0.4297133209998019,"[""Normal transaction parameters consistent with account baseline""]",completed,2026-09-14 19:27:00.000000,2026-09-16 18:32:55
1208,TXN-101208,77,PAYMENT,334.42,143901.44,143567.02,409872.9,410207.32,0,0,41,196,UPI,Mobile - Android (CoopPay App),Hyderabad,Telangana,17.413700000000002,78.4645,Agricultural Crop Loan EMI,LON-81855,57.9,medium,0.5495064237500344,"[""Multi-dimensional behavioral anomaly flagged by Isolation Forest scoring engine""]",completed,2026-09-14 19:24:00.000000,2026-09-16 18:32:55
1209,TXN-101209,77,PAYMENT,172.25,83932.55,83760.3,247978.97,248151.22,0,0,63,197,UPI,Mobile - Android (CoopPay App),Lucknow,Uttar Pradesh,26.8827,80.9221,Emergency Healthcare Advance,,51.5,medium,0.5270820179012605,"[""Multi-dimensional behavioral anomaly flagged by Isolation Forest scoring engine""]",completed,2026-09-14 19:20:00.000000,2026-09-16 18:32:55
1210,TXN-101210,77,DEBIT,582.08,66814.56,66232.48,84754.81,85336.89,0,0,103,24,Branch Cashier,Branch Terminal POS,Bengaluru,Karnataka,12.9864,77.5776,Self-Help Group (SHG) Pool Contribution,,44.8,medium,0.5039674304874016,[],completed,2026-09-14 19:29:00.000000,2026-09-16 18:32:55
1211,TXN-101211,77,TRANSFER,5123.84,18743.11,13619.27,38971.09,44094.93,0,0,47,60,RTGS,Branch Terminal POS,Lucknow,Uttar Pradesh,26.8599,80.93650000000001,Member Share Capital Dividend,,0.9,low,0.3508596878780494,"[""Normal transaction parameters consistent with account baseline""]",completed,2026-09-14 19:21:00.000000,2026-09-16 18:32:55
1212,TXN-101212,77,TRANSFER,28245.88,52980.15,24734.27,76751.4,104997.28,0,0,15,90,RTGS,Branch Terminal POS,Lucknow,Uttar Pradesh,26.847299999999997,80.91470000000001,Emergency Healthcare Advance,,38.4,medium,0.48147814578740056,[],completed,2026-09-14 19:17:00.000000,2026-09-16 18:32:55
1213,TXN-101213,77,PAYMENT,1183.32,84170.03,82986.71,319756.85,320940.17,0,0,51,192,Micro-ATM,Branch Terminal POS,Nagpur,Maharashtra,21.142200000000003,79.1191,Dairy Cooperative Milk Payout,,13.4,low,0.3944996620740927,"[""Normal transaction parameters consistent with account baseline""]",completed,2026-09-14 19:18:00.000000,2026-09-16 18:32:55
1214,TXN-101214,77,TRANSFER,4800.2,66232.48,61432.28,33757.46,38557.66,0,0,103,79,IMPS,Mobile - Android (CoopPay App),Bengaluru,Karnataka,12.9864,77.5776,Self-Help Group (SHG) Pool Contribution,,24.0,low,0.43140649508508766,"[""Normal transaction parameters consistent with account baseline""]",completed,2026-09-14 19:21:00.000000,2026-09-16 18:32:55
1215,TXN-101215,77,CASH_OUT,2670.17,72233.56,69563.39,71333.0,74003.17,0,0,23,92,Branch Cashier,Branch Terminal POS,Bengaluru,Karnataka,12.9956,77.5633,Tractor Equipment Finance,,20.1,low,0.41767706526219506,"[""Normal transaction parameters consistent with account baseline""]",completed,2026-09-14 19:27:00.000000,2026-09-16 18:32:55
1216,TXN-101216,77,TRANSFER,193530.21,382186.03,188655.82,133351.49,326881.7,1,1,62,70,NEFT,Branch Terminal POS,Jaipur,Rajasthan,26.91,75.80720000000001,Emergency Healthcare Advance,,55.1,medium,0.539785909548865,"[""Transaction amount represents 528% of total recorded cooperative savings balance""]",completed,2026-09-14 19:19:00.000000,2026-09-16 18:32:55
1217,TXN-101217,77,TRANSFER,18129.48,71109.63,52980.15,43559.4,61688.88,0,0,15,112,UPI,Mobile - Android (CoopPay App),Lucknow,Uttar Pradesh,26.847299999999997,80.91470000000001,Fertilizer & Seed Procurement,,30.4,low,0.4536782240511396,[],completed,2026-09-14 19:18:00.000000,2026-09-16 18:32:55
1218,TXN-101218,77,PAYMENT,6140.45,1792.64,0.0,476422.89,482563.34,0,0,19,193,Micro-ATM,Branch Terminal POS,Nagpur,Maharashtra,21.125600000000002,79.05330000000001,Dairy Cooperative Milk Payout,,39.8,medium,0.4863598979781896,[],completed,2026-09-14 19:17:00.000000,2026-09-16 18:32:55
1219,TXN-101219,77,TRANSFER,232.19,34863.09,34630.9,57021.01,57253.2,0,0,77,50,RTGS,Branch Terminal POS,Surat,Gujarat,21.154400000000003,72.8477,Solar Pump Subsidy Disbursal,,45.5,medium,0.5063569742311459,[],completed,2026-09-14 19:25:00.000000,2026-09-16 18:32:55
1220,TXN-101220,77,TRANSFER,1243.72,143567.02,142323.3,121072.08,122315.8,0,0,41,40,RTGS,Branch Terminal POS,Hyderabad,Telangana,17.413700000000002,78.4645,Member Share Capital Dividend,,35.8,medium,0.47237816048049985,[],completed,2026-09-14 19:19:00.000000,2026-09-16 18:32:55
1221,TXN-101221,77,TRANSFER,19912.17,126336.07,106423.9,46468.41,66380.58,0,0,55,83,UPI,Mobile - Android (CoopPay App),Bengaluru,Karnataka,12.991100000000001,77.5926,Fertilizer & Seed Procurement,,18.7,low,0.41292864797071577,"[""Normal transaction parameters consistent with account baseline""]",completed,2026-09-14 19:20:00.000000,2026-09-16 18:32:55
1222,TXN-101222,78,TRANSFER,4911.43,85336.89,80425.46,33612.41,38523.84,0,0,24,59,UPI,Mobile - Android (CoopPay App),Mysuru,Karnataka,12.2928,76.6694,Fertilizer & Seed Procurement,,5.0,low,0.3652492792827099,"[""Normal transaction parameters consistent with account baseline""]",completed,2026-09-14 19:30:00.000000,2026-09-16 18:32:55
1223,TXN-101223,78,PAYMENT,2078.57,53449.09,51370.52,523442.32,525520.89,0,0,2,190,Micro-ATM,Branch Terminal POS,Pune,Maharashtra,18.487399999999997,73.8505,Tractor Equipment Finance,,12.5,low,0.39152146749667366,"[""Normal transaction parameters consistent with account baseline""]",completed,2026-09-14 19:31:00.000000,2026-09-16 18:32:55
1224,TXN-101224,78,PAYMENT,505.83,34791.41,34285.58,454071.36,454577.19,0,0,11,199,Micro-ATM,Branch Terminal POS,Delhi,Delhi,28.6853,77.0822,Agricultural Crop Loan EMI,LON-40514,33.6,low,0.4647633771066057,[],completed,2026-09-14 19:32:00.000000,2026-09-16 18:32:55
1225,TXN-101225,78,PAYMENT,1934.58,0.0,0.0,248151.22,250085.8,0,0,69,197,UPI,Mobile - Android (CoopPay App),Coimbatore,Tamil Nadu,11.0334,76.9506,Agricultural Crop Loan EMI,LON-74694,38.9,medium,0.4833036162751449,[],completed,2026-09-14 19:31:00.000000,2026-09-16 18:32:55
1226,TXN-101226,78,PAYMENT,1191.69,21024.16,19832.47,352292.21,353483.9,0,0,22,189,Micro-ATM,Branch Terminal POS,Madurai,Tamil Nadu,9.9379,78.1081,Emergency Healthcare Advance,,42.1,medium,0.494551109884036,[],completed,2026-09-14 19:33:00.000000,2026-09-16 18:32:55
1227,TXN-101227,78,CASH_IN,21830.04,15000.0,36830.04,6654.92,28484.96,0,0,181,120,Branch Cashier,Branch Terminal POS,Coimbatore,Tamil Nadu,10.9868,76.9452,Solar Pump Subsidy Disbursal,,58.3,medium,0.5509982360614127,"[""Multi-dimensional behavioral anomaly flagged by Isolation Forest scoring engine""]",completed,2026-09-14 19:34:00.000000,2026-09-16 18:32:55
1228,TXN-101228,78,TRANSFER,193530.21,326881.7,133351.49,48429.43,241959.64,1,1,70,101,RTGS,Branch Terminal POS,Madurai,Tamil Nadu,9.9517,78.0867,Agricultural Crop Loan EMI,LON-53286,41.8,medium,0.49341222694126985,"[""Instant high-value outbound settlement via RTGS"", ""Unusual lump-sum cooperative loan disbursement pattern (Agricultural Crop Loan EMI)""]",completed,2026-09-14 19:35:00.000000,2026-09-16 18:32:55
1229,TXN-101229,78,TRANSFER,22973.6,86360.7,63387.1,62813.79,85787.39,0,0,36,38,IMPS,Mobile - Android (CoopPay App),Chennai,Tamil Nadu,13.1044,80.2817,Agricultural Crop Loan EMI,LON-44931,10.5,low,0.38427409549471886,"[""Normal transaction parameters consistent with account baseline""]",completed,2026-09-14 19:31:00.000000,2026-09-16 18:32:55
1230,TXN-101230,78,TRANSFER,7474.27,107726.01,100251.74,108734.37,116208.64,0,0,98,5,RTGS,Branch Terminal POS,Pune,Maharashtra,18.5246,73.8602,Dairy Cooperative Milk Payout,,9.0,low,0.3791890244499036,"[""Normal transaction parameters consistent with account baseline""]",completed,2026-09-14 19:42:00.000000,2026-09-16 18:32:55
1231,TXN-101231,78,CASH_OUT,7457.76,81605.0,74147.24,27058.38,34516.14,0,0,96,64,Branch Cashier,Branch Terminal POS,Kochi,Kerala,9.9603,76.24940000000001,Solar Pump Subsidy Disbursal,,22.0,low,0.4245754258451068,"[""Normal transaction parameters consistent with account baseline""]",completed,2026-09-14 19:38:00.000000,2026-09-16 18:32:55
1232,TXN-101232,78,CASH_OUT,840.94,27960.51,27119.57,68049.95,68890.89,0,0,22,74,Branch Cashier,Branch Terminal POS,Madurai,Tamil Nadu,9.9379,78.1081,Member Share Capital Dividend,,45.1,medium,0.5049594422069514,[],completed,2026-09-14 19:32:00.000000,2026-09-16 18:32:55
1233,TXN-101233,78,TRANSFER,4562.06,104260.78,99698.72,37552.52,42114.58,0,0,80,46,NEFT,Branch Terminal POS,Kochi,Kerala,9.941600000000001,76.2316,Emergency Healthcare Advance,,5.9,low,0.36829018169625183,"[""Normal transaction parameters consistent with account baseline""]",completed,2026-09-14 19:44:00.000000,2026-09-16 18:32:55
1234,TXN-101234,78,TRANSFER,8128.04,87588.5,79460.46,19832.47,27960.51,0,0,108,22,UPI,Mobile - Android (CoopPay App),Ahmedabad,Gujarat,23.0595,72.58659999999999,Dairy Cooperative Milk Payout,,8.6,low,0.377942369570123,"[""Normal transaction parameters consistent with account baseline""]",completed,2026-09-14 19:43:00.000000,2026-09-16 18:32:55
1235,TXN-101235,78,PAYMENT,762.52,58968.45,58205.93,213982.6,214745.12,0,0,88,198,UPI,Mobile - Android (CoopPay App),Mysuru,Karnataka,12.3215,76.6455,Emergency Healthcare Advance,,22.3,low,0.4256034633691537,"[""Normal transaction parameters consistent with account baseline""]",completed,2026-09-14 19:42:00.000000,2026-09-16 18:32:55
1236,TXN-101236,78,PAYMENT,154.78,15602.89,15448.11,482563.34,482718.12,0,0,65,193,Micro-ATM,Branch Terminal POS,Mumbai,Maharashtra,19.098200000000002,72.8508,Member Share Capital Dividend,,47.9,medium,0.5147420723926888,[],completed,2026-09-14 19:42:00.000000,2026-09-16 18:32:55
1237,TXN-101237,78,TRANSFER,1177.71,2170.74,993.03,76280.11,77457.82,0,0,105,72,UPI,Mobile - Android (CoopPay App),Hyderabad,Telangana,17.387500000000003,78.492,Member Share Capital Dividend,,9.4,low,0.380424843809393,"[""Normal transaction parameters consistent with account baseline""]",completed,2026-09-14 19:41:00.000000,2026-09-16 18:32:55
1238,TXN-101238,79,CASH_OUT,7672.64,91612.51,83939.87,70809.39,78482.03,0,0,84,39,Branch Cashier,Branch Terminal POS,Chennai,Tamil Nadu,13.045300000000001,80.25370000000001,Dairy Cooperative Milk Payout,,19.1,low,0.4144039470604138,"[""Normal transaction parameters consistent with account baseline""]",completed,2026-09-14 19:52:00.000000,2026-09-16 18:32:55
1239,TXN-101239,79,CASH_IN,12932.19,15000.0,27932.19,61688.88,74621.07,0,0,166,112,Branch Cashier,Branch Terminal POS,Madurai,Tamil Nadu,9.9625,78.1452,Member Share Capital Dividend,,49.6,medium,0.5206535000680819,[],completed,2026-09-14 19:53:00.000000,2026-09-16 18:32:55
1240,TXN-101240,79,TRANSFER,19007.31,106423.9,87416.59,79460.46,98467.77,0,0,55,108,RTGS,Branch Terminal POS,Bengaluru,Karnataka,12.991100000000001,77.5926,Tractor Equipment Finance,,18.1,low,0.4109376318676422,"[""Normal transaction parameters consistent with account baseline""]",completed,2026-09-14 19:52:00.000000,2026-09-16 18:32:55
1241,TXN-101241,79,TRANSFER,7802.77,45217.01,37414.24,38557.66,46360.43,0,0,81,79,NEFT,Branch Terminal POS,Mumbai,Maharashtra,19.0993,72.8558,Fertilizer & Seed Procurement,,2.8,low,0.35757838815366516,"[""Normal transaction parameters consistent with account baseline""]",completed,2026-09-14 19:59:00.000000,2026-09-16 18:32:55
1242,TXN-101242,79,TRANSFER,6452.58,32147.24,25694.66,62534.27,68986.85,0,0,34,106,UPI,Mobile - Android (CoopPay App),Pune,Maharashtra,18.5016,73.8879,Self-Help Group (SHG) Pool Contribution,,2.6,low,0.3567960331846362,"[""Normal transaction parameters consistent with account baseline""]",completed,2026-09-14 19:55:00.000000,2026-09-16 18:32:55
1243,TXN-101243,79,CASH_OUT,400.58,32573.55,32172.97,0.0,400.58,0,0,104,89,Branch Cashier,Branch Terminal POS,Mysuru,Karnataka,12.3281,76.6031,Dairy Cooperative Milk Payout,,48.8,medium,0.517744125301007,[],completed,2026-09-14 19:53:00.000000,2026-09-16 18:32:55
1244,TXN-101244,79,CASH_OUT,5695.03,49465.27,43770.24,42132.38,47827.41,0,0,100,27,Branch Cashier,Branch Terminal POS,Chennai,Tamil Nadu,13.119900000000001,80.2573,Solar Pump Subsidy Disbursal,,24.1,low,0.4318963680001018,"[""Normal transaction parameters consistent with account baseline""]",completed,2026-09-14 19:49:00.000000,2026-09-16 18:32:55
1245,TXN-101245,79,TRANSFER,13406.91,53412.27,40005.36,79060.53,92467.44,0,0,12,17,NEFT,Branch Terminal POS,Ahmedabad,Gujarat,23.022000000000002,72.5919,Member Share Capital Dividend,,3.0,low,0.3583499770425389,"[""Normal transaction parameters consistent with account baseline""]",completed,2026-09-14 19:55:00.000000,2026-09-16 18:32:55
1246,TXN-101246,79,TRANSFER,12035.66,31947.16,19911.5,94866.52,106902.18,0,0,93,28,UPI,Mobile - Android (CoopPay App),Surat,Gujarat,21.1399,72.869,Member Share Capital Dividend,,11.1,low,0.3865528872966127,"[""Normal transaction parameters consistent with account baseline""]",completed,2026-09-14 19:50:00.000000,2026-09-16 18:32:55
1247,TXN-101247,79,CASH_OUT,7535.88,42591.79,35055.91,68986.85,76522.73,0,0,18,106,Branch Cashier,Branch Terminal POS,Pune,Maharashtra,18.5184,73.86070000000001,Member Share Capital Dividend,,24.8,low,0.4342924643044335,"[""Normal transaction parameters consistent with account baseline""]",completed,2026-09-14 19:46:00.000000,2026-09-16 18:32:55
1248,TXN-101248,79,DEBIT,17573.89,87696.78,70122.89,99698.72,117272.61,0,0,45,80,Branch Cashier,Branch Terminal POS,Surat,Gujarat,21.130300000000002,72.86510000000001,Emergency Healthcare Advance,,36.2,medium,0.4738173987682889,[],completed,2026-09-14 19:55:00.000000,2026-09-16 18:32:55
1249,TXN-101249,79,TRANSFER,193530.21,241959.64,48429.43,188655.82,382186.03,1,1,101,62,UPI,Mobile - Android (CoopPay App),Coimbatore,Tamil Nadu,11.0096,76.9682,Fertilizer & Seed Procurement,,42.5,medium,0.4958409263964386,"[""Transaction amount represents 235% of total recorded cooperative savings balance""]",completed,2026-09-14 19:50:00.000000,2026-09-16 18:32:55
1250,TXN-101250,79,PAYMENT,1155.77,65706.37,64550.6,410207.32,411363.09,0,0,71,196,Micro-ATM,Branch Terminal POS,Bengaluru,Karnataka,12.9585,77.5941,Dairy Cooperative Milk Payout,,16.9,low,0.4068207155485092,"[""Normal transaction parameters consistent with account baseline""]",completed,2026-09-14 19:57:00.000000,2026-09-16 18:32:55
1251,TXN-101251,79,TRANSFER,13369.21,24734.27,11365.06,64550.6,77919.81,0,0,15,71,IMPS,Mobile - Android (CoopPay App),Lucknow,Uttar Pradesh,26.847299999999997,80.91470000000001,Agricultural Crop Loan EMI,LON-15504,5.1,low,0.365682683119123,"[""Normal transaction parameters consistent with account baseline""]",completed,2026-09-14 19:51:00.000000,2026-09-16 18:32:55
1252,TXN-101252,79,CASH_IN,5251.59,15000.0,20251.59,65150.66,70402.25,0,0,178,106,Branch Cashier,Branch Terminal POS,Pune,Maharashtra,18.4944,73.879,Solar Pump Subsidy Disbursal,,58.0,medium,0.5498710622772138,"[""Multi-dimensional behavioral anomaly flagged by Isolation Forest scoring engine""]",completed,2026-09-14 19:54:00.000000,2026-09-16 18:32:55
1253,TXN-101253,79,CASH_OUT,7867.98,70402.25,62534.27,100251.74,108119.72,0,0,106,98,Branch Cashier,Branch Terminal POS,Warangal,Telangana,17.9785,79.57339999999999,Fertilizer & Seed Procurement,,15.7,low,0.40251475321428815,"[""Normal transaction parameters consistent with account baseline""]",completed,2026-09-14 19:56:00.000000,2026-09-16 18:32:55
1254,TXN-101254,79,TRANSFER,130190.38,95384.86,0.0,0.0,130190.38,1,0,45,117,UPI,Mobile - Android (CoopPay App),Surat,Gujarat,21.130300000000002,72.86510000000001,Member Share Capital Dividend,,79.8,high,0.6259570133883889,"[""Transaction amount represents 277% of total recorded cooperative savings balance"", ""Rapid near-complete balance drainage detected (\u20b995,385 \u2192 \u20b90)""]",flagged,2026-09-14 19:50:00.000000,2026-09-16 18:32:55
1255,TXN-101255,80,PAYMENT,2035.97,70122.89,68086.92,411363.09,413399.06,0,0,45,196,Micro-ATM,Branch Terminal POS,Surat,Gujarat,21.130300000000002,72.86510000000001,Dairy Cooperative Milk Payout,,15.0,low,0.4001383517479499,"[""Normal transaction parameters consistent with account baseline""]",completed,2026-09-14 20:02:00.000000,2026-09-16 18:32:55
1256,TXN-101256,80,PAYMENT,2514.03,38245.87,35731.84,250085.8,252599.83,0,0,49,197,Micro-ATM,Branch Terminal POS,Mumbai,Maharashtra,19.073900000000002,72.9098,Agricultural Crop Loan EMI,LON-17834,17.4,low,0.40836988660361717,"[""Normal transaction parameters consistent with account baseline""]",completed,2026-09-14 20:10:00.000000,2026-09-16 18:32:55
1257,TXN-101257,80,DEBIT,13901.8,89748.04,75846.24,40005.36,53907.16,0,0,102,12,Branch Cashier,Branch Terminal POS,Madurai,Tamil Nadu,9.9372,78.14789999999999,Fertilizer & Seed Procurement,,13.5,low,0.394906121832931,"[""Normal transaction parameters consistent with account baseline""]",completed,2026-09-14 20:05:00.000000,2026-09-16 18:32:55
1258,TXN-101258,80,TRANSFER,5640.86,37414.24,31773.38,91238.11,96878.97,0,0,81,54,UPI,Mobile - Android (CoopPay App),Mumbai,Maharashtra,19.0993,72.8558,Fertilizer & Seed Procurement,,2.8,low,0.35757828683372483,"[""Normal transaction parameters consistent with account baseline""]",completed,2026-09-14 20:11:00.000000,2026-09-16 18:32:55
1259,TXN-101259,80,PAYMENT,2845.05,82986.71,80141.66,413399.06,416244.11,0,0,51,196,UPI,Mobile - Android (CoopPay App),Nagpur,Maharashtra,21.142200000000003,79.1191,Micro-Savings Recurring Deposit,,19.3,low,0.41494351030478566,"[""Normal transaction parameters consistent with account baseline""]",completed,2026-09-14 20:07:00.000000,2026-09-16 18:32:55
1260,TXN-101260,80,CASH_OUT,13499.22,119703.71,106204.49,58205.93,71705.15,0,0,32,88,Branch Cashier,Branch Terminal POS,Kochi,Kerala,9.9083,76.2485,Micro-Savings Recurring Deposit,,19.8,low,0.41686398793437096,"[""Normal transaction parameters consistent with account baseline""]",completed,2026-09-14 20:08:00.000000,2026-09-16 18:32:55
1261,TXN-101261,80,CASH_OUT,3595.64,0.0,0.0,98467.77,102063.41,0,0,19,108,Branch Cashier,Branch Terminal POS,Nagpur,Maharashtra,21.125600000000002,79.05330000000001,Solar Pump Subsidy Disbursal,,48.3,medium,0.5160666329304088,[],completed,2026-09-14 20:12:00.000000,2026-09-16 18:32:55
1262,TXN-101262,80,CASH_IN,2157.09,15000.0,17157.09,75765.5,77922.59,0,0,128,8,Branch Cashier,Branch Terminal POS,Kochi,Kerala,9.8961,76.2656,Member Share Capital Dividend,,69.1,high,0.5884203514048351,"[""Multi-dimensional behavioral anomaly flagged by Isolation Forest scoring engine""]",flagged,2026-09-14 20:11:00.000000,2026-09-16 18:32:55
1263,TXN-101263,80,DEBIT,24769.11,104997.28,80228.17,94934.6,119703.71,0,0,90,32,Branch Cashier,Branch Terminal POS,Warangal,Telangana,17.997500000000002,79.5805,Emergency Healthcare Advance,,24.2,low,0.4321815250362177,"[""Normal transaction parameters consistent with account baseline""]",completed,2026-09-14 20:00:00.000000,2026-09-16 18:32:55
1264,TXN-101264,80,CASH_OUT,48571.2,140198.63,91627.43,93684.26,142255.46,0,0,97,119,Branch Cashier,Branch Terminal POS,Mumbai,Maharashtra,19.103,72.8841,Fertilizer & Seed Procurement,,50.8,medium,0.5248425534816477,"[""Multi-dimensional behavioral anomaly flagged by Isolation Forest scoring engine""]",completed,2026-09-14 20:05:00.000000,2026-09-16 18:32:55
1265,TXN-101265,80,CASH_OUT,7171.2,34317.65,27146.45,35055.91,42227.11,0,0,87,18,Branch Cashier,Branch Terminal POS,Bengaluru,Karnataka,12.990400000000001,77.6029,Agricultural Crop Loan EMI,LON-73609,29.6,low,0.4508428649662735,"[""Normal transaction parameters consistent with account baseline""]",completed,2026-09-14 20:04:00.000000,2026-09-16 18:32:55
1266,TXN-101266,80,TRANSFER,130190.38,130190.38,0.0,142132.15,272322.53,1,0,117,73,RTGS,Branch Terminal POS,Coimbatore,Tamil Nadu,11.0496,76.94,Self-Help Group (SHG) Pool Contribution,,65.0,high,0.5742606542808182,"[""Transaction amount represents 479% of total recorded cooperative savings balance"", ""Rapid near-complete balance drainage detected (\u20b9130,190 \u2192 \u20b90)"", ""Instant high-value outbound settlement via RTGS""]",flagged,2026-09-14 20:11:00.000000,2026-09-16 18:32:55
1267,TXN-101267,80,PAYMENT,302.88,83187.69,82884.81,477526.66,477829.54,0,0,110,201,Micro-ATM,Branch Terminal POS,Jaipur,Rajasthan,26.934700000000003,75.8252,Member Share Capital Dividend,,32.8,low,0.4620250188352418,[],completed,2026-09-14 20:04:00.000000,2026-09-16 18:32:55
1268,TXN-101268,80,TRANSFER,3454.24,0.0,0.0,74003.17,77457.41,0,0,69,92,IMPS,Mobile - Android (CoopPay App),Coimbatore,Tamil Nadu,11.0334,76.9506,Self-Help Group (SHG) Pool Contribution,,30.2,low,0.4529136684815391,[],completed,2026-09-14 20:09:00.000000,2026-09-16 18:32:55
1269,TXN-101269,80,TRANSFER,7046.78,85787.39,78740.61,64597.13,71643.91,0,0,38,35,NEFT,Branch Terminal POS,Madurai,Tamil Nadu,9.9571,78.0966,Solar Pump Subsidy Disbursal,,1.2,low,0.35193862739480347,"[""Normal transaction parameters consistent with account baseline""]",completed,2026-09-14 20:05:00.000000,2026-09-16 18:32:55
1270,TXN-101270,80,CASH_OUT,1779.06,47827.41,46048.35,68890.89,70669.95,0,0,27,74,Branch Cashier,Branch Terminal POS,Delhi,Delhi,28.717,77.10140000000001,Self-Help Group (SHG) Pool Contribution,,20.4,low,0.4189926890592668,"[""Normal transaction parameters consistent with account baseline""]",completed,2026-09-14 20:04:00.000000,2026-09-16 18:32:55
1271,TXN-101271,81,PAYMENT,921.58,92142.15,91220.57,346454.74,347376.32,0,0,115,187,UPI,Mobile - Android (CoopPay App),Nagpur,Maharashtra,21.142200000000003,79.102,Self-Help Group (SHG) Pool Contribution,,20.5,low,0.4193298666243454,"[""Normal transaction parameters consistent with account baseline""]",completed,2026-09-14 20:17:00.000000,2026-09-16 18:32:55
1272,TXN-101272,81,PAYMENT,110.4,77919.81,77809.41,416244.11,416354.51,0,0,71,196,Micro-ATM,Branch Terminal POS,Bengaluru,Karnataka,12.9585,77.5941,Tractor Equipment Finance,,63.4,high,0.5684915888570872,"[""Multi-dimensional behavioral anomaly flagged by Isolation Forest scoring engine""]",flagged,2026-09-14 20:17:00.000000,2026-09-16 18:32:55
1273,TXN-101273,81,PAYMENT,806.37,82884.81,82078.44,320940.17,321746.54,0,0,110,192,Micro-ATM,Branch Terminal POS,Jaipur,Rajasthan,26.934700000000003,75.8252,Self-Help Group (SHG) Pool Contribution,,15.8,low,0.4027668907299883,"[""Normal transaction parameters consistent with account baseline""]",completed,2026-09-14 20:28:00.000000,2026-09-16 18:32:55
1274,TXN-101274,81,CASH_OUT,5311.18,131371.27,126060.09,68086.92,73398.1,0,0,42,45,Branch Cashier,Branch Terminal POS,Warangal,Telangana,17.960800000000003,79.57639999999999,Solar Pump Subsidy Disbursal,,14.1,low,0.397049973839336,"[""Normal transaction parameters consistent with account baseline""]",completed,2026-09-14 20:20:00.000000,2026-09-16 18:32:55
1275,TXN-101275,81,TRANSFER,3479.04,8174.35,4695.31,75846.24,79325.28,0,0,6,102,RTGS,Branch Terminal POS,Madurai,Tamil Nadu,9.9087,78.1301,Fertilizer & Seed Procurement,,10.6,low,0.3845758232822918,"[""Normal transaction parameters consistent with account baseline""]",completed,2026-09-14 20:15:00.000000,2026-09-16 18:32:55
1276,TXN-101276,81,DEBIT,2774.38,400.58,0.0,0.0,2774.38,0,0,89,48,Branch Cashier,Branch Terminal POS,Hyderabad,Telangana,17.3958,78.486,Agricultural Crop Loan EMI,LON-91229,32.3,low,0.4603908486250715,[],completed,2026-09-14 20:29:00.000000,2026-09-16 18:32:55
1277,TXN-101277,81,TRANSFER,130190.38,272322.53,142132.15,0.0,130190.38,1,0,73,45,NEFT,Branch Terminal POS,Hyderabad,Telangana,17.405700000000003,78.50189999999999,Member Share Capital Dividend,,39.0,medium,0.48378506576394836,[],completed,2026-09-14 20:28:00.000000,2026-09-16 18:32:55
1278,TXN-101278,81,PAYMENT,1031.95,66230.51,65198.56,156762.2,157794.15,0,0,52,191,UPI,Mobile - Android (CoopPay App),Chennai,Tamil Nadu,13.097700000000001,80.30210000000001,Self-Help Group (SHG) Pool Contribution,,14.8,low,0.3994637966744911,"[""Normal transaction parameters consistent with account baseline""]",completed,2026-09-14 20:20:00.000000,2026-09-16 18:32:55
1279,TXN-101279,81,PAYMENT,2977.42,55546.08,52568.66,214745.12,217722.54,0,0,59,198,Micro-ATM,Branch Terminal POS,Delhi,Delhi,28.732400000000002,77.1388,Member Share Capital Dividend,,24.7,low,0.4337537931240729,"[""Normal transaction parameters consistent with account baseline""]",completed,2026-09-14 20:28:00.000000,2026-09-16 18:32:55
1280,TXN-101280,81,PAYMENT,2240.16,102063.41,99823.25,103542.43,105782.59,0,0,108,188,Micro-ATM,Branch Terminal POS,Ahmedabad,Gujarat,23.0595,72.58659999999999,Self-Help Group (SHG) Pool Contribution,,14.9,low,0.39983416883517353,"[""Normal transaction parameters consistent with account baseline""]",completed,2026-09-14 20:23:00.000000,2026-09-16 18:32:55
1281,TXN-101281,81,TRANSFER,10921.48,111414.9,100493.42,101069.09,111990.57,0,0,75,101,NEFT,Branch Terminal POS,Delhi,Delhi,28.6858,77.0826,Micro-Savings Recurring Deposit,,3.9,low,0.3614327336870191,"[""Normal transaction parameters consistent with account baseline""]",completed,2026-09-14 20:17:00.000000,2026-09-16 18:32:55
1282,TXN-101282,81,CASH_OUT,9538.44,33791.32,24252.88,79604.83,89143.27,0,0,109,94,Branch Cashier,Branch Terminal POS,Surat,Gujarat,21.158900000000003,72.8148,Micro-Savings Recurring Deposit,,16.0,low,0.40358674218377005,"[""Normal transaction parameters consistent with account baseline""]",completed,2026-09-14 20:21:00.000000,2026-09-16 18:32:55
1283,TXN-101283,81,CASH_IN,17022.24,15000.0,32022.24,38523.84,55546.08,0,0,149,59,Branch Cashier,Branch Terminal POS,Coimbatore,Tamil Nadu,10.9923,76.97789999999999,Dairy Cooperative Milk Payout,,53.5,medium,0.534248866240774,"[""Multi-dimensional behavioral anomaly flagged by Isolation Forest scoring engine""]",completed,2026-09-14 20:16:00.000000,2026-09-16 18:32:55
1284,TXN-101284,81,DEBIT,3917.76,42114.58,38196.82,61432.28,65350.04,0,0,46,103,Branch Cashier,Branch Terminal POS,Jaipur,Rajasthan,26.8975,75.8151,Dairy Cooperative Milk Payout,,7.8,low,0.375079844448714,"[""Normal transaction parameters consistent with account baseline""]",completed,2026-09-14 20:23:00.000000,2026-09-16 18:32:55
1285,TXN-101285,81,TRANSFER,11268.45,0.0,0.0,87416.59,98685.04,0,0,69,55,IMPS,Mobile - Android (CoopPay App),Coimbatore,Tamil Nadu,11.0334,76.9506,Fertilizer & Seed Procurement,,32.8,low,0.46216919840766446,[],completed,2026-09-14 20:15:00.000000,2026-09-16 18:32:55
1286,TXN-101286,81,TRANSFER,1032.46,76522.73,75490.27,71643.91,72676.37,0,0,106,35,UPI,Mobile - Android (CoopPay App),Warangal,Telangana,17.9785,79.57339999999999,Member Share Capital Dividend,,10.5,low,0.3842772016089789,"[""Normal transaction parameters consistent with account baseline""]",completed,2026-09-14 20:28:00.000000,2026-09-16 18:32:55
1287,TXN-101287,82,TRANSFER,6212.17,34285.58,28073.41,48604.61,54816.78,0,0,11,117,RTGS,Branch Terminal POS,Delhi,Delhi,28.6853,77.0822,Member Share Capital Dividend,,12.2,low,0.3901855483097836,"[""Normal transaction parameters consistent with account baseline""]",completed,2026-09-14 20:31:00.000000,2026-09-16 18:32:55
1288,TXN-101288,82,PAYMENT,940.98,4900.99,3960.01,353483.9,354424.88,0,0,113,189,UPI,Mobile - Android (CoopPay App),Mumbai,Maharashtra,19.078500000000002,72.91080000000001,Emergency Healthcare Advance,,17.8,low,0.4097345196135887,"[""Normal transaction parameters consistent with account baseline""]",completed,2026-09-14 20:31:00.000000,2026-09-16 18:32:55
1289,TXN-101289,82,DEBIT,1875.86,74621.07,72745.21,63387.1,65262.96,0,0,112,36,Branch Cashier,Branch Terminal POS,Kochi,Kerala,9.8984,76.2509,Solar Pump Subsidy Disbursal,,8.3,low,0.3767846906023885,"[""Normal transaction parameters consistent with account baseline""]",completed,2026-09-14 20:40:00.000000,2026-09-16 18:32:55
1290,TXN-101290,82,PAYMENT,236.82,53907.16,53670.34,157794.15,158030.97,0,0,12,191,Micro-ATM,Branch Terminal POS,Ahmedabad,Gujarat,23.022000000000002,72.5919,Agricultural Crop Loan EMI,LON-58018,58.7,medium,0.5521191764345195,"[""Multi-dimensional behavioral anomaly flagged by Isolation Forest scoring engine""]",completed,2026-09-14 20:38:00.000000,2026-09-16 18:32:55
1291,TXN-101291,82,CASH_IN,6701.06,15000.0,21701.06,83170.03,89871.09,0,0,130,26,Branch Cashier,Branch Terminal POS,Pune,Maharashtra,18.5228,73.85300000000001,Dairy Cooperative Milk Payout,,54.8,medium,0.5386513425952111,"[""Multi-dimensional behavioral anomaly flagged by Isolation Forest scoring engine""]",completed,2026-09-14 20:33:00.000000,2026-09-16 18:32:55
1292,TXN-101292,82,TRANSFER,4958.38,58541.4,53583.02,0.0,4958.38,0,0,76,89,IMPS,Mobile - Android (CoopPay App),Ahmedabad,Gujarat,23.041600000000003,72.5535,Solar Pump Subsidy Disbursal,,12.5,low,0.39135249340619654,"[""Normal transaction parameters consistent with account baseline""]",completed,2026-09-14 20:30:00.000000,2026-09-16 18:32:55
1293,TXN-101293,82,PAYMENT,3682.38,106902.18,103219.8,354424.88,358107.26,0,0,28,189,UPI,Mobile - Android (CoopPay App),Ahmedabad,Gujarat,22.9871,72.57809999999999,Solar Pump Subsidy Disbursal,,16.2,low,0.4041341638690972,"[""Normal transaction parameters consistent with account baseline""]",completed,2026-09-14 20:44:00.000000,2026-09-16 18:32:55
1294,TXN-101294,82,CASH_OUT,368.85,18151.28,17782.43,72745.21,73114.06,0,0,44,112,Branch Cashier,Branch Terminal POS,Ahmedabad,Gujarat,23.0102,72.5943,Agricultural Crop Loan EMI,LON-57307,36.6,medium,0.475378243033015,[],completed,2026-09-14 20:42:00.000000,2026-09-16 18:32:55
1295,TXN-101295,82,TRANSFER,6480.58,31773.38,25292.8,114618.13,121098.71,0,0,81,91,RTGS,Branch Terminal POS,Mumbai,Maharashtra,19.0993,72.8558,Micro-Savings Recurring Deposit,,2.6,low,0.3568497017179819,"[""Normal transaction parameters consistent with account baseline""]",completed,2026-09-14 20:38:00.000000,2026-09-16 18:32:55
1296,TXN-101296,82,TRANSFER,4247.4,91627.43,87380.03,76568.67,80816.07,0,0,97,84,UPI,Mobile - Android (CoopPay App),Mumbai,Maharashtra,19.103,72.8841,Tractor Equipment Finance,,1.1,low,0.3517109841145318,"[""Normal transaction parameters consistent with account baseline""]",completed,2026-09-14 20:42:00.000000,2026-09-16 18:32:55
1297,TXN-101297,82,TRANSFER,7371.2,83939.87,76568.67,80141.66,87512.86,0,0,84,51,UPI,Mobile - Android (CoopPay App),Chennai,Tamil Nadu,13.045300000000001,80.25370000000001,Dairy Cooperative Milk Payout,,0.8,low,0.3507469400373013,"[""Normal transaction parameters consistent with account baseline""]",completed,2026-09-14 20:38:00.000000,2026-09-16 18:32:55
1298,TXN-101298,82,CASH_OUT,3304.99,53670.34,50365.35,103886.02,107191.01,0,0,12,1,Branch Cashier,Branch Terminal POS,Ahmedabad,Gujarat,23.022000000000002,72.5919,Tractor Equipment Finance,,35.2,medium,0.47056698162945976,[],completed,2026-09-14 20:43:00.000000,2026-09-16 18:32:55
1299,TXN-101299,82,TRANSFER,4440.3,17870.46,13430.16,121098.71,125539.01,0,0,57,91,IMPS,Mobile - Android (CoopPay App),Hyderabad,Telangana,17.375600000000002,78.4589,Self-Help Group (SHG) Pool Contribution,,1.8,low,0.35401055262114434,"[""Normal transaction parameters consistent with account baseline""]",completed,2026-09-14 20:31:00.000000,2026-09-16 18:32:55
1300,TXN-101300,82,TRANSFER,105234.02,55450.71,0.0,16848.3,122082.32,1,0,83,114,UPI,Mobile - Android (CoopPay App),Nagpur,Maharashtra,21.125,79.0924,Member Share Capital Dividend,,79.9,high,0.6260510734980357,"[""Transaction amount represents 370% of total recorded cooperative savings balance"", ""Rapid near-complete balance drainage detected (\u20b955,451 \u2192 \u20b90)""]",flagged,2026-09-14 20:31:00.000000,2026-09-16 18:32:55
1301,TXN-101301,82,TRANSFER,4070.52,52568.66,48498.14,98685.04,102755.56,0,0,59,55,RTGS,Branch Terminal POS,Delhi,Delhi,28.732400000000002,77.1388,Member Share Capital Dividend,,12.9,low,0.392921824162562,"[""Normal transaction parameters consistent with account baseline""]",completed,2026-09-14 20:38:00.000000,2026-09-16 18:32:55
1302,TXN-101302,82,DEBIT,3397.58,142255.46,138857.88,14472.88,17870.46,0,0,119,57,Branch Cashier,Branch Terminal POS,Bengaluru,Karnataka,12.9786,77.6127,Self-Help Group (SHG) Pool Contribution,,4.6,low,0.36373092702311677,"[""Normal transaction parameters consistent with account baseline""]",completed,2026-09-14 20:33:00.000000,2026-09-16 18:32:55
1303,TXN-101303,83,TRANSFER,319.61,15813.25,15493.64,71705.15,72024.76,0,0,118,88,IMPS,Mobile - Android (CoopPay App),Madurai,Tamil Nadu,9.893,78.1508,Fertilizer & Seed Procurement,,42.9,medium,0.497356267799974,[],completed,2026-09-14 20:55:00.000000,2026-09-16 18:32:55
1304,TXN-101304,83,PAYMENT,5703.04,103219.8,97516.76,358107.26,363810.3,0,0,28,189,Micro-ATM,Branch Terminal POS,Ahmedabad,Gujarat,22.9871,72.57809999999999,Dairy Cooperative Milk Payout,,19.9,low,0.41724878530072357,"[""Normal transaction parameters consistent with account baseline""]",completed,2026-09-14 20:53:00.000000,2026-09-16 18:32:55
1305,TXN-101305,83,TRANSFER,8430.85,27119.57,18688.72,85635.64,94066.49,0,0,22,94,NEFT,Branch Terminal POS,Madurai,Tamil Nadu,9.9379,78.1081,Solar Pump Subsidy Disbursal,,3.6,low,0.3603751570682046,"[""Normal transaction parameters consistent with account baseline""]",completed,2026-09-14 20:57:00.000000,2026-09-16 18:32:55
1306,TXN-101306,83,DEBIT,1616.22,13430.16,11813.94,50365.35,51981.57,0,0,57,12,Branch Cashier,Branch Terminal POS,Hyderabad,Telangana,17.375600000000002,78.4589,Emergency Healthcare Advance,,9.7,low,0.3816492444915559,"[""Normal transaction parameters consistent with account baseline""]",completed,2026-09-14 20:56:00.000000,2026-09-16 18:32:55
1307,TXN-101307,83,TRANSFER,105234.02,122082.32,16848.3,10303.36,115537.38,1,0,114,103,UPI,Mobile - Android (CoopPay App),Pune,Maharashtra,18.517899999999997,73.8227,Fertilizer & Seed Procurement,,33.3,low,0.4639173575245613,[],completed,2026-09-14 20:59:00.000000,2026-09-16 18:32:55
1308,TXN-101308,83,PAYMENT,851.33,102755.56,101904.23,403724.59,404575.92,0,0,55,194,UPI,Mobile - Android (CoopPay App),Bengaluru,Karnataka,12.991100000000001,77.5926,Self-Help Group (SHG) Pool Contribution,,14.7,low,0.3991446315951799,"[""Normal transaction parameters consistent with account baseline""]",completed,2026-09-14 20:57:00.000000,2026-09-16 18:32:55
1309,TXN-101309,83,CASH_OUT,3507.63,89143.27,85635.64,10303.39,13811.02,0,0,94,14,Branch Cashier,Branch Terminal POS,Jaipur,Rajasthan,26.951800000000002,75.8203,Self-Help Group (SHG) Pool Contribution,,22.9,low,0.4276789941656851,"[""Normal transaction parameters consistent with account baseline""]",completed,2026-09-14 20:51:00.000000,2026-09-16 18:32:55
1310,TXN-101310,83,TRANSFER,3309.28,14786.79,11477.51,64547.69,67856.97,0,0,10,13,IMPS,Mobile - Android (CoopPay App),Warangal,Telangana,17.961000000000002,79.5594,Self-Help Group (SHG) Pool Contribution,,10.2,low,0.3833034015535392,"[""Normal transaction parameters consistent with account baseline""]",completed,2026-09-14 20:50:00.000000,2026-09-16 18:32:55
1311,TXN-101311,83,TRANSFER,5841.42,142323.3,136481.88,78482.03,84323.45,0,0,41,39,RTGS,Branch Terminal POS,Hyderabad,Telangana,17.413700000000002,78.4645,Micro-Savings Recurring Deposit,,10.5,low,0.3842314682514103,"[""Normal transaction parameters consistent with account baseline""]",completed,2026-09-14 20:54:00.000000,2026-09-16 18:32:55
1312,TXN-101312,83,TRANSFER,5157.66,42227.11,37069.45,75490.27,80647.93,0,0,18,106,NEFT,Branch Terminal POS,Pune,Maharashtra,18.5184,73.86070000000001,Self-Help Group (SHG) Pool Contribution,,7.1,low,0.3725041253772665,"[""Normal transaction parameters consistent with account baseline""]",completed,2026-09-14 20:59:00.000000,2026-09-16 18:32:55
1313,TXN-101313,83,DEBIT,6285.63,87380.03,81094.4,66380.58,72666.21,0,0,97,83,Branch Cashier,Branch Terminal POS,Mumbai,Maharashtra,19.103,72.8841,Micro-Savings Recurring Deposit,,4.1,low,0.3619245869054265,"[""Normal transaction parameters consistent with account baseline""]",completed,2026-09-14 20:50:00.000000,2026-09-16 18:32:55
1314,TXN-101314,83,TRANSFER,9609.88,27146.45,17536.57,37332.91,46942.79,0,0,87,68,RTGS,Branch Terminal POS,Bengaluru,Karnataka,12.990400000000001,77.6029,Micro-Savings Recurring Deposit,,18.0,low,0.410563114857334,"[""Normal transaction parameters consistent with account baseline""]",completed,2026-09-14 20:51:00.000000,2026-09-16 18:32:55
1315,TXN-101315,83,TRANSFER,11097.71,157893.42,146795.71,40952.2,52049.91,0,0,73,85,IMPS,Mobile - Android (CoopPay App),Hyderabad,Telangana,17.405700000000003,78.50189999999999,Self-Help Group (SHG) Pool Contribution,,11.4,low,0.38741975971045145,"[""Normal transaction parameters consistent with account baseline""]",completed,2026-09-14 20:54:00.000000,2026-09-16 18:32:55
1316,TXN-101316,83,TRANSFER,249.35,91220.57,90971.22,81094.4,81343.75,0,0,115,97,RTGS,Branch Terminal POS,Nagpur,Maharashtra,21.142200000000003,79.102,Self-Help Group (SHG) Pool Contribution,,46.7,medium,0.5103566071650972,[],completed,2026-09-14 20:48:00.000000,2026-09-16 18:32:55
1317,TXN-101317,83,PAYMENT,1976.74,137269.86,135293.12,482718.12,484694.86,0,0,16,193,Micro-ATM,Branch Terminal POS,Kochi,Kerala,9.952200000000001,76.27050000000001,Micro-Savings Recurring Deposit,,14.6,low,0.39881506505091113,"[""Normal transaction parameters consistent with account baseline""]",completed,2026-09-14 20:59:00.000000,2026-09-16 18:32:55
1318,TXN-101318,83,CASH_IN,22552.73,15000.0,37552.73,73398.1,95950.83,0,0,146,45,Branch Cashier,Branch Terminal POS,Pune,Maharashtra,18.5372,73.8501,Solar Pump Subsidy Disbursal,,55.1,medium,0.5398178085779267,"[""Multi-dimensional behavioral anomaly flagged by Isolation Forest scoring engine""]",completed,2026-09-14 20:52:00.000000,2026-09-16 18:32:55
1319,TXN-101319,84,PAYMENT,211.89,34630.9,34419.01,416354.51,416566.4,0,0,77,196,UPI,Mobile - Android (CoopPay App),Surat,Gujarat,21.154400000000003,72.8477,Agricultural Crop Loan EMI,LON-47287,47.0,medium,0.5114648403512037,[],completed,2026-09-14 21:06:00.000000,2026-09-16 18:32:55
1320,TXN-101320,84,TRANSFER,17215.5,72666.21,55450.71,77809.41,95024.91,0,0,83,71,UPI,Mobile - Android (CoopPay App),Nagpur,Maharashtra,21.125,79.0924,Self-Help Group (SHG) Pool Contribution,,10.7,low,0.38512685969701055,"[""Normal transaction parameters consistent with account baseline""]",completed,2026-09-14 21:09:00.000000,2026-09-16 18:32:55
1321,TXN-101321,84,CASH_OUT,17910.74,60910.14,42999.4,80228.17,98138.91,0,0,37,90,Branch Cashier,Branch Terminal POS,Coimbatore,Tamil Nadu,10.9857,76.9914,Tractor Equipment Finance,,38.2,medium,0.4807973138619857,[],completed,2026-09-14 21:02:00.000000,2026-09-16 18:32:55
1322,TXN-101322,84,TRANSFER,895.11,3960.01,3064.9,4336.21,5231.32,0,0,113,67,NEFT,Branch Terminal POS,Mumbai,Maharashtra,19.078500000000002,72.91080000000001,Member Share Capital Dividend,,28.2,low,0.4459052176542876,"[""Normal transaction parameters consistent with account baseline""]",completed,2026-09-14 21:00:00.000000,2026-09-16 18:32:55
1323,TXN-101323,84,DEBIT,2379.42,111990.57,109611.15,69777.75,72157.17,0,0,101,31,Branch Cashier,Branch Terminal POS,Coimbatore,Tamil Nadu,11.0096,76.9682,Micro-Savings Recurring Deposit,,6.7,low,0.37100867339629584,"[""Normal transaction parameters consistent with account baseline""]",completed,2026-09-14 21:03:00.000000,2026-09-16 18:32:55
1324,TXN-101324,84,PAYMENT,1297.51,129116.69,127819.18,217722.54,219020.05,0,0,78,198,Micro-ATM,Branch Terminal POS,Jaipur,Rajasthan,26.9234,75.8075,Self-Help Group (SHG) Pool Contribution,,15.2,low,0.4006234597940585,"[""Normal transaction parameters consistent with account baseline""]",completed,2026-09-14 21:00:00.000000,2026-09-16 18:32:55
1325,TXN-101325,84,TRANSFER,2013.69,79325.28,77311.59,65262.96,67276.65,0,0,102,36,IMPS,Mobile - Android (CoopPay App),Madurai,Tamil Nadu,9.9372,78.14789999999999,Dairy Cooperative Milk Payout,,5.0,low,0.36527868762338367,"[""Normal transaction parameters consistent with account baseline""]",completed,2026-09-14 21:08:00.000000,2026-09-16 18:32:55
1326,TXN-101326,84,TRANSFER,2586.43,34516.14,31929.71,72157.17,74743.6,0,0,64,31,RTGS,Branch Terminal POS,Kochi,Kerala,9.936300000000001,76.24470000000001,Micro-Savings Recurring Deposit,,25.5,low,0.43671316375736857,"[""Normal transaction parameters consistent with account baseline""]",completed,2026-09-14 21:00:00.000000,2026-09-16 18:32:55
1327,TXN-101327,84,TRANSFER,8385.53,96878.97,88493.44,4958.38,13343.91,0,0,54,89,IMPS,Mobile - Android (CoopPay App),Madurai,Tamil Nadu,9.9328,78.1558,Tractor Equipment Finance,,7.8,low,0.37510898413187793,"[""Normal transaction parameters consistent with account baseline""]",completed,2026-09-14 21:02:00.000000,2026-09-16 18:32:55
1328,TXN-101328,84,TRANSFER,209936.31,127076.27,0.0,0.0,209936.31,1,1,32,81,IMPS,Mobile - Android (CoopPay App),Kochi,Kerala,9.9083,76.2485,Member Share Capital Dividend,,84.2,critical,0.6410959768736442,"[""Transaction amount represents 559% of total recorded cooperative savings balance"", ""Rapid near-complete balance drainage detected (\u20b9127,076 \u2192 \u20b90)"", ""Instant high-value outbound settlement via IMPS""]",flagged,2026-09-14 21:05:00.000000,2026-09-16 18:32:55
1329,TXN-101329,84,DEBIT,6326.02,57253.2,50927.18,70669.95,76995.97,0,0,50,74,Branch Cashier,Branch Terminal POS,Pune,Maharashtra,18.5342,73.8347,Tractor Equipment Finance,,6.2,low,0.36926603041245437,"[""Normal transaction parameters consistent with account baseline""]",completed,2026-09-14 21:04:00.000000,2026-09-16 18:32:55
1330,TXN-101330,84,DEBIT,2624.24,13619.27,10995.03,92467.44,95091.68,0,0,47,17,Branch Cashier,Branch Terminal POS,Lucknow,Uttar Pradesh,26.8599,80.93650000000001,Emergency Healthcare Advance,,4.4,low,0.36301015382558954,"[""Normal transaction parameters consistent with account baseline""]",completed,2026-09-14 21:01:00.000000,2026-09-16 18:32:55
1331,TXN-101331,84,DEBIT,5235.6,46942.79,41707.19,51370.52,56606.12,0,0,68,2,Branch Cashier,Branch Terminal POS,Chennai,Tamil Nadu,13.083200000000001,80.25800000000001,Member Share Capital Dividend,,5.0,low,0.36519231443218775,"[""Normal transaction parameters consistent with account baseline""]",completed,2026-09-14 21:09:00.000000,2026-09-16 18:32:55
1332,TXN-101332,84,PAYMENT,3024.43,31929.71,28905.28,105782.59,108807.02,0,0,64,188,UPI,Mobile - Android (CoopPay App),Kochi,Kerala,9.936300000000001,76.24470000000001,Micro-Savings Recurring Deposit,,31.5,low,0.45749718425811864,[],completed,2026-09-14 21:11:00.000000,2026-09-16 18:32:55
1333,TXN-101333,84,CASH_OUT,3016.34,103345.46,100329.12,0.0,3016.34,0,0,4,86,Branch Cashier,Branch Terminal POS,Chennai,Tamil Nadu,13.1034,80.24350000000001,Solar Pump Subsidy Disbursal,,27.3,low,0.44275149172216666,"[""Normal transaction parameters consistent with account baseline""]",completed,2026-09-14 21:12:00.000000,2026-09-16 18:32:55
1334,TXN-101334,84,TRANSFER,2128.93,87512.86,85383.93,62405.3,64534.23,0,0,51,7,RTGS,Branch Terminal POS,Nagpur,Maharashtra,21.142200000000003,79.1191,Dairy Cooperative Milk Payout,,5.6,low,0.36748576970958546,"[""Normal transaction parameters consistent with account baseline""]",completed,2026-09-14 21:02:00.000000,2026-09-16 18:32:55
1335,TXN-101335,84,TRANSFER,105234.02,115537.38,10303.36,0.0,105234.02,1,0,103,83,NEFT,Branch Terminal POS,Bengaluru,Karnataka,12.9864,77.5776,Agricultural Crop Loan EMI,LON-85534,36.8,medium,0.47603758146682257,"[""Transaction amount represents 256% of total recorded cooperative savings balance"", ""Unusual lump-sum cooperative loan disbursement pattern (Agricultural Crop Loan EMI)""]",completed,2026-09-14 21:09:00.000000,2026-09-16 18:32:55
1336,TXN-101336,85,TRANSFER,209936.31,209936.31,0.0,10303.36,220239.67,1,1,81,103,UPI,Mobile - Android (CoopPay App),Mumbai,Maharashtra,19.0993,72.8558,Agricultural Crop Loan EMI,LON-53829,83.0,critical,0.6369316652768178,"[""Transaction amount represents 816% of total recorded cooperative savings balance"", ""Rapid near-complete balance drainage detected (\u20b9209,936 \u2192 \u20b90)"", ""Unusual lump-sum cooperative loan disbursement pattern (Agricultural Crop Loan EMI)""]",flagged,2026-09-14 21:21:00.000000,2026-09-16 18:32:55
1337,TXN-101337,85,TRANSFER,147059.71,78740.61,0.0,0.0,147059.71,1,0,38,64,RTGS,Branch Terminal POS,Madurai,Tamil Nadu,9.9571,78.0966,Emergency Healthcare Advance,,78.9,high,0.6227621129255482,"[""Transaction amount represents 373% of total recorded cooperative savings balance"", ""Rapid near-complete balance drainage detected (\u20b978,741 \u2192 \u20b90)"", ""Instant high-value outbound settlement via RTGS""]",flagged,2026-09-14 21:20:00.000000,2026-09-16 18:32:55
1338,TXN-101338,85,CASH_OUT,2269.03,69563.39,67294.36,43770.24,46039.27,0,0,23,100,Branch Cashier,Branch Terminal POS,Bengaluru,Karnataka,12.9956,77.5633,Dairy Cooperative Milk Payout,,20.6,low,0.41962320067085823,"[""Normal transaction parameters consistent with account baseline""]",completed,2026-09-14 21:29:00.000000,2026-09-16 18:32:55
1339,TXN-101339,85,CASH_IN,14205.44,15000.0,29205.44,94066.49,108271.93,0,0,135,94,Branch Cashier,Branch Terminal POS,Bengaluru,Karnataka,12.9778,77.5716,Member Share Capital Dividend,,62.8,high,0.5666714170767758,"[""Multi-dimensional behavioral anomaly flagged by Isolation Forest scoring engine""]",flagged,2026-09-14 21:28:00.000000,2026-09-16 18:32:55
1340,TXN-101340,85,TRANSFER,10859.08,16057.32,5198.24,11813.94,22673.02,0,0,9,57,UPI,Mobile - Android (CoopPay App),Hyderabad,Telangana,17.375400000000003,78.5259,Emergency Healthcare Advance,,2.0,low,0.35487917210552694,"[""Normal transaction parameters consistent with account baseline""]",completed,2026-09-14 21:26:00.000000,2026-09-16 18:32:55
1341,TXN-101341,85,PAYMENT,2157.28,85383.93,83226.65,252599.83,254757.11,0,0,51,197,Micro-ATM,Branch Terminal POS,Nagpur,Maharashtra,21.142200000000003,79.1191,Self-Help Group (SHG) Pool Contribution,,42.8,medium,0.49692894418597744,[],completed,2026-09-14 21:15:00.000000,2026-09-16 18:32:55
1342,TXN-101342,85,TRANSFER,1499.05,138857.88,137358.83,77311.59,78810.64,0,0,119,102,NEFT,Branch Terminal POS,Bengaluru,Karnataka,12.9786,77.6127,Self-Help Group (SHG) Pool Contribution,,6.6,low,0.3707110578964794,"[""Normal transaction parameters consistent with account baseline""]",completed,2026-09-14 21:15:00.000000,2026-09-16 18:32:55
1343,TXN-101343,85,PAYMENT,2322.26,61435.69,59113.43,416566.4,418888.66,0,0,82,196,UPI,Mobile - Android (CoopPay App),Pune,Maharashtra,18.5259,73.8215,Micro-Savings Recurring Deposit,,15.1,low,0.40055949920813155,"[""Normal transaction parameters consistent with account baseline""]",completed,2026-09-14 21:24:00.000000,2026-09-16 18:32:55
1344,TXN-101344,85,CASH_OUT,5041.1,101904.23,96863.13,28073.41,33114.51,0,0,55,11,Branch Cashier,Branch Terminal POS,Bengaluru,Karnataka,12.991100000000001,77.5926,Member Share Capital Dividend,,13.9,low,0.39639066214033425,"[""Normal transaction parameters consistent with account baseline""]",completed,2026-09-14 21:23:00.000000,2026-09-16 18:32:55
1345,TXN-101345,85,PAYMENT,1607.93,33114.51,31506.58,525520.89,527128.82,0,0,11,190,UPI,Mobile - Android (CoopPay App),Delhi,Delhi,28.6853,77.0822,Emergency Healthcare Advance,,21.0,low,0.42106595037407024,"[""Normal transaction parameters consistent with account baseline""]",completed,2026-09-14 21:17:00.000000,2026-09-16 18:32:55
1346,TXN-101346,85,TRANSFER,934.7,32558.16,31623.46,136481.88,137416.58,0,0,20,41,UPI,Mobile - Android (CoopPay App),Chennai,Tamil Nadu,13.099300000000001,80.2354,Member Share Capital Dividend,,13.0,low,0.39309746565529646,"[""Normal transaction parameters consistent with account baseline""]",completed,2026-09-14 21:22:00.000000,2026-09-16 18:32:55
1347,TXN-101347,85,PAYMENT,460.37,77457.41,76997.04,484694.86,485155.23,0,0,92,193,Micro-ATM,Branch Terminal POS,Ahmedabad,Gujarat,23.024,72.5812,Emergency Healthcare Advance,,24.9,low,0.4344680839233244,"[""Normal transaction parameters consistent with account baseline""]",completed,2026-09-14 21:21:00.000000,2026-09-16 18:32:55
1348,TXN-101348,85,TRANSFER,1044.86,56606.12,55561.26,64534.23,65579.09,0,0,2,7,IMPS,Mobile - Android (CoopPay App),Pune,Maharashtra,18.487399999999997,73.8505,Micro-Savings Recurring Deposit,,11.1,low,0.38649692629662524,"[""Normal transaction parameters consistent with account baseline""]",completed,2026-09-14 21:17:00.000000,2026-09-16 18:32:55
1349,TXN-101349,85,TRANSFER,2127.06,32172.97,30045.91,126060.09,128187.15,0,0,104,42,RTGS,Branch Terminal POS,Mysuru,Karnataka,12.3281,76.6031,Agricultural Crop Loan EMI,LON-81847,12.0,low,0.3896739181085609,"[""Normal transaction parameters consistent with account baseline""]",completed,2026-09-14 21:16:00.000000,2026-09-16 18:32:55
1350,TXN-101350,85,TRANSFER,3668.83,11477.51,7808.68,12388.49,16057.32,0,0,10,9,NEFT,Branch Terminal POS,Warangal,Telangana,17.961000000000002,79.5594,Dairy Cooperative Milk Payout,,10.5,low,0.38454863727451155,"[""Normal transaction parameters consistent with account baseline""]",completed,2026-09-14 21:21:00.000000,2026-09-16 18:32:55
1351,TXN-101351,85,PAYMENT,6030.75,83226.65,77195.9,454577.19,460607.94,0,0,51,199,Micro-ATM,Branch Terminal POS,Nagpur,Maharashtra,21.142200000000003,79.1191,Fertilizer & Seed Procurement,,53.1,medium,0.5327565888851992,"[""Multi-dimensional behavioral anomaly flagged by Isolation Forest scoring engine""]",completed,2026-09-14 21:21:00.000000,2026-09-16 18:32:55
1352,TXN-101352,85,PAYMENT,1289.38,56628.36,55338.98,254757.11,256046.49,0,0,107,197,UPI,Mobile - Android (CoopPay App),Delhi,Delhi,28.736,77.09970000000001,Solar Pump Subsidy Disbursal,,18.0,low,0.41061686286427185,"[""Normal transaction parameters consistent with account baseline""]",completed,2026-09-14 21:27:00.000000,2026-09-16 18:32:55
1353,TXN-101353,86,TRANSFER,3034.39,41707.19,38672.8,19911.5,22945.89,0,0,68,93,IMPS,Mobile - Android (CoopPay App),Chennai,Tamil Nadu,13.083200000000001,80.25800000000001,Solar Pump Subsidy Disbursal,,2.8,low,0.35748163793844373,"[""Normal transaction parameters consistent with account baseline""]",completed,2026-09-14 21:38:00.000000,2026-09-16 18:32:55
1354,TXN-101354,86,CASH_OUT,15168.31,8804.56,0.0,72676.37,87844.68,0,0,43,35,Branch Cashier,Branch Terminal POS,Delhi,Delhi,28.6906,77.0647,Member Share Capital Dividend,,65.0,high,0.5744107507550795,"[""Rapid near-complete balance drainage detected (\u20b98,805 \u2192 \u20b90)""]",flagged,2026-09-14 21:36:00.000000,2026-09-16 18:32:55
1355,TXN-101355,86,TRANSFER,488.49,77922.59,77434.1,28484.96,28973.45,0,0,8,120,IMPS,Mobile - Android (CoopPay App),Mysuru,Karnataka,12.3119,76.6541,Member Share Capital Dividend,,25.6,low,0.4368275515169691,"[""Normal transaction parameters consistent with account baseline""]",completed,2026-09-14 21:38:00.000000,2026-09-16 18:32:55
1356,TXN-101356,86,TRANSFER,19857.3,127819.18,107961.88,17536.57,37393.87,0,0,78,87,NEFT,Branch Terminal POS,Jaipur,Rajasthan,26.9234,75.8075,Emergency Healthcare Advance,,18.9,low,0.41374579118007226,"[""Normal transaction parameters consistent with account baseline""]",completed,2026-09-14 21:31:00.000000,2026-09-16 18:32:55
1357,TXN-101357,86,PAYMENT,565.97,95950.83,95384.86,460607.94,461173.91,0,0,45,199,UPI,Mobile - Android (CoopPay App),Surat,Gujarat,21.130300000000002,72.86510000000001,Dairy Cooperative Milk Payout,,26.0,low,0.438460506787294,"[""Normal transaction parameters consistent with account baseline""]",completed,2026-09-14 21:35:00.000000,2026-09-16 18:32:55
1358,TXN-101358,86,CASH_OUT,1749.04,80647.93,78898.89,18688.72,20437.76,0,0,106,22,Branch Cashier,Branch Terminal POS,Warangal,Telangana,17.9785,79.57339999999999,Emergency Healthcare Advance,,21.1,low,0.4211901445811372,"[""Normal transaction parameters consistent with account baseline""]",completed,2026-09-14 21:40:00.000000,2026-09-16 18:32:55
1359,TXN-101359,86,TRANSFER,6718.24,84885.2,78166.96,117272.61,123990.85,0,0,56,80,NEFT,Branch Terminal POS,Mysuru,Karnataka,12.262,76.6223,Micro-Savings Recurring Deposit,,5.4,low,0.36649040009099465,"[""Normal transaction parameters consistent with account baseline""]",completed,2026-09-14 21:36:00.000000,2026-09-16 18:32:55
1360,TXN-101360,86,TRANSFER,14213.65,98138.91,83925.26,28905.28,43118.93,0,0,90,64,NEFT,Branch Terminal POS,Warangal,Telangana,17.997500000000002,79.5805,Micro-Savings Recurring Deposit,,8.6,low,0.3779446710753275,"[""Normal transaction parameters consistent with account baseline""]",completed,2026-09-14 21:33:00.000000,2026-09-16 18:32:55
1361,TXN-101361,86,TRANSFER,11316.96,135293.12,123976.16,0.0,11316.96,0,0,16,19,UPI,Mobile - Android (CoopPay App),Kochi,Kerala,9.952200000000001,76.27050000000001,Tractor Equipment Finance,,33.1,low,0.4631012403189584,[],completed,2026-09-14 21:39:00.000000,2026-09-16 18:32:55
1362,TXN-101362,86,PAYMENT,1756.59,47376.78,45620.19,363810.3,365566.89,0,0,95,189,Micro-ATM,Branch Terminal POS,Lucknow,Uttar Pradesh,26.885099999999998,80.9257,Solar Pump Subsidy Disbursal,,14.6,low,0.39880465471594406,"[""Normal transaction parameters consistent with account baseline""]",completed,2026-09-14 21:32:00.000000,2026-09-16 18:32:55
1363,TXN-101363,86,CASH_OUT,12106.15,123976.16,111870.01,100329.12,112435.27,0,0,16,4,Branch Cashier,Branch Terminal POS,Kochi,Kerala,9.952200000000001,76.27050000000001,Fertilizer & Seed Procurement,,45.0,medium,0.5045129963203863,[],completed,2026-09-14 21:39:00.000000,2026-09-16 18:32:55
1364,TXN-101364,86,TRANSFER,3640.95,73114.06,69473.11,90971.22,94612.17,0,0,112,115,UPI,Mobile - Android (CoopPay App),Kochi,Kerala,9.8984,76.2509,Member Share Capital Dividend,,2.1,low,0.35504000817607406,"[""Normal transaction parameters consistent with account baseline""]",completed,2026-09-14 21:37:00.000000,2026-09-16 18:32:55
1365,TXN-101365,86,TRANSFER,6336.83,2774.38,0.0,109611.15,115947.98,0,0,48,101,NEFT,Branch Terminal POS,Kochi,Kerala,9.925600000000001,76.2737,Fertilizer & Seed Procurement,,22.6,low,0.42666152393593515,"[""Normal transaction parameters consistent with account baseline""]",completed,2026-09-14 21:33:00.000000,2026-09-16 18:32:55
1366,TXN-101366,86,TRANSFER,209936.31,220239.67,10303.36,0.0,209936.31,1,1,103,32,UPI,Mobile - Android (CoopPay App),Bengaluru,Karnataka,12.9864,77.5776,Dairy Cooperative Milk Payout,,55.1,medium,0.5398363088522397,"[""Transaction amount represents 510% of total recorded cooperative savings balance"", ""Rapid near-complete balance drainage detected (\u20b9220,240 \u2192 \u20b910,303)""]",completed,2026-09-14 21:42:00.000000,2026-09-16 18:32:55
1367,TXN-101367,86,PAYMENT,2829.73,48498.14,45668.41,347376.32,350206.05,0,0,59,187,UPI,Mobile - Android (CoopPay App),Delhi,Delhi,28.732400000000002,77.1388,Member Share Capital Dividend,,29.1,low,0.44906061294446803,"[""Normal transaction parameters consistent with account baseline""]",completed,2026-09-14 21:41:00.000000,2026-09-16 18:32:55
1368,TXN-101368,86,TRANSFER,147059.71,147059.71,0.0,67396.1,214455.81,1,0,64,53,IMPS,Mobile - Android (CoopPay App),Kochi,Kerala,9.936300000000001,76.24470000000001,Tractor Equipment Finance,,75.2,high,0.60978593525028,"[""Transaction amount represents 242% of total recorded cooperative savings balance"", ""Rapid near-complete balance drainage detected (\u20b9147,060 \u2192 \u20b90)"", ""Instant high-value outbound settlement via IMPS""]",flagged,2026-09-14 21:39:00.000000,2026-09-16 18:32:55
1369,TXN-101369,86,PAYMENT,586.59,76995.97,76409.38,404575.92,405162.51,0,0,74,194,Micro-ATM,Branch Terminal POS,Warangal,Telangana,17.953400000000002,79.6006,Dairy Cooperative Milk Payout,,17.1,low,0.4072302107775306,"[""Normal transaction parameters consistent with account baseline""]",completed,2026-09-14 21:30:00.000000,2026-09-16 18:32:55
1370,TXN-101370,87,TRANSFER,147059.71,214455.81,67396.1,0.0,147059.71,1,0,53,38,RTGS,Branch Terminal POS,Coimbatore,Tamil Nadu,10.9808,76.9357,Solar Pump Subsidy Disbursal,,38.5,medium,0.4818762163919867,"[""Transaction amount represents 183% of total recorded cooperative savings balance"", ""Instant high-value outbound settlement via RTGS""]",completed,2026-09-14 21:49:00.000000,2026-09-16 18:32:55
1371,TXN-101371,87,DEBIT,2288.55,43118.93,40830.38,20437.76,22726.31,0,0,64,22,Branch Cashier,Branch Terminal POS,Kochi,Kerala,9.936300000000001,76.24470000000001,Micro-Savings Recurring Deposit,,14.0,low,0.396598817009364,"[""Normal transaction parameters consistent with account baseline""]",completed,2026-09-14 21:45:00.000000,2026-09-16 18:32:55
1372,TXN-101372,87,TRANSFER,6876.43,65579.09,58702.66,30045.91,36922.34,0,0,7,104,IMPS,Mobile - Android (CoopPay App),Bengaluru,Karnataka,13.0009,77.585,Member Share Capital Dividend,,9.1,low,0.3794845536559815,"[""Normal transaction parameters consistent with account baseline""]",completed,2026-09-14 21:48:00.000000,2026-09-16 18:32:55
1373,TXN-101373,87,PAYMENT,143.06,111870.01,111726.95,478260.63,478403.69,0,0,16,201,Micro-ATM,Branch Terminal POS,Kochi,Kerala,9.952200000000001,76.27050000000001,Self-Help Group (SHG) Pool Contribution,,54.3,medium,0.5369530161339687,"[""Multi-dimensional behavioral anomaly flagged by Isolation Forest scoring engine""]",completed,2026-09-14 21:53:00.000000,2026-09-16 18:32:55
1374,TXN-101374,87,TRANSFER,853.97,78898.89,78044.92,0.0,853.97,0,0,106,48,IMPS,Mobile - Android (CoopPay App),Warangal,Telangana,17.9785,79.57339999999999,Agricultural Crop Loan EMI,LON-59362,16.0,low,0.4035134918889124,"[""Normal transaction parameters consistent with account baseline""]",completed,2026-09-14 21:52:00.000000,2026-09-16 18:32:55
1375,TXN-101375,87,PAYMENT,431.09,116208.64,115777.55,477829.54,478260.63,0,0,5,201,UPI,Mobile - Android (CoopPay App),Coimbatore,Tamil Nadu,11.0072,76.94449999999999,Tractor Equipment Finance,,24.0,low,0.43134400523161426,"[""Normal transaction parameters consistent with account baseline""]",completed,2026-09-14 21:54:00.000000,2026-09-16 18:32:55
1376,TXN-101376,87,CASH_OUT,8878.29,76997.04,68118.75,88493.44,97371.73,0,0,92,54,Branch Cashier,Branch Terminal POS,Ahmedabad,Gujarat,23.024,72.5812,Agricultural Crop Loan EMI,LON-47226,21.1,low,0.4213735656961681,"[""Normal transaction parameters consistent with account baseline""]",completed,2026-09-14 21:47:00.000000,2026-09-16 18:32:55
1377,TXN-101377,87,TRANSFER,13110.91,99821.41,86710.5,96863.13,109974.04,0,0,29,55,NEFT,Branch Terminal POS,Surat,Gujarat,21.1842,72.80990000000001,Agricultural Crop Loan EMI,LON-70943,16.8,low,0.4065050275825746,"[""Normal transaction parameters consistent with account baseline""]",completed,2026-09-14 21:48:00.000000,2026-09-16 18:32:55
1378,TXN-101378,87,CASH_OUT,1787.89,15493.64,13705.75,87844.68,89632.57,0,0,118,35,Branch Cashier,Branch Terminal POS,Madurai,Tamil Nadu,9.893,78.1508,Agricultural Crop Loan EMI,LON-18729,27.6,low,0.4438758755001944,"[""Normal transaction parameters consistent with account baseline""]",completed,2026-09-14 21:55:00.000000,2026-09-16 18:32:55
1379,TXN-101379,87,TRANSFER,852.68,58616.13,57763.45,20345.21,21197.89,0,0,66,111,NEFT,Branch Terminal POS,Pune,Maharashtra,18.5121,73.8739,Micro-Savings Recurring Deposit,,12.3,low,0.39052901298881426,"[""Normal transaction parameters consistent with account baseline""]",completed,2026-09-14 21:51:00.000000,2026-09-16 18:32:55
1380,TXN-101380,87,TRANSFER,6555.65,21197.89,14642.24,4695.31,11250.96,0,0,111,6,UPI,Mobile - Android (CoopPay App),Lucknow,Uttar Pradesh,26.8219,80.9263,Agricultural Crop Loan EMI,LON-48337,3.5,low,0.35986017192057995,"[""Normal transaction parameters consistent with account baseline""]",completed,2026-09-14 21:58:00.000000,2026-09-16 18:32:55
1381,TXN-101381,87,TRANSFER,4106.86,42267.36,38160.5,137358.83,141465.69,0,0,61,119,RTGS,Branch Terminal POS,Surat,Gujarat,21.151,72.8173,Member Share Capital Dividend,,4.5,low,0.3634287142793882,"[""Normal transaction parameters consistent with account baseline""]",completed,2026-09-14 21:58:00.000000,2026-09-16 18:32:55
1382,TXN-101382,87,TRANSFER,5941.84,31623.46,25681.62,14642.24,20584.08,0,0,20,111,UPI,Mobile - Android (CoopPay App),Chennai,Tamil Nadu,13.099300000000001,80.2354,Micro-Savings Recurring Deposit,,1.3,low,0.3524337495861966,"[""Normal transaction parameters consistent with account baseline""]",completed,2026-09-14 21:51:00.000000,2026-09-16 18:32:55
1383,TXN-101383,87,TRANSFER,7358.23,22945.89,15587.66,74147.24,81505.47,0,0,93,96,UPI,Mobile - Android (CoopPay App),Surat,Gujarat,21.1399,72.869,Fertilizer & Seed Procurement,,7.9,low,0.37531797294658126,"[""Normal transaction parameters consistent with account baseline""]",completed,2026-09-14 21:52:00.000000,2026-09-16 18:32:55
1384,TXN-101384,87,DEBIT,3782.76,13811.02,10028.26,72024.76,75807.52,0,0,14,88,Branch Cashier,Branch Terminal POS,Jaipur,Rajasthan,26.9339,75.7745,Self-Help Group (SHG) Pool Contribution,,5.4,low,0.366738360170597,"[""Normal transaction parameters consistent with account baseline""]",completed,2026-09-14 21:48:00.000000,2026-09-16 18:32:55
1385,TXN-101385,87,TRANSFER,11441.29,0.0,0.0,46039.27,57480.56,0,0,48,100,UPI,Mobile - Android (CoopPay App),Kochi,Kerala,9.925600000000001,76.2737,Agricultural Crop Loan EMI,LON-42426,32.5,low,0.46097279866424995,[],completed,2026-09-14 21:52:00.000000,2026-09-16 18:32:55
1386,TXN-101386,88,DEBIT,5342.77,5198.24,0.0,69473.11,74815.88,0,0,9,112,Branch Cashier,Branch Terminal POS,Hyderabad,Telangana,17.375400000000003,78.5259,Self-Help Group (SHG) Pool Contribution,,46.0,medium,0.5081694055298613,"[""Rapid near-complete balance drainage detected (\u20b95,198 \u2192 \u20b90)""]",completed,2026-09-14 22:14:00.000000,2026-09-16 18:32:55
1387,TXN-101387,88,CASH_OUT,31006.01,110758.33,79752.32,50927.18,81933.19,0,0,1,50,Branch Cashier,Branch Terminal POS,Mumbai,Maharashtra,19.0872,72.83970000000001,Micro-Savings Recurring Deposit,,49.4,medium,0.5198104980792908,[],completed,2026-09-14 22:04:00.000000,2026-09-16 18:32:55
1388,TXN-101388,88,CASH_OUT,1915.33,42999.4,41084.07,137416.58,139331.91,0,0,37,41,Branch Cashier,Branch Terminal POS,Coimbatore,Tamil Nadu,10.9857,76.9914,Emergency Healthcare Advance,,17.6,low,0.409218301428577,"[""Normal transaction parameters consistent with account baseline""]",completed,2026-09-14 22:07:00.000000,2026-09-16 18:32:55
1389,TXN-101389,88,TRANSFER,3422.59,128187.15,124764.56,44094.93,47517.52,0,0,42,60,IMPS,Mobile - Android (CoopPay App),Warangal,Telangana,17.960800000000003,79.57639999999999,Agricultural Crop Loan EMI,LON-55453,1.1,low,0.3516648641603697,"[""Normal transaction parameters consistent with account baseline""]",completed,2026-09-14 22:11:00.000000,2026-09-16 18:32:55
1390,TXN-101390,88,TRANSFER,6066.74,55561.26,49494.52,84323.45,90390.19,0,0,2,39,NEFT,Branch Terminal POS,Pune,Maharashtra,18.487399999999997,73.8505,Micro-Savings Recurring Deposit,,4.7,low,0.36413628768253303,"[""Normal transaction parameters consistent with account baseline""]",completed,2026-09-14 22:10:00.000000,2026-09-16 18:32:55
1391,TXN-101391,88,TRANSFER,3567.32,78810.64,75243.32,107191.01,110758.33,0,0,102,1,NEFT,Branch Terminal POS,Madurai,Tamil Nadu,9.9372,78.14789999999999,Member Share Capital Dividend,,2.3,low,0.3558859245607222,"[""Normal transaction parameters consistent with account baseline""]",completed,2026-09-14 22:10:00.000000,2026-09-16 18:32:55
1392,TXN-101392,88,TRANSFER,3833.27,28973.45,25140.18,70522.86,74356.13,0,0,120,30,NEFT,Branch Terminal POS,Mysuru,Karnataka,12.2584,76.62899999999999,Agricultural Crop Loan EMI,LON-92023,12.5,low,0.391191186360918,"[""Normal transaction parameters consistent with account baseline""]",completed,2026-09-14 22:08:00.000000,2026-09-16 18:32:55
1393,TXN-101393,88,TRANSFER,8418.75,141770.24,133351.49,24252.88,32671.63,0,0,70,109,RTGS,Branch Terminal POS,Madurai,Tamil Nadu,9.9517,78.0867,Agricultural Crop Loan EMI,LON-82737,16.8,low,0.4062065119363405,"[""Normal transaction parameters consistent with account baseline""]",completed,2026-09-14 22:04:00.000000,2026-09-16 18:32:55
1394,TXN-101394,88,DEBIT,7863.97,13343.91,5479.94,0.0,7863.97,0,0,89,43,Branch Cashier,Branch Terminal POS,Hyderabad,Telangana,17.3958,78.486,Member Share Capital Dividend,,22.0,low,0.4246008138611095,"[""Normal transaction parameters consistent with account baseline""]",completed,2026-09-14 22:04:00.000000,2026-09-16 18:32:55
1395,TXN-101395,88,CASH_OUT,4663.56,146795.71,142132.15,81505.47,86169.03,0,0,73,96,Branch Cashier,Branch Terminal POS,Hyderabad,Telangana,17.405700000000003,78.50189999999999,Micro-Savings Recurring Deposit,,22.8,low,0.4272410788757071,"[""Normal transaction parameters consistent with account baseline""]",completed,2026-09-14 22:02:00.000000,2026-09-16 18:32:55
1396,TXN-101396,88,TRANSFER,28833.37,123990.85,95157.48,853.97,29687.34,0,0,80,48,RTGS,Branch Terminal POS,Kochi,Kerala,9.941600000000001,76.2316,Fertilizer & Seed Procurement,,15.3,low,0.4009829568192154,"[""Normal transaction parameters consistent with account baseline""]",completed,2026-09-14 22:14:00.000000,2026-09-16 18:32:55
1397,TXN-101397,88,CASH_IN,4274.55,15000.0,19274.55,53583.02,57857.57,0,0,133,76,Branch Cashier,Branch Terminal POS,Coimbatore,Tamil Nadu,10.9843,76.92349999999999,Emergency Healthcare Advance,,63.5,high,0.5689549093113031,"[""Multi-dimensional behavioral anomaly flagged by Isolation Forest scoring engine""]",flagged,2026-09-14 22:01:00.000000,2026-09-16 18:32:55
1398,TXN-101398,88,DEBIT,7921.46,108271.93,100350.47,56347.26,64268.72,0,0,94,99,Branch Cashier,Branch Terminal POS,Jaipur,Rajasthan,26.951800000000002,75.8203,Member Share Capital Dividend,,15.1,low,0.4002472603160637,"[""Normal transaction parameters consistent with account baseline""]",completed,2026-09-14 22:08:00.000000,2026-09-16 18:32:55
1399,TXN-101399,88,CASH_OUT,1093.22,32671.63,31578.41,122315.8,123409.02,0,0,109,40,Branch Cashier,Branch Terminal POS,Surat,Gujarat,21.158900000000003,72.8148,Member Share Capital Dividend,,20.2,low,0.41822077706988303,"[""Normal transaction parameters consistent with account baseline""]",completed,2026-09-14 22:06:00.000000,2026-09-16 18:32:55
1400,TXN-101400,88,CASH_IN,15570.26,15000.0,30570.26,5231.32,20801.58,0,0,162,67,Branch Cashier,Branch Terminal POS,Pune,Maharashtra,18.548,73.82480000000001,Fertilizer & Seed Procurement,,64.2,high,0.5714692083049908,"[""Multi-dimensional behavioral anomaly flagged by Isolation Forest scoring engine""]",flagged,2026-09-14 22:09:00.000000,2026-09-16 18:32:55
1401,TXN-101401,89,TRANSFER,782.08,94612.17,93830.09,86169.03,86951.11,0,0,115,96,NEFT,Branch Terminal POS,Nagpur,Maharashtra,21.142200000000003,79.102,Micro-Savings Recurring Deposit,,12.2,low,0.39014231921070075,"[""Normal transaction parameters consistent with account baseline""]",completed,2026-09-14 22:21:00.000000,2026-09-16 18:32:55
1402,TXN-101402,89,CASH_OUT,5813.84,11316.96,5503.12,51981.57,57795.41,0,0,19,12,Branch Cashier,Branch Terminal POS,Nagpur,Maharashtra,21.125600000000002,79.05330000000001,Self-Help Group (SHG) Pool Contribution,,22.4,low,0.4258444302664669,"[""Normal transaction parameters consistent with account baseline""]",completed,2026-09-14 22:22:00.000000,2026-09-16 18:32:55
1403,TXN-101403,89,DEBIT,2282.77,11250.96,8968.19,65149.16,67431.93,0,0,6,116,Branch Cashier,Branch Terminal POS,Madurai,Tamil Nadu,9.9087,78.1301,Member Share Capital Dividend,,17.3,low,0.40821622996550155,"[""Normal transaction parameters consistent with account baseline""]",completed,2026-09-14 22:17:00.000000,2026-09-16 18:32:55
1404,TXN-101404,89,TRANSFER,914.59,10028.26,9113.67,106204.49,107119.08,0,0,14,32,IMPS,Mobile - Android (CoopPay App),Jaipur,Rajasthan,26.9339,75.7745,Self-Help Group (SHG) Pool Contribution,,11.5,low,0.3877992711765602,"[""Normal transaction parameters consistent with account baseline""]",completed,2026-09-14 22:25:00.000000,2026-09-16 18:32:55
1405,TXN-101405,89,PAYMENT,2419.45,97371.73,94952.28,350206.05,352625.5,0,0,54,187,UPI,Mobile - Android (CoopPay App),Madurai,Tamil Nadu,9.9328,78.1558,Fertilizer & Seed Procurement,,15.8,low,0.4029288148713925,"[""Normal transaction parameters consistent with account baseline""]",completed,2026-09-14 22:25:00.000000,2026-09-16 18:32:55
1406,TXN-101406,89,PAYMENT,248.95,31578.41,31329.46,219020.05,219269.0,0,0,109,198,UPI,Mobile - Android (CoopPay App),Surat,Gujarat,21.158900000000003,72.8148,Emergency Healthcare Advance,,36.5,medium,0.47490222652462505,[],completed,2026-09-14 22:19:00.000000,2026-09-16 18:32:55
1407,TXN-101407,89,TRANSFER,3050.25,74743.6,71693.35,82078.44,85128.69,0,0,31,110,IMPS,Mobile - Android (CoopPay App),Lucknow,Uttar Pradesh,26.8307,80.9315,Fertilizer & Seed Procurement,,2.8,low,0.35746146336262113,"[""Normal transaction parameters consistent with account baseline""]",completed,2026-09-14 22:29:00.000000,2026-09-16 18:32:55
1408,TXN-101408,89,DEBIT,667.68,139331.91,138664.23,65198.56,65866.24,0,0,41,52,Branch Cashier,Branch Terminal POS,Hyderabad,Telangana,17.413700000000002,78.4645,Dairy Cooperative Milk Payout,,43.1,medium,0.49780642861062346,[],completed,2026-09-14 22:20:00.000000,2026-09-16 18:32:55
1409,TXN-101409,89,CASH_OUT,4958.08,83925.26,78967.18,124764.56,129722.64,0,0,90,42,Branch Cashier,Branch Terminal POS,Warangal,Telangana,17.997500000000002,79.5805,Self-Help Group (SHG) Pool Contribution,,14.6,low,0.39872949521153217,"[""Normal transaction parameters consistent with account baseline""]",completed,2026-09-14 22:23:00.000000,2026-09-16 18:32:55
1410,TXN-101410,89,PAYMENT,226.01,138664.23,138438.22,527128.82,527354.83,0,0,41,190,UPI,Mobile - Android (CoopPay App),Hyderabad,Telangana,17.413700000000002,78.4645,Fertilizer & Seed Procurement,,62.4,high,0.5653095658609038,"[""Multi-dimensional behavioral anomaly flagged by Isolation Forest scoring engine""]",flagged,2026-09-14 22:26:00.000000,2026-09-16 18:32:55
1411,TXN-101411,89,PAYMENT,4143.01,31506.58,27363.57,408401.02,412544.03,0,0,11,195,UPI,Mobile - Android (CoopPay App),Delhi,Delhi,28.6853,77.0822,Agricultural Crop Loan EMI,LON-51771,30.1,low,0.45261286501594467,[],completed,2026-09-14 22:20:00.000000,2026-09-16 18:32:55
1412,TXN-101412,89,PAYMENT,483.45,37069.45,36586.0,485155.23,485638.68,0,0,18,193,Micro-ATM,Branch Terminal POS,Pune,Maharashtra,18.5184,73.86070000000001,Emergency Healthcare Advance,,27.6,low,0.44388034955883043,"[""Normal transaction parameters consistent with account baseline""]",completed,2026-09-14 22:29:00.000000,2026-09-16 18:32:55
1413,TXN-101413,89,PAYMENT,803.14,7808.68,7005.54,352625.5,353428.64,0,0,10,187,Micro-ATM,Branch Terminal POS,Warangal,Telangana,17.961000000000002,79.5594,Tractor Equipment Finance,,51.6,medium,0.5274440502328962,"[""Multi-dimensional behavioral anomaly flagged by Isolation Forest scoring engine""]",completed,2026-09-14 22:19:00.000000,2026-09-16 18:32:55
1414,TXN-101414,89,PAYMENT,562.66,78166.96,77604.3,365566.89,366129.55,0,0,56,189,UPI,Mobile - Android (CoopPay App),Mysuru,Karnataka,12.262,76.6223,Dairy Cooperative Milk Payout,,25.4,low,0.4362215116897339,"[""Normal transaction parameters consistent with account baseline""]",completed,2026-09-14 22:17:00.000000,2026-09-16 18:32:55
1415,TXN-101415,89,DEBIT,10672.94,7005.54,0.0,5503.12,16176.06,0,0,10,19,Branch Cashier,Branch Terminal POS,Warangal,Telangana,17.961000000000002,79.5594,Fertilizer & Seed Procurement,,73.8,high,0.6048746171947268,"[""Rapid near-complete balance drainage detected (\u20b97,006 \u2192 \u20b90)""]",flagged,2026-09-14 22:17:00.000000,2026-09-16 18:32:55
1416,TXN-101416,90,CASH_OUT,1930.28,57480.56,55550.28,9113.67,11043.95,0,0,100,14,Branch Cashier,Branch Terminal POS,Chennai,Tamil Nadu,13.119900000000001,80.2573,Tractor Equipment Finance,,18.3,low,0.4116770910902774,"[""Normal transaction parameters consistent with account baseline""]",completed,2026-09-14 22:30:00.000000,2026-09-16 18:32:55
1417,TXN-101417,90,CASH_OUT,2832.29,79500.95,76668.66,123409.02,126241.31,0,0,21,40,Branch Cashier,Branch Terminal POS,Coimbatore,Tamil Nadu,11.0199,76.9737,Member Share Capital Dividend,,15.0,low,0.4000536291408821,"[""Normal transaction parameters consistent with account baseline""]",completed,2026-09-14 22:39:00.000000,2026-09-16 18:32:55
1418,TXN-101418,90,TRANSFER,7040.16,0.0,0.0,55550.28,62590.44,0,0,69,100,IMPS,Mobile - Android (CoopPay App),Coimbatore,Tamil Nadu,11.0334,76.9506,Member Share Capital Dividend,,29.8,low,0.45161752029645114,"[""Normal transaction parameters consistent with account baseline""]",completed,2026-09-14 22:39:00.000000,2026-09-16 18:32:55
1419,TXN-101419,90,PAYMENT,1470.4,46048.35,44577.95,405162.51,406632.91,0,0,27,194,UPI,Mobile - Android (CoopPay App),Delhi,Delhi,28.717,77.10140000000001,Micro-Savings Recurring Deposit,,13.4,low,0.3944561578133943,"[""Normal transaction parameters consistent with account baseline""]",completed,2026-09-14 22:40:00.000000,2026-09-16 18:32:55
1420,TXN-101420,90,TRANSFER,5247.61,25681.62,20434.01,45668.41,50916.02,0,0,20,59,RTGS,Branch Terminal POS,Chennai,Tamil Nadu,13.099300000000001,80.2354,Fertilizer & Seed Procurement,,1.1,low,0.35180040017191766,"[""Normal transaction parameters consistent with account baseline""]",completed,2026-09-14 22:31:00.000000,2026-09-16 18:32:55
1421,TXN-101421,90,TRANSFER,13986.0,47517.52,33531.52,111726.95,125712.95,0,0,60,16,RTGS,Branch Terminal POS,Ahmedabad,Gujarat,23.0094,72.5857,Micro-Savings Recurring Deposit,,8.3,low,0.37688170900875606,"[""Normal transaction parameters consistent with account baseline""]",completed,2026-09-14 22:38:00.000000,2026-09-16 18:32:55
1422,TXN-101422,90,DEBIT,2748.36,25694.66,22946.3,57795.41,60543.77,0,0,34,12,Branch Cashier,Branch Terminal POS,Pune,Maharashtra,18.5016,73.8879,Emergency Healthcare Advance,,32.7,low,0.4617359591274921,[],completed,2026-09-14 22:32:00.000000,2026-09-16 18:32:55
1423,TXN-101423,90,CASH_IN,14386.8,15000.0,29386.8,107119.08,121505.88,0,0,160,32,Branch Cashier,Branch Terminal POS,Kochi,Kerala,9.954500000000001,76.2924,Solar Pump Subsidy Disbursal,,53.0,medium,0.5326069757243053,"[""Multi-dimensional behavioral anomaly flagged by Isolation Forest scoring engine""]",completed,2026-09-14 22:37:00.000000,2026-09-16 18:32:55
1424,TXN-101424,90,TRANSFER,7247.52,129722.64,122475.12,15587.66,22835.18,0,0,42,93,IMPS,Mobile - Android (CoopPay App),Warangal,Telangana,17.960800000000003,79.57639999999999,Member Share Capital Dividend,,0.9,low,0.35111369589085384,"[""Normal transaction parameters consistent with account baseline""]",completed,2026-09-14 22:32:00.000000,2026-09-16 18:32:55
1425,TXN-101425,90,TRANSFER,33606.73,8968.19,0.0,20584.08,54190.81,0,0,6,111,UPI,Mobile - Android (CoopPay App),Madurai,Tamil Nadu,9.9087,78.1301,Emergency Healthcare Advance,,74.4,high,0.607016559342695,"[""Rapid near-complete balance drainage detected (\u20b98,968 \u2192 \u20b90)""]",flagged,2026-09-14 22:33:00.000000,2026-09-16 18:32:55
1426,TXN-101426,90,CASH_OUT,7396.21,78044.92,70648.71,107961.88,115358.09,0,0,106,78,Branch Cashier,Branch Terminal POS,Warangal,Telangana,17.9785,79.57339999999999,Agricultural Crop Loan EMI,LON-45370,18.5,low,0.41210039297746265,"[""Normal transaction parameters consistent with account baseline""]",completed,2026-09-14 22:42:00.000000,2026-09-16 18:32:55
1427,TXN-101427,90,CASH_OUT,5570.39,77457.82,71887.43,121505.88,127076.27,0,0,72,32,Branch Cashier,Branch Terminal POS,Mysuru,Karnataka,12.3262,76.65549999999999,Member Share Capital Dividend,,16.2,low,0.4042677907400598,"[""Normal transaction parameters consistent with account baseline""]",completed,2026-09-14 22:36:00.000000,2026-09-16 18:32:55
1428,TXN-101428,90,CASH_IN,2443.42,15000.0,17443.42,112435.27,114878.69,0,0,167,4,Branch Cashier,Branch Terminal POS,Bengaluru,Karnataka,12.9997,77.5774,Member Share Capital Dividend,,68.7,high,0.5872029936497927,"[""Multi-dimensional behavioral anomaly flagged by Isolation Forest scoring engine""]",flagged,2026-09-14 22:41:00.000000,2026-09-16 18:32:55
1429,TXN-101429,90,CASH_OUT,4268.17,22946.3,18678.13,67294.36,71562.53,0,0,34,23,Branch Cashier,Branch Terminal POS,Pune,Maharashtra,18.5016,73.8879,Member Share Capital Dividend,,38.5,medium,0.48186245573641606,[],completed,2026-09-14 22:42:00.000000,2026-09-16 18:32:55
1430,TXN-101430,90,TRANSFER,8726.35,57763.45,49037.1,90390.19,99116.54,0,0,66,39,IMPS,Mobile - Android (CoopPay App),Pune,Maharashtra,18.5121,73.8739,Solar Pump Subsidy Disbursal,,8.8,low,0.3784972065080215,"[""Normal transaction parameters consistent with account baseline""]",completed,2026-09-14 22:31:00.000000,2026-09-16 18:32:55
1431,TXN-901431,147,TRANSFER,5000.0,100000.0,100000.0,50000.0,55000.0,0,0,1,202,UPI,Mobile Banking App,Chennai,Tamil Nadu,13.090400308368276,80.27024054059825,Share Capital Deposit,,14.5,low,0.12,"[""Standard baseline cooperative society transaction""]",completed,2026-09-15 17:05:47.826252,2026-09-15 17:05:47.826252
1432,TXN-901432,547,TRANSFER,25000.0,100000.0,100000.0,50000.0,75000.0,0,0,1,202,NEFT,Cooperative NetBanking,Chennai,Tamil Nadu,13.090400308368276,80.27024054059825,Monthly Savings Credit,,14.5,low,0.12,"[""Standard baseline cooperative society transaction""]",completed,2026-09-16 17:05:47.826252,2026-09-16 17:05:47.826252
1433,TXN-901433,947,TRANSFER,1450.0,25000.0,23550.0,50000.0,51450.0,0,0,202,1,UPI,Mobile QR Payment,Chennai,Tamil Nadu,13.090400308368276,80.27024054059825,Agricultural Seeds & Fertilizer,,14.5,low,0.12,"[""Standard baseline cooperative society transaction""]",completed,2026-09-17 17:05:47.826252,2026-09-17 17:05:47.826252
1434,TXN-901434,747,TRANSFER,850.0,25000.0,24150.0,50000.0,50850.0,0,0,202,1,IMPS,UPI Web Portal,Chennai,Tamil Nadu,13.090400308368276,80.27024054059825,Utility & Irrigation Bill,,14.5,low,0.12,"[""Standard baseline cooperative society transaction""]",completed,2026-09-18 11:05:47.826252,2026-09-18 11:05:47.826252
1435,TXN-901435,148,TRANSFER,5000.0,100000.0,100000.0,50000.0,55000.0,0,0,1,203,UPI,Mobile Banking App,Bangalore,Karnataka,12.971965366441397,77.59071450839879,Share Capital Deposit,,14.5,low,0.12,"[""Standard baseline cooperative society transaction""]",completed,2026-09-15 17:05:48.239616,2026-09-15 17:05:48.239616
1436,TXN-901436,548,TRANSFER,25000.0,100000.0,100000.0,50000.0,75000.0,0,0,1,203,NEFT,Cooperative NetBanking,Bangalore,Karnataka,12.971965366441397,77.59071450839879,Monthly Savings Credit,,14.5,low,0.12,"[""Standard baseline cooperative society transaction""]",completed,2026-09-16 17:05:48.239616,2026-09-16 17:05:48.239616
1437,TXN-901437,948,TRANSFER,1450.0,25000.0,23550.0,50000.0,51450.0,0,0,203,1,UPI,Mobile QR Payment,Bangalore,Karnataka,12.971965366441397,77.59071450839879,Agricultural Seeds & Fertilizer,,14.5,low,0.12,"[""Standard baseline cooperative society transaction""]",completed,2026-09-17 17:05:48.239616,2026-09-17 17:05:48.239616
1438,TXN-901438,748,TRANSFER,850.0,25000.0,24150.0,50000.0,50850.0,0,0,203,1,IMPS,UPI Web Portal,Bangalore,Karnataka,12.971965366441397,77.59071450839879,Utility & Irrigation Bill,,14.5,low,0.12,"[""Standard baseline cooperative society transaction""]",completed,2026-09-18 11:05:48.239616,2026-09-18 11:05:48.239616
1439,TXN-901439,830,TRANSFER,5000.0,100000.0,100000.0,50000.0,55000.0,0,0,1,204,UPI,Mobile Banking App,Chennai,Tamil Nadu,13.089599189326702,80.26262229703401,Share Capital Deposit,,14.5,low,0.12,"[""Standard baseline cooperative society transaction""]",completed,2026-09-16 14:23:50.895658,2026-09-16 14:23:50.895658
1440,TXN-901440,230,TRANSFER,25000.0,100000.0,100000.0,50000.0,75000.0,0,0,1,204,NEFT,Cooperative NetBanking,Chennai,Tamil Nadu,13.089599189326702,80.26262229703401,Monthly Savings Credit,,14.5,low,0.12,"[""Standard baseline cooperative society transaction""]",completed,2026-09-17 14:23:50.895658,2026-09-17 14:23:50.895658
1441,TXN-901441,630,TRANSFER,1450.0,25000.0,23550.0,50000.0,51450.0,0,0,204,1,UPI,Mobile QR Payment,Chennai,Tamil Nadu,13.089599189326702,80.26262229703401,Agricultural Seeds & Fertilizer,,14.5,low,0.12,"[""Standard baseline cooperative society transaction""]",completed,2026-09-18 14:23:50.895658,2026-09-18 14:23:50.895658
1442,TXN-901442,430,TRANSFER,850.0,25000.0,24150.0,50000.0,50850.0,0,0,204,1,IMPS,UPI Web Portal,Chennai,Tamil Nadu,13.089599189326702,80.26262229703401,Utility & Irrigation Bill,,14.5,low,0.12,"[""Standard baseline cooperative society transaction""]",completed,2026-09-19 08:23:50.895658,2026-09-19 08:23:50.895658
1443,TXN-901443,831,TRANSFER,5000.0,100000.0,100000.0,50000.0,55000.0,0,0,1,205,UPI,Mobile Banking App,Bangalore,Karnataka,12.966409851165496,77.60041915420706,Share Capital Deposit,,14.5,low,0.12,"[""Standard baseline cooperative society transaction""]",completed,2026-09-16 14:23:51.248663,2026-09-16 14:23:51.248663
1444,TXN-901444,231,TRANSFER,25000.0,100000.0,100000.0,50000.0,75000.0,0,0,1,205,NEFT,Cooperative NetBanking,Bangalore,Karnataka,12.966409851165496,77.60041915420706,Monthly Savings Credit,,14.5,low,0.12,"[""Standard baseline cooperative society transaction""]",completed,2026-09-17 14:23:51.248663,2026-09-17 14:23:51.248663
1445,TXN-901445,631,TRANSFER,1450.0,25000.0,23550.0,50000.0,51450.0,0,0,205,1,UPI,Mobile QR Payment,Bangalore,Karnataka,12.966409851165496,77.60041915420706,Agricultural Seeds & Fertilizer,,14.5,low,0.12,"[""Standard baseline cooperative society transaction""]",completed,2026-09-18 14:23:51.248663,2026-09-18 14:23:51.248663
1446,TXN-901446,431,TRANSFER,850.0,25000.0,24150.0,50000.0,50850.0,0,0,205,1,IMPS,UPI Web Portal,Bangalore,Karnataka,12.966409851165496,77.60041915420706,Utility & Irrigation Bill,,14.5,low,0.12,"[""Standard baseline cooperative society transaction""]",completed,2026-09-19 08:23:51.248663,2026-09-19 08:23:51.248663
1447,TXN-901447,740,TRANSFER,5000.0,100000.0,100000.0,50000.0,55000.0,0,0,1,206,UPI,Mobile Banking App,Chennai,Tamil Nadu,13.080177485687505,80.27365165615299,Share Capital Deposit,,14.5,low,0.12,"[""Standard baseline cooperative society transaction""]",completed,2026-09-16 15:45:40.142075,2026-09-16 15:45:40.142075
1448,TXN-901448,140,TRANSFER,25000.0,100000.0,100000.0,50000.0,75000.0,0,0,1,206,NEFT,Cooperative NetBanking,Chennai,Tamil Nadu,13.080177485687505,80.27365165615299,Monthly Savings Credit,,14.5,low,0.12,"[""Standard baseline cooperative society transaction""]",completed,2026-09-17 15:45:40.142075,2026-09-17 15:45:40.142075
1449,TXN-901449,540,TRANSFER,1450.0,25000.0,23550.0,50000.0,51450.0,0,0,206,1,UPI,Mobile QR Payment,Chennai,Tamil Nadu,13.080177485687505,80.27365165615299,Agricultural Seeds & Fertilizer,,14.5,low,0.12,"[""Standard baseline cooperative society transaction""]",completed,2026-09-18 15:45:40.142075,2026-09-18 15:45:40.142075
1450,TXN-901450,340,TRANSFER,850.0,25000.0,24150.0,50000.0,50850.0,0,0,206,1,IMPS,UPI Web Portal,Chennai,Tamil Nadu,13.080177485687505,80.27365165615299,Utility & Irrigation Bill,,14.5,low,0.12,"[""Standard baseline cooperative society transaction""]",completed,2026-09-19 09:45:40.142075,2026-09-19 09:45:40.142075
1451,TXN-901451,740,TRANSFER,5000.0,100000.0,100000.0,50000.0,55000.0,0,0,1,207,UPI,Mobile Banking App,Bangalore,Karnataka,12.970939960630822,77.59525864895217,Share Capital Deposit,,14.5,low,0.12,"[""Standard baseline cooperative society transaction""]",completed,2026-09-16 15:45:40.545256,2026-09-16 15:45:40.545256
1452,TXN-901452,140,TRANSFER,25000.0,100000.0,100000.0,50000.0,75000.0,0,0,1,207,NEFT,Cooperative NetBanking,Bangalore,Karnataka,12.970939960630822,77.59525864895217,Monthly Savings Credit,,14.5,low,0.12,"[""Standard baseline cooperative society transaction""]",completed,2026-09-17 15:45:40.545256,2026-09-17 15:45:40.545256
1453,TXN-901453,540,TRANSFER,1450.0,25000.0,23550.0,50000.0,51450.0,0,0,207,1,UPI,Mobile QR Payment,Bangalore,Karnataka,12.970939960630822,77.59525864895217,Agricultural Seeds & Fertilizer,,14.5,low,0.12,"[""Standard baseline cooperative society transaction""]",completed,2026-09-18 15:45:40.545256,2026-09-18 15:45:40.545256
1454,TXN-901454,340,TRANSFER,850.0,25000.0,24150.0,50000.0,50850.0,0,0,207,1,IMPS,UPI Web Portal,Bangalore,Karnataka,12.970939960630822,77.59525864895217,Utility & Irrigation Bill,,14.5,low,0.12,"[""Standard baseline cooperative society transaction""]",completed,2026-09-19 09:45:40.545256,2026-09-19 09:45:40.545256
1455,TXN-901455,784,TRANSFER,5000.0,100000.0,100000.0,50000.0,55000.0,0,0,1,208,UPI,Mobile Banking App,Chennai,Tamil Nadu,13.09078095920001,80.26224682496968,Share Capital Deposit,,14.5,low,0.12,"[""Standard baseline cooperative society transaction""]",completed,2026-09-16 15:46:24.858460,2026-09-16 15:46:24.858460
1456,TXN-901456,184,TRANSFER,25000.0,100000.0,100000.0,50000.0,75000.0,0,0,1,208,NEFT,Cooperative NetBanking,Chennai,Tamil Nadu,13.09078095920001,80.26224682496968,Monthly Savings Credit,,14.5,low,0.12,"[""Standard baseline cooperative society transaction""]",completed,2026-09-17 15:46:24.858460,2026-09-17 15:46:24.858460
1457,TXN-901457,584,TRANSFER,1450.0,25000.0,23550.0,50000.0,51450.0,0,0,208,1,UPI,Mobile QR Payment,Chennai,Tamil Nadu,13.09078095920001,80.26224682496968,Agricultural Seeds & Fertilizer,,14.5,low,0.12,"[""Standard baseline cooperative society transaction""]",completed,2026-09-18 15:46:24.858460,2026-09-18 15:46:24.858460
1458,TXN-901458,384,TRANSFER,850.0,25000.0,24150.0,50000.0,50850.0,0,0,208,1,IMPS,UPI Web Portal,Chennai,Tamil Nadu,13.09078095920001,80.26224682496968,Utility & Irrigation Bill,,14.5,low,0.12,"[""Standard baseline cooperative society transaction""]",completed,2026-09-19 09:46:24.858460,2026-09-19 09:46:24.858460
1459,TXN-901459,785,TRANSFER,5000.0,100000.0,100000.0,50000.0,55000.0,0,0,1,209,UPI,Mobile Banking App,Bangalore,Karnataka,12.962930701194638,77.60374751261536,Share Capital Deposit,,14.5,low,0.12,"[""Standard baseline cooperative society transaction""]",completed,2026-09-16 15:46:25.279086,2026-09-16 15:46:25.279086
1460,TXN-901460,185,TRANSFER,25000.0,100000.0,100000.0,50000.0,75000.0,0,0,1,209,NEFT,Cooperative NetBanking,Bangalore,Karnataka,12.962930701194638,77.60374751261536,Monthly Savings Credit,,14.5,low,0.12,"[""Standard baseline cooperative society transaction""]",completed,2026-09-17 15:46:25.279086,2026-09-17 15:46:25.279086
1461,TXN-901461,585,TRANSFER,1450.0,25000.0,23550.0,50000.0,51450.0,0,0,209,1,UPI,Mobile QR Payment,Bangalore,Karnataka,12.962930701194638,77.60374751261536,Agricultural Seeds & Fertilizer,,14.5,low,0.12,"[""Standard baseline cooperative society transaction""]",completed,2026-09-18 15:46:25.279086,2026-09-18 15:46:25.279086
1462,TXN-901462,385,TRANSFER,850.0,25000.0,24150.0,50000.0,50850.0,0,0,209,1,IMPS,UPI Web Portal,Bangalore,Karnataka,12.962930701194638,77.60374751261536,Utility & Irrigation Bill,,14.5,low,0.12,"[""Standard baseline cooperative society transaction""]",completed,2026-09-19 09:46:25.279086,2026-09-19 09:46:25.279086
1463,TXN-901463,89,TRANSFER,5000.0,100000.0,100000.0,50000.0,55000.0,0,0,1,210,UPI,Mobile Banking App,Chennai,Tamil Nadu,13.086065094116313,80.27105372510218,Share Capital Deposit,,14.5,low,0.12,"[""Standard baseline cooperative society transaction""]",completed,2026-09-16 15:51:29.462722,2026-09-16 15:51:29.462722
1464,TXN-901464,489,TRANSFER,25000.0,100000.0,100000.0,50000.0,75000.0,0,0,1,210,NEFT,Cooperative NetBanking,Chennai,Tamil Nadu,13.086065094116313,80.27105372510218,Monthly Savings Credit,,14.5,low,0.12,"[""Standard baseline cooperative society transaction""]",completed,2026-09-17 15:51:29.462722,2026-09-17 15:51:29.462722
1465,TXN-901465,889,TRANSFER,1450.0,25000.0,23550.0,50000.0,51450.0,0,0,210,1,UPI,Mobile QR Payment,Chennai,Tamil Nadu,13.086065094116313,80.27105372510218,Agricultural Seeds & Fertilizer,,14.5,low,0.12,"[""Standard baseline cooperative society transaction""]",completed,2026-09-18 15:51:29.462722,2026-09-18 15:51:29.462722
1466,TXN-901466,689,TRANSFER,850.0,25000.0,24150.0,50000.0,50850.0,0,0,210,1,IMPS,UPI Web Portal,Chennai,Tamil Nadu,13.086065094116313,80.27105372510218,Utility & Irrigation Bill,,14.5,low,0.12,"[""Standard baseline cooperative society transaction""]",completed,2026-09-19 09:51:29.462722,2026-09-19 09:51:29.462722
1467,TXN-901467,90,TRANSFER,5000.0,100000.0,100000.0,50000.0,55000.0,0,0,1,211,UPI,Mobile Banking App,Bangalore,Karnataka,12.97189494203358,77.59854746081025,Share Capital Deposit,,14.5,low,0.12,"[""Standard baseline cooperative society transaction""]",completed,2026-09-16 15:51:30.363153,2026-09-16 15:51:30.363153
1468,TXN-901468,490,TRANSFER,25000.0,100000.0,100000.0,50000.0,75000.0,0,0,1,211,NEFT,Cooperative NetBanking,Bangalore,Karnataka,12.97189494203358,77.59854746081025,Monthly Savings Credit,,14.5,low,0.12,"[""Standard baseline cooperative society transaction""]",completed,2026-09-17 15:51:30.363153,2026-09-17 15:51:30.363153
1469,TXN-901469,890,TRANSFER,1450.0,25000.0,23550.0,50000.0,51450.0,0,0,211,1,UPI,Mobile QR Payment,Bangalore,Karnataka,12.97189494203358,77.59854746081025,Agricultural Seeds & Fertilizer,,14.5,low,0.12,"[""Standard baseline cooperative society transaction""]",completed,2026-09-18 15:51:30.363153,2026-09-18 15:51:30.363153
1470,TXN-901470,690,TRANSFER,850.0,25000.0,24150.0,50000.0,50850.0,0,0,211,1,IMPS,UPI Web Portal,Bangalore,Karnataka,12.97189494203358,77.59854746081025,Utility & Irrigation Bill,,14.5,low,0.12,"[""Standard baseline cooperative society transaction""]",completed,2026-09-19 09:51:30.363153,2026-09-19 09:51:30.363153
1471,TXN-901471,408,TRANSFER,5000.0,100000.0,100000.0,50000.0,55000.0,0,0,1,212,UPI,Mobile Banking App,Chennai,Tamil Nadu,13.078409579641665,80.2621760809227,Share Capital Deposit,,14.5,low,0.12,"[""Standard baseline cooperative society transaction""]",completed,2026-09-16 16:30:08.664286,2026-09-16 16:30:08.664286
1472,TXN-901472,808,TRANSFER,25000.0,100000.0,100000.0,50000.0,75000.0,0,0,1,212,NEFT,Cooperative NetBanking,Chennai,Tamil Nadu,13.078409579641665,80.2621760809227,Monthly Savings Credit,,14.5,low,0.12,"[""Standard baseline cooperative society transaction""]",completed,2026-09-17 16:30:08.664286,2026-09-17 16:30:08.664286
1473,TXN-901473,208,TRANSFER,1450.0,25000.0,23550.0,50000.0,51450.0,0,0,212,1,UPI,Mobile QR Payment,Chennai,Tamil Nadu,13.078409579641665,80.2621760809227,Agricultural Seeds & Fertilizer,,14.5,low,0.12,"[""Standard baseline cooperative society transaction""]",completed,2026-09-18 16:30:08.664286,2026-09-18 16:30:08.664286
1474,TXN-901474,8,TRANSFER,850.0,25000.0,24150.0,50000.0,50850.0,0,0,212,1,IMPS,UPI Web Portal,Chennai,Tamil Nadu,13.078409579641665,80.2621760809227,Utility & Irrigation Bill,,14.5,low,0.12,"[""Standard baseline cooperative society transaction""]",completed,2026-09-19 10:30:08.664286,2026-09-19 10:30:08.664286
1475,TXN-901475,409,TRANSFER,5000.0,100000.0,100000.0,50000.0,55000.0,0,0,1,213,UPI,Mobile Banking App,Bangalore,Karnataka,12.968863990814814,77.59910860488536,Share Capital Deposit,,14.5,low,0.12,"[""Standard baseline cooperative society transaction""]",completed,2026-09-16 16:30:09.062332,2026-09-16 16:30:09.062332
1476,TXN-901476,809,TRANSFER,25000.0,100000.0,100000.0,50000.0,75000.0,0,0,1,213,NEFT,Cooperative NetBanking,Bangalore,Karnataka,12.968863990814814,77.59910860488536,Monthly Savings Credit,,14.5,low,0.12,"[""Standard baseline cooperative society transaction""]",completed,2026-09-17 16:30:09.062332,2026-09-17 16:30:09.062332
1477,TXN-901477,209,TRANSFER,1450.0,25000.0,23550.0,50000.0,51450.0,0,0,213,1,UPI,Mobile QR Payment,Bangalore,Karnataka,12.968863990814814,77.59910860488536,Agricultural Seeds & Fertilizer,,14.5,low,0.12,"[""Standard baseline cooperative society transaction""]",completed,2026-09-18 16:30:09.062332,2026-09-18 16:30:09.062332
1478,TXN-901478,9,TRANSFER,850.0,25000.0,24150.0,50000.0,50850.0,0,0,213,1,IMPS,UPI Web Portal,Bangalore,Karnataka,12.968863990814814,77.59910860488536,Utility & Irrigation Bill,,14.5,low,0.12,"[""Standard baseline cooperative society transaction""]",completed,2026-09-19 10:30:09.062332,2026-09-19 10:30:09.062332
1479,TXN-901479,464,TRANSFER,5000.0,100000.0,100000.0,50000.0,55000.0,0,0,1,214,UPI,Mobile Banking App,Chennai,Tamil Nadu,13.081388210379247,80.27419238238113,Share Capital Deposit,,14.5,low,0.12,"[""Standard baseline cooperative society transaction""]",completed,2026-09-16 16:31:04.853296,2026-09-16 16:31:04.853296
1480,TXN-901480,864,TRANSFER,25000.0,100000.0,100000.0,50000.0,75000.0,0,0,1,214,NEFT,Cooperative NetBanking,Chennai,Tamil Nadu,13.081388210379247,80.27419238238113,Monthly Savings Credit,,14.5,low,0.12,"[""Standard baseline cooperative society transaction""]",completed,2026-09-17 16:31:04.853296,2026-09-17 16:31:04.853296
1481,TXN-901481,264,TRANSFER,1450.0,25000.0,23550.0,50000.0,51450.0,0,0,214,1,UPI,Mobile QR Payment,Chennai,Tamil Nadu,13.081388210379247,80.27419238238113,Agricultural Seeds & Fertilizer,,14.5,low,0.12,"[""Standard baseline cooperative society transaction""]",completed,2026-09-18 16:31:04.853296,2026-09-18 16:31:04.853296
1482,TXN-901482,64,TRANSFER,850.0,25000.0,24150.0,50000.0,50850.0,0,0,214,1,IMPS,UPI Web Portal,Chennai,Tamil Nadu,13.081388210379247,80.27419238238113,Utility & Irrigation Bill,,14.5,low,0.12,"[""Standard baseline cooperative society transaction""]",completed,2026-09-19 10:31:04.853296,2026-09-19 10:31:04.853296
1483,TXN-901483,465,TRANSFER,5000.0,100000.0,100000.0,50000.0,55000.0,0,0,1,215,UPI,Mobile Banking App,Bangalore,Karnataka,12.962763545713827,77.59897750165656,Share Capital Deposit,,14.5,low,0.12,"[""Standard baseline cooperative society transaction""]",completed,2026-09-16 16:31:05.260636,2026-09-16 16:31:05.260636
1484,TXN-901484,865,TRANSFER,25000.0,100000.0,100000.0,50000.0,75000.0,0,0,1,215,NEFT,Cooperative NetBanking,Bangalore,Karnataka,12.962763545713827,77.59897750165656,Monthly Savings Credit,,14.5,low,0.12,"[""Standard baseline cooperative society transaction""]",completed,2026-09-17 16:31:05.260636,2026-09-17 16:31:05.260636
1485,TXN-901485,265,TRANSFER,1450.0,25000.0,23550.0,50000.0,51450.0,0,0,215,1,UPI,Mobile QR Payment,Bangalore,Karnataka,12.962763545713827,77.59897750165656,Agricultural Seeds & Fertilizer,,14.5,low,0.12,"[""Standard baseline cooperative society transaction""]",completed,2026-09-18 16:31:05.260636,2026-09-18 16:31:05.260636
1486,TXN-901486,65,TRANSFER,850.0,25000.0,24150.0,50000.0,50850.0,0,0,215,1,IMPS,UPI Web Portal,Bangalore,Karnataka,12.962763545713827,77.59897750165656,Utility & Irrigation Bill,,14.5,low,0.12,"[""Standard baseline cooperative society transaction""]",completed,2026-09-19 10:31:05.260636,2026-09-19 10:31:05.260636
1487,TXN-901487,537,TRANSFER,5000.0,100000.0,100000.0,50000.0,55000.0,0,0,1,216,UPI,Mobile Banking App,Chennai,Tamil Nadu,13.090863372698411,80.26349220999586,Share Capital Deposit,,14.5,low,0.12,"[""Standard baseline cooperative society transaction""]",completed,2026-09-16 16:32:17.899053,2026-09-16 16:32:17.899053
1488,TXN-901488,937,TRANSFER,25000.0,100000.0,100000.0,50000.0,75000.0,0,0,1,216,NEFT,Cooperative NetBanking,Chennai,Tamil Nadu,13.090863372698411,80.26349220999586,Monthly Savings Credit,,14.5,low,0.12,"[""Standard baseline cooperative society transaction""]",completed,2026-09-17 16:32:17.899053,2026-09-17 16:32:17.899053
1489,TXN-901489,337,TRANSFER,1450.0,25000.0,23550.0,50000.0,51450.0,0,0,216,1,UPI,Mobile QR Payment,Chennai,Tamil Nadu,13.090863372698411,80.26349220999586,Agricultural Seeds & Fertilizer,,14.5,low,0.12,"[""Standard baseline cooperative society transaction""]",completed,2026-09-18 16:32:17.899053,2026-09-18 16:32:17.899053
1490,TXN-901490,137,TRANSFER,850.0,25000.0,24150.0,50000.0,50850.0,0,0,216,1,IMPS,UPI Web Portal,Chennai,Tamil Nadu,13.090863372698411,80.26349220999586,Utility & Irrigation Bill,,14.5,low,0.12,"[""Standard baseline cooperative society transaction""]",completed,2026-09-19 10:32:17.899053,2026-09-19 10:32:17.899053
1491,TXN-901491,538,TRANSFER,5000.0,100000.0,100000.0,50000.0,55000.0,0,0,1,217,UPI,Mobile Banking App,Bangalore,Karnataka,12.96889753681838,77.60011191238549,Share Capital Deposit,,14.5,low,0.12,"[""Standard baseline cooperative society transaction""]",completed,2026-09-16 16:32:18.315022,2026-09-16 16:32:18.315022
1492,TXN-901492,938,TRANSFER,25000.0,100000.0,100000.0,50000.0,75000.0,0,0,1,217,NEFT,Cooperative NetBanking,Bangalore,Karnataka,12.96889753681838,77.60011191238549,Monthly Savings Credit,,14.5,low,0.12,"[""Standard baseline cooperative society transaction""]",completed,2026-09-17 16:32:18.315022,2026-09-17 16:32:18.315022
1493,TXN-901493,338,TRANSFER,1450.0,25000.0,23550.0,50000.0,51450.0,0,0,217,1,UPI,Mobile QR Payment,Bangalore,Karnataka,12.96889753681838,77.60011191238549,Agricultural Seeds & Fertilizer,,14.5,low,0.12,"[""Standard baseline cooperative society transaction""]",completed,2026-09-18 16:32:18.315022,2026-09-18 16:32:18.315022
1494,TXN-901494,138,TRANSFER,850.0,25000.0,24150.0,50000.0,50850.0,0,0,217,1,IMPS,UPI Web Portal,Bangalore,Karnataka,12.96889753681838,77.60011191238549,Utility & Irrigation Bill,,14.5,low,0.12,"[""Standard baseline cooperative society transaction""]",completed,2026-09-19 10:32:18.315022,2026-09-19 10:32:18.315022
1495,TXN-901495,603,TRANSFER,5000.0,100000.0,100000.0,50000.0,55000.0,0,0,1,218,UPI,Mobile Banking App,Chennai,Tamil Nadu,13.092577815418394,80.27803029508098,Share Capital Deposit,,14.5,low,0.12,"[""Standard baseline cooperative society transaction""]",completed,2026-09-16 16:33:23.985157,2026-09-16 16:33:23.985157
1496,TXN-901496,3,TRANSFER,25000.0,100000.0,100000.0,50000.0,75000.0,0,0,1,218,NEFT,Cooperative NetBanking,Chennai,Tamil Nadu,13.092577815418394,80.27803029508098,Monthly Savings Credit,,14.5,low,0.12,"[""Standard baseline cooperative society transaction""]",completed,2026-09-17 16:33:23.985157,2026-09-17 16:33:23.985157
1497,TXN-901497,403,TRANSFER,1450.0,25000.0,23550.0,50000.0,51450.0,0,0,218,1,UPI,Mobile QR Payment,Chennai,Tamil Nadu,13.092577815418394,80.27803029508098,Agricultural Seeds & Fertilizer,,14.5,low,0.12,"[""Standard baseline cooperative society transaction""]",completed,2026-09-18 16:33:23.985157,2026-09-18 16:33:23.985157
1498,TXN-901498,203,TRANSFER,850.0,25000.0,24150.0,50000.0,50850.0,0,0,218,1,IMPS,UPI Web Portal,Chennai,Tamil Nadu,13.092577815418394,80.27803029508098,Utility & Irrigation Bill,,14.5,low,0.12,"[""Standard baseline cooperative society transaction""]",completed,2026-09-19 10:33:23.985157,2026-09-19 10:33:23.985157
1499,TXN-901499,604,TRANSFER,5000.0,100000.0,100000.0,50000.0,55000.0,0,0,1,219,UPI,Mobile Banking App,Bangalore,Karnataka,12.964210629859702,77.60210912699439,Share Capital Deposit,,14.5,low,0.12,"[""Standard baseline cooperative society transaction""]",completed,2026-09-16 16:33:24.392905,2026-09-16 16:33:24.392905
1500,TXN-901500,4,TRANSFER,25000.0,100000.0,100000.0,50000.0,75000.0,0,0,1,219,NEFT,Cooperative NetBanking,Bangalore,Karnataka,12.964210629859702,77.60210912699439,Monthly Savings Credit,,14.5,low,0.12,"[""Standard baseline cooperative society transaction""]",completed,2026-09-17 16:33:24.392905,2026-09-17 16:33:24.392905
1501,TXN-901501,404,TRANSFER,1450.0,25000.0,23550.0,50000.0,51450.0,0,0,219,1,UPI,Mobile QR Payment,Bangalore,Karnataka,12.964210629859702,77.60210912699439,Agricultural Seeds & Fertilizer,,14.5,low,0.12,"[""Standard baseline cooperative society transaction""]",completed,2026-09-18 16:33:24.392905,2026-09-18 16:33:24.392905
1502,TXN-901502,204,TRANSFER,850.0,25000.0,24150.0,50000.0,50850.0,0,0,219,1,IMPS,UPI Web Portal,Bangalore,Karnataka,12.964210629859702,77.60210912699439,Utility & Irrigation Bill,,14.5,low,0.12,"[""Standard baseline cooperative society transaction""]",completed,2026-09-19 10:33:24.392905,2026-09-19 10:33:24.392905
1503,TXN-901503,675,TRANSFER,5000.0,100000.0,100000.0,50000.0,55000.0,0,0,1,220,UPI,Mobile Banking App,Chennai,Tamil Nadu,13.082047291405157,80.26496146508045,Share Capital Deposit,,14.5,low,0.12,"[""Standard baseline cooperative society transaction""]",completed,2026-09-16 16:51:15.793100,2026-09-16 16:51:15.793100
1504,TXN-901504,75,TRANSFER,25000.0,100000.0,100000.0,50000.0,75000.0,0,0,1,220,NEFT,Cooperative NetBanking,Chennai,Tamil Nadu,13.082047291405157,80.26496146508045,Monthly Savings Credit,,14.5,low,0.12,"[""Standard baseline cooperative society transaction""]",completed,2026-09-17 16:51:15.793100,2026-09-17 16:51:15.793100
1505,TXN-901505,475,TRANSFER,1450.0,25000.0,23550.0,50000.0,51450.0,0,0,220,1,UPI,Mobile QR Payment,Chennai,Tamil Nadu,13.082047291405157,80.26496146508045,Agricultural Seeds & Fertilizer,,14.5,low,0.12,"[""Standard baseline cooperative society transaction""]",completed,2026-09-18 16:51:15.793100,2026-09-18 16:51:15.793100
1506,TXN-901506,275,TRANSFER,850.0,25000.0,24150.0,50000.0,50850.0,0,0,220,1,IMPS,UPI Web Portal,Chennai,Tamil Nadu,13.082047291405157,80.26496146508045,Utility & Irrigation Bill,,14.5,low,0.12,"[""Standard baseline cooperative society transaction""]",completed,2026-09-19 10:51:15.793100,2026-09-19 10:51:15.793100
1507,TXN-901507,676,TRANSFER,5000.0,100000.0,100000.0,50000.0,55000.0,0,0,1,221,UPI,Mobile Banking App,Bangalore,Karnataka,12.968906762262023,77.59786211593918,Share Capital Deposit,,14.5,low,0.12,"[""Standard baseline cooperative society transaction""]",completed,2026-09-16 16:51:16.193293,2026-09-16 16:51:16.193293
1508,TXN-901508,76,TRANSFER,25000.0,100000.0,100000.0,50000.0,75000.0,0,0,1,221,NEFT,Cooperative NetBanking,Bangalore,Karnataka,12.968906762262023,77.59786211593918,Monthly Savings Credit,,14.5,low,0.12,"[""Standard baseline cooperative society transaction""]",completed,2026-09-17 16:51:16.193293,2026-09-17 16:51:16.193293
1509,TXN-901509,476,TRANSFER,1450.0,25000.0,23550.0,50000.0,51450.0,0,0,221,1,UPI,Mobile QR Payment,Bangalore,Karnataka,12.968906762262023,77.59786211593918,Agricultural Seeds & Fertilizer,,14.5,low,0.12,"[""Standard baseline cooperative society transaction""]",completed,2026-09-18 16:51:16.193293,2026-09-18 16:51:16.193293
1510,TXN-901510,276,TRANSFER,850.0,25000.0,24150.0,50000.0,50850.0,0,0,221,1,IMPS,UPI Web Portal,Bangalore,Karnataka,12.968906762262023,77.59786211593918,Utility & Irrigation Bill,,14.5,low,0.12,"[""Standard baseline cooperative society transaction""]",completed,2026-09-19 10:51:16.193293,2026-09-19 10:51:16.193293
1511,TXN-901511,846,TRANSFER,5000.0,100000.0,100000.0,50000.0,55000.0,0,0,1,222,UPI,Mobile Banking App,Chennai,Tamil Nadu,13.07349960206678,80.26174322747329,Share Capital Deposit,,14.5,low,0.12,"[""Standard baseline cooperative society transaction""]",completed,2026-09-17 16:30:46.372042,2026-09-17 16:30:46.372042
1512,TXN-901512,246,TRANSFER,25000.0,100000.0,100000.0,50000.0,75000.0,0,0,1,222,NEFT,Cooperative NetBanking,Chennai,Tamil Nadu,13.07349960206678,80.26174322747329,Monthly Savings Credit,,14.5,low,0.12,"[""Standard baseline cooperative society transaction""]",completed,2026-09-18 16:30:46.372042,2026-09-18 16:30:46.372042
1513,TXN-901513,646,TRANSFER,1450.0,25000.0,23550.0,50000.0,51450.0,0,0,222,1,UPI,Mobile QR Payment,Chennai,Tamil Nadu,13.07349960206678,80.26174322747329,Agricultural Seeds & Fertilizer,,14.5,low,0.12,"[""Standard baseline cooperative society transaction""]",completed,2026-09-19 16:30:46.372042,2026-09-19 16:30:46.372042
1514,TXN-901514,446,TRANSFER,850.0,25000.0,24150.0,50000.0,50850.0,0,0,222,1,IMPS,UPI Web Portal,Chennai,Tamil Nadu,13.07349960206678,80.26174322747329,Utility & Irrigation Bill,,14.5,low,0.12,"[""Standard baseline cooperative society transaction""]",completed,2026-09-20 10:30:46.372042,2026-09-20 10:30:46.372042
1515,TXN-901515,294,TRANSFER,5000.0,100000.0,100000.0,50000.0,55000.0,0,0,1,223,UPI,Mobile Banking App,Chennai,Tamil Nadu,13.082206567402126,80.27404577634255,Share Capital Deposit,,14.5,low,0.12,"[""Standard baseline cooperative society transaction""]",completed,2026-09-17 16:38:14.795474,2026-09-17 16:38:14.795474
1516,TXN-901516,694,TRANSFER,25000.0,100000.0,100000.0,50000.0,75000.0,0,0,1,223,NEFT,Cooperative NetBanking,Chennai,Tamil Nadu,13.082206567402126,80.27404577634255,Monthly Savings Credit,,14.5,low,0.12,"[""Standard baseline cooperative society transaction""]",completed,2026-09-18 16:38:14.795474,2026-09-18 16:38:14.795474
1517,TXN-901517,94,TRANSFER,1450.0,25000.0,23550.0,50000.0,51450.0,0,0,223,1,UPI,Mobile QR Payment,Chennai,Tamil Nadu,13.082206567402126,80.27404577634255,Agricultural Seeds & Fertilizer,,14.5,low,0.12,"[""Standard baseline cooperative society transaction""]",completed,2026-09-19 16:38:14.795474,2026-09-19 16:38:14.795474
1518,TXN-901518,894,TRANSFER,850.0,25000.0,24150.0,50000.0,50850.0,0,0,223,1,IMPS,UPI Web Portal,Chennai,Tamil Nadu,13.082206567402126,80.27404577634255,Utility & Irrigation Bill,,14.5,low,0.12,"[""Standard baseline cooperative society transaction""]",completed,2026-09-20 10:38:14.795474,2026-09-20 10:38:14.795474
